"Identity","SourceFile","QueryUrl","PayloadKey","AssignmentId","EntityId","ItemEntityId","FeatureId","FeatureOptions","Variant","Ct","Priority","CtOverride","StartTime","ExpireTime","RequiresNetwork","RotationPeriod","PropertiesHash","MetadataHash","PayloadHash","PayloadPreview"
"FeatureConfig.bak.json|35681102|PAYLOAD_37820325_1","FeatureConfig.bak.json","/settings/v3.0/WaaS/FeatureManagement","PAYLOAD_37820325_1","CX_a16e305bf3bd4052b7a53c7b001ed337","FX:124117A5","FV_35681102_0","35681102","2","0","","","","2022-01-20T22:42:12","2025-01-04T22:42:12","0","3600","44136fa355b3678a1146ad16f7e8649e94fb4fc21fe77e8310c060f61caaff8a","e3b0c44298fc1c149afbf4c8996fb92427ae41e4649b934ca495991b7852b855","61307e8da8947a4470ab96927891d93b1e3f4c619a38a8a4783376e29215b93d","{""f"":""raf"",""v"":""1.0"",""rdr"":[{""c"":""CDM"",""u"":""FeatureConfiguration""}],""ad"":{""class"":""content"",""collections"":[],""entityId"":""FX:124117A5"",""itemPropertyManifest"":{},""items"":[{""entityId"":""FV_35681102_0"",""featureId"":35681102,""featureOptions"":2,""properties"":{},""tracking"":{""events"":[{""id"":""impression""},{""id"":""conversion""},{""id"":""opportunity""}],""parameterized"":[]},""triggers"":[],""variant"":0}],""properties"":{},""propertyManifest"":{},""tracking"":{""events"":[{""id"":""impression""}],""parameterized"":[]},""triggers"":[]}..."
"FeatureConfig.bak.json|47557358|PAYLOAD_50653031_1","FeatureConfig.bak.json","/settings/v3.0/WaaS/FeatureManagement","PAYLOAD_50653031_1","0","FX:1304E767","","47557358","4","0","3","","","","","","","e3b0c44298fc1c149afbf4c8996fb92427ae41e4649b934ca495991b7852b855","44136fa355b3678a1146ad16f7e8649e94fb4fc21fe77e8310c060f61caaff8a","284d1be20bfa5cfc9b9a27c3b15f44a85390b76334612e3a02c4c7c34f059625","{""ad"":{""entityId"":""FX:1304E767"",""items"":[{""featureId"":47557358,""featureOptions"":4,""ct"":3,""variant"":0,""metadata"":{},""ctOverride"":null}]},""prm"":{""_id"":""0""}}"
"FeatureConfig.bak.json|49309588|PAYLOAD_50868514_1","FeatureConfig.bak.json","/settings/v3.0/WaaS/FeatureManagement","PAYLOAD_50868514_1","CX_b563a2103a0c4fc896d4757a31a6cc94","FX:13083122","FV_49309588_0","49309588","2","0","3","4","","2024-06-25T00:35:20","9999-12-31T23:59:59","0","3600","44136fa355b3678a1146ad16f7e8649e94fb4fc21fe77e8310c060f61caaff8a","44136fa355b3678a1146ad16f7e8649e94fb4fc21fe77e8310c060f61caaff8a","4f8618381c84d01caf96a2eb7de7fcc0aeb2b70daaea28469245410a12609ada","{""f"":""raf"",""v"":""1.0"",""rdr"":[{""c"":""CDM"",""u"":""FeatureConfiguration""}],""ad"":{""class"":""content"",""collections"":[],""entityId"":""FX:13083122"",""itemPropertyManifest"":{},""items"":[{""entityId"":""FV_49309588_0"",""featureId"":49309588,""featureOptions"":2,""ct"":3,""priority"":4,""properties"":{},""tracking"":{""events"":[{""id"":""impression""},{""id"":""conversion""},{""id"":""opportunity""}],""parameterized"":[]},""triggers"":[],""variant"":0,""metadata"":{},""ctOverride"":null}],""properties"":{},""propertyManifest"":{},""tracking"":{""events"":[{""i..."
"FeatureConfig.bak.json|49577493|PAYLOAD_51956272_1","FeatureConfig.bak.json","/settings/v3.0/WaaS/FeatureManagement","PAYLOAD_51956272_1","CX_0f89e07276fa4942bf8301630e484db6","FX:1318CA30","FV_49577493_0","49577493","2","0","0","4","","2024-06-25T00:35:34","9999-12-31T23:59:59","0","3600","44136fa355b3678a1146ad16f7e8649e94fb4fc21fe77e8310c060f61caaff8a","44136fa355b3678a1146ad16f7e8649e94fb4fc21fe77e8310c060f61caaff8a","976e276fb12ea1278390cb6cd31942ef3206dd9192d0516e7cbbf8fbfae60c28","{""f"":""raf"",""v"":""1.0"",""rdr"":[{""c"":""CDM"",""u"":""FeatureConfiguration""}],""ad"":{""class"":""content"",""collections"":[],""entityId"":""FX:1318CA30"",""itemPropertyManifest"":{},""items"":[{""entityId"":""FV_49577493_0"",""featureId"":49577493,""featureOptions"":2,""ct"":0,""priority"":4,""properties"":{},""tracking"":{""events"":[{""id"":""impression""},{""id"":""conversion""},{""id"":""opportunity""}],""parameterized"":[]},""triggers"":[],""variant"":0,""metadata"":{},""ctOverride"":null}],""properties"":{},""propertyManifest"":{},""tracking"":{""events"":[{""i..."
"FeatureConfig.bak.json|49239926|PAYLOAD_51956462_1","FeatureConfig.bak.json","/settings/v3.0/WaaS/FeatureManagement","PAYLOAD_51956462_1","CX_c060906944284bb0b0796a59f3cba1f7","FX:1318CAEE","FV_49239926_0","49239926","2","0","3","4","","2024-06-25T00:35:15","9999-12-31T23:59:59","0","3600","44136fa355b3678a1146ad16f7e8649e94fb4fc21fe77e8310c060f61caaff8a","44136fa355b3678a1146ad16f7e8649e94fb4fc21fe77e8310c060f61caaff8a","a807b466ee0d6c025d9c21b094d568ec777c520cfb23754430f20f562f578800","{""f"":""raf"",""v"":""1.0"",""rdr"":[{""c"":""CDM"",""u"":""FeatureConfiguration""}],""ad"":{""class"":""content"",""collections"":[],""entityId"":""FX:1318CAEE"",""itemPropertyManifest"":{},""items"":[{""entityId"":""FV_49239926_0"",""featureId"":49239926,""featureOptions"":2,""ct"":3,""priority"":4,""properties"":{},""tracking"":{""events"":[{""id"":""impression""},{""id"":""conversion""},{""id"":""opportunity""}],""parameterized"":[]},""triggers"":[],""variant"":0,""metadata"":{},""ctOverride"":null}],""properties"":{},""propertyManifest"":{},""tracking"":{""events"":[{""i..."
"FeatureConfig.bak.json|49615603|PAYLOAD_51956463_1","FeatureConfig.bak.json","/settings/v3.0/WaaS/FeatureManagement","PAYLOAD_51956463_1","CX_f59cde2faf3143a8a26d3af231244d92","FX:1318CAEF","FV_49615603_0","49615603","2","0","3","4","","2024-06-25T00:35:28","9999-12-31T23:59:59","0","3600","44136fa355b3678a1146ad16f7e8649e94fb4fc21fe77e8310c060f61caaff8a","44136fa355b3678a1146ad16f7e8649e94fb4fc21fe77e8310c060f61caaff8a","5b601d003c400090d1d1c493b480040bb421740f1630c70b412102358b80742a","{""f"":""raf"",""v"":""1.0"",""rdr"":[{""c"":""CDM"",""u"":""FeatureConfiguration""}],""ad"":{""class"":""content"",""collections"":[],""entityId"":""FX:1318CAEF"",""itemPropertyManifest"":{},""items"":[{""entityId"":""FV_49615603_0"",""featureId"":49615603,""featureOptions"":2,""ct"":3,""priority"":4,""properties"":{},""tracking"":{""events"":[{""id"":""impression""},{""id"":""conversion""},{""id"":""opportunity""}],""parameterized"":[]},""triggers"":[],""variant"":0,""metadata"":{},""ctOverride"":null}],""properties"":{},""propertyManifest"":{},""tracking"":{""events"":[{""i..."
"FeatureConfig.bak.json|49204591|PAYLOAD_51956717_1","FeatureConfig.bak.json","/settings/v3.0/WaaS/FeatureManagement","PAYLOAD_51956717_1","CX_f8e760aaa11a4f149f4016fdeab30417","FX:1318CBED","FV_49204591_0","49204591","2","0","3","4","","2024-06-25T00:35:25","9999-12-31T23:59:59","0","3600","44136fa355b3678a1146ad16f7e8649e94fb4fc21fe77e8310c060f61caaff8a","44136fa355b3678a1146ad16f7e8649e94fb4fc21fe77e8310c060f61caaff8a","5aec6460fa44d7bfa1ef1ae2f80aef4010f2edc7afcb95bb2ee59e6957b5fec0","{""f"":""raf"",""v"":""1.0"",""rdr"":[{""c"":""CDM"",""u"":""FeatureConfiguration""}],""ad"":{""class"":""content"",""collections"":[],""entityId"":""FX:1318CBED"",""itemPropertyManifest"":{},""items"":[{""entityId"":""FV_49204591_0"",""featureId"":49204591,""featureOptions"":2,""ct"":3,""priority"":4,""properties"":{},""tracking"":{""events"":[{""id"":""impression""},{""id"":""conversion""},{""id"":""opportunity""}],""parameterized"":[]},""triggers"":[],""variant"":0,""metadata"":{},""ctOverride"":null}],""properties"":{},""propertyManifest"":{},""tracking"":{""events"":[{""i..."
"FeatureConfig.bak.json|50762615|PAYLOAD_51956721_1","FeatureConfig.bak.json","/settings/v3.0/WaaS/FeatureManagement","PAYLOAD_51956721_1","CX_c3079c2da7e047cebeed88abc9193b71","FX:1318CBF1","FV_50762615_0","50762615","2","0","3","4","","2024-06-25T00:35:31","9999-12-31T23:59:59","0","3600","44136fa355b3678a1146ad16f7e8649e94fb4fc21fe77e8310c060f61caaff8a","44136fa355b3678a1146ad16f7e8649e94fb4fc21fe77e8310c060f61caaff8a","2c020eb84992f2a105c29a38b41a393fee375791106d686cb5e2402eb1b79a03","{""f"":""raf"",""v"":""1.0"",""rdr"":[{""c"":""CDM"",""u"":""FeatureConfiguration""}],""ad"":{""class"":""content"",""collections"":[],""entityId"":""FX:1318CBF1"",""itemPropertyManifest"":{},""items"":[{""entityId"":""FV_50762615_0"",""featureId"":50762615,""featureOptions"":2,""ct"":3,""priority"":4,""properties"":{},""tracking"":{""events"":[{""id"":""impression""},{""id"":""conversion""},{""id"":""opportunity""}],""parameterized"":[]},""triggers"":[],""variant"":0,""metadata"":{},""ctOverride"":null}],""properties"":{},""propertyManifest"":{},""tracking"":{""events"":[{""i..."
"FeatureConfig.bak.json|19194309|PAYLOAD_53392223_1","FeatureConfig.bak.json","/settings/v3.0/WaaS/FeatureManagement","PAYLOAD_53392223_1","3","FX:132EB35F","","19194309","4","0","1","","","","","","","e3b0c44298fc1c149afbf4c8996fb92427ae41e4649b934ca495991b7852b855","44136fa355b3678a1146ad16f7e8649e94fb4fc21fe77e8310c060f61caaff8a","52ef9969eb054d2e5be4e4144b3f33dca963eeae763f03c7084754287708442e","{""ad"":{""entityId"":""FX:132EB35F"",""items"":[{""featureId"":19194309,""featureOptions"":4,""ct"":1,""variant"":0,""metadata"":{},""ctOverride"":null}]},""prm"":{""_id"":""3""}}"
"FeatureConfig.bak.json|48780814|PAYLOAD_53661598_1","FeatureConfig.bak.json","/settings/v3.0/WaaS/FeatureManagement","PAYLOAD_53661598_1","0","FX:1332CF9E","","48780814","4","0","0","","","","","","","e3b0c44298fc1c149afbf4c8996fb92427ae41e4649b934ca495991b7852b855","44136fa355b3678a1146ad16f7e8649e94fb4fc21fe77e8310c060f61caaff8a","e0082797e43b7189d4cf7af77ecd92dd191af0653258be023d4875d486fe95f1","{""ad"":{""entityId"":""FX:1332CF9E"",""items"":[{""featureId"":48780814,""featureOptions"":4,""ct"":0,""variant"":0,""metadata"":{},""ctOverride"":null}]},""prm"":{""_id"":""0""}}"
"FeatureConfig.bak.json|51850502|PAYLOAD_54345913_2","FeatureConfig.bak.json","/settings/v3.0/WaaS/FeatureManagement","PAYLOAD_54345913_2","0","FX:233D40B9","","51850502","4","2","0","","","","","","","e3b0c44298fc1c149afbf4c8996fb92427ae41e4649b934ca495991b7852b855","44136fa355b3678a1146ad16f7e8649e94fb4fc21fe77e8310c060f61caaff8a","6148870f34189445d781dc3cab64f43436396990fee7d6aff8996cab4700f41a","{""ad"":{""entityId"":""FX:233D40B9"",""items"":[{""featureId"":51850502,""featureOptions"":4,""ct"":0,""variant"":2,""metadata"":{},""ctOverride"":null}]},""prm"":{""_id"":""0""}}"
"FeatureConfig.bak.json|52800232|PAYLOAD_54725421_1","FeatureConfig.bak.json","/settings/v3.0/WaaS/FeatureManagement","PAYLOAD_54725421_1","0","FX:13430B2D","","52800232","2","0","3","","","","","","","e3b0c44298fc1c149afbf4c8996fb92427ae41e4649b934ca495991b7852b855","44136fa355b3678a1146ad16f7e8649e94fb4fc21fe77e8310c060f61caaff8a","7a23fe5b5e3e028510fc25211e32d1038b73ab96b40096dd718745b4812c1f98","{""ad"":{""entityId"":""FX:13430B2D"",""items"":[{""featureId"":52800232,""featureOptions"":2,""ct"":3,""variant"":0,""metadata"":{},""ctOverride"":null}]},""prm"":{""_id"":""0""}}"
"FeatureConfig.bak.json|53536518|PAYLOAD_54756951_1","FeatureConfig.bak.json","/settings/v3.0/WaaS/FeatureManagement","PAYLOAD_54756951_1","0","FX:13438657","","53536518","2","0","1","","","","","","","e3b0c44298fc1c149afbf4c8996fb92427ae41e4649b934ca495991b7852b855","44136fa355b3678a1146ad16f7e8649e94fb4fc21fe77e8310c060f61caaff8a","3bb3bfc4396a6335380e0b83c1aac0b33b7d3386d621465c91f8bdcca0188939","{""ad"":{""entityId"":""FX:13438657"",""items"":[{""featureId"":53536518,""featureOptions"":2,""ct"":1,""variant"":0,""metadata"":{},""ctOverride"":null}]},""prm"":{""_id"":""0""}}"
"FeatureConfig.bak.json|44030954|PAYLOAD_54960574_1","FeatureConfig.bak.json","/settings/v3.0/WaaS/FeatureManagement","PAYLOAD_54960574_1","0","FX:1346A1BE","","44030954","2","0","3","","","","","","","e3b0c44298fc1c149afbf4c8996fb92427ae41e4649b934ca495991b7852b855","44136fa355b3678a1146ad16f7e8649e94fb4fc21fe77e8310c060f61caaff8a","33c6c490ee63839c09e0c08bac2fc6701366d619bc6963c2a2b6b0104c460302","{""ad"":{""entityId"":""FX:1346A1BE"",""items"":[{""featureId"":44030954,""featureOptions"":2,""ct"":3,""variant"":0,""metadata"":{},""ctOverride"":null}]},""prm"":{""_id"":""0""}}"
"FeatureConfig.bak.json|54642374|PAYLOAD_55343483_1","FeatureConfig.bak.json","/settings/v3.0/WaaS/FeatureManagement","PAYLOAD_55343483_1","0","FX:134C797B","","54642374","4","0","0","","","","","","","e3b0c44298fc1c149afbf4c8996fb92427ae41e4649b934ca495991b7852b855","44136fa355b3678a1146ad16f7e8649e94fb4fc21fe77e8310c060f61caaff8a","e5402a008210ebdbb551c358dd4c3f6334c8e83650e3c937b07704b4030564ac","{""ad"":{""entityId"":""FX:134C797B"",""items"":[{""featureId"":54642374,""featureOptions"":4,""ct"":0,""variant"":0,""metadata"":{},""ctOverride"":null}]},""prm"":{""_id"":""0""}}"
"FeatureConfig.bak.json|48525682|PAYLOAD_55387125_1","FeatureConfig.bak.json","/settings/v3.0/WaaS/FeatureManagement","PAYLOAD_55387125_1","0","FX:134D23F5","","48525682","2","0","3","","","","","","","e3b0c44298fc1c149afbf4c8996fb92427ae41e4649b934ca495991b7852b855","44136fa355b3678a1146ad16f7e8649e94fb4fc21fe77e8310c060f61caaff8a","84ebd4d57c8f0bc142c8797032601fd647b7fea025b2fad5b5689f164c77675e","{""ad"":{""entityId"":""FX:134D23F5"",""items"":[{""featureId"":48525682,""featureOptions"":2,""ct"":3,""variant"":0,""metadata"":{},""ctOverride"":null}]},""prm"":{""_id"":""0""}}"
"FeatureConfig.bak.json|49527529|PAYLOAD_55392586_1","FeatureConfig.bak.json","/settings/v3.0/WaaS/FeatureManagement","PAYLOAD_55392586_1","0","FX:134D394A","","49527529","2","0","3","","","","","","","e3b0c44298fc1c149afbf4c8996fb92427ae41e4649b934ca495991b7852b855","44136fa355b3678a1146ad16f7e8649e94fb4fc21fe77e8310c060f61caaff8a","d98e5b5a50c474e79d317d75d0fe0eac646f848801ca54bf427d46b078e4abba","{""ad"":{""entityId"":""FX:134D394A"",""items"":[{""featureId"":49527529,""featureOptions"":2,""ct"":3,""variant"":0,""metadata"":{},""ctOverride"":null}]},""prm"":{""_id"":""0""}}"
"FeatureConfig.bak.json|50879031|PAYLOAD_55482592_1","FeatureConfig.bak.json","/settings/v3.0/WaaS/FeatureManagement","PAYLOAD_55482592_1","0","FX:134E98E0","","50879031","2","0","3","","","","","","","e3b0c44298fc1c149afbf4c8996fb92427ae41e4649b934ca495991b7852b855","44136fa355b3678a1146ad16f7e8649e94fb4fc21fe77e8310c060f61caaff8a","35457603dbb9dc553e446415c8b0aea4f280a1145c8d1a2b2c997b5db386a6c7","{""ad"":{""entityId"":""FX:134E98E0"",""items"":[{""featureId"":50879031,""featureOptions"":2,""ct"":3,""variant"":0,""metadata"":{},""ctOverride"":null}]},""prm"":{""_id"":""0""}}"
"FeatureConfig.bak.json|47268464|PAYLOAD_55551771_1","FeatureConfig.bak.json","/settings/v3.0/WaaS/FeatureManagement","PAYLOAD_55551771_1","0","FX:134FA71B","","47268464","8","1","0","","","","","","","e3b0c44298fc1c149afbf4c8996fb92427ae41e4649b934ca495991b7852b855","44136fa355b3678a1146ad16f7e8649e94fb4fc21fe77e8310c060f61caaff8a","423b00f57f6a0bde041e3557ae7e0494d7cb52623ab5011baa90ef2149dc0ef4","{""ad"":{""entityId"":""FX:134FA71B"",""items"":[{""featureId"":47268464,""featureOptions"":8,""ct"":0,""variant"":1,""metadata"":{},""ctOverride"":null}]},""prm"":{""_id"":""0""}}"
"FeatureConfig.bak.json|55257892|PAYLOAD_55552204_1","FeatureConfig.bak.json","/settings/v3.0/WaaS/FeatureManagement","PAYLOAD_55552204_1","0","FX:134FA8CC","","55257892","4","0","0","","","","","","","e3b0c44298fc1c149afbf4c8996fb92427ae41e4649b934ca495991b7852b855","44136fa355b3678a1146ad16f7e8649e94fb4fc21fe77e8310c060f61caaff8a","1cc7182d4cce19fcfd015348d77e54c94fa3f5df07d4dd8856b741138f470aed","{""ad"":{""entityId"":""FX:134FA8CC"",""items"":[{""featureId"":55257892,""featureOptions"":4,""ct"":0,""variant"":0,""metadata"":{},""ctOverride"":null}]},""prm"":{""_id"":""0""}}"
"FeatureConfig.bak.json|54157537|PAYLOAD_55565306_1","FeatureConfig.bak.json","/settings/v3.0/WaaS/FeatureManagement","PAYLOAD_55565306_1","0","FX:134FDBFA","","54157537","2","0","1","","","","","","","e3b0c44298fc1c149afbf4c8996fb92427ae41e4649b934ca495991b7852b855","44136fa355b3678a1146ad16f7e8649e94fb4fc21fe77e8310c060f61caaff8a","11efad41b598fba37d945496a6067ff3c3e087635a6372c82b58335e8a3e8056","{""ad"":{""entityId"":""FX:134FDBFA"",""items"":[{""featureId"":54157537,""featureOptions"":2,""ct"":1,""variant"":0,""metadata"":{},""ctOverride"":null}]},""prm"":{""_id"":""0""}}"
"FeatureConfig.bak.json|55258236|PAYLOAD_55718832_1","FeatureConfig.bak.json","/settings/v3.0/WaaS/FeatureManagement","PAYLOAD_55718832_1","0","FX:135233B0","","55258236","4","0","0","","","","","","","e3b0c44298fc1c149afbf4c8996fb92427ae41e4649b934ca495991b7852b855","44136fa355b3678a1146ad16f7e8649e94fb4fc21fe77e8310c060f61caaff8a","2f2344f5d5d1897218be380ba830eb88cd0b6e10bb8e6b9b9f2da6fdf15e8118","{""ad"":{""entityId"":""FX:135233B0"",""items"":[{""featureId"":55258236,""featureOptions"":4,""ct"":0,""variant"":0,""metadata"":{},""ctOverride"":null}]},""prm"":{""_id"":""0""}}"
"FeatureConfig.bak.json|55733275|PAYLOAD_55847336_1","FeatureConfig.bak.json","/settings/v3.0/WaaS/FeatureManagement","PAYLOAD_55847336_1","0","FX:135429A8","","55733275","4","0","0","","","","","","","e3b0c44298fc1c149afbf4c8996fb92427ae41e4649b934ca495991b7852b855","44136fa355b3678a1146ad16f7e8649e94fb4fc21fe77e8310c060f61caaff8a","831362467782b9052a68eae077873b7c5077b7d18c8a78b19b34e22db6d9b9b6","{""ad"":{""entityId"":""FX:135429A8"",""items"":[{""featureId"":55733275,""featureOptions"":4,""ct"":0,""variant"":0,""metadata"":{},""ctOverride"":null}]},""prm"":{""_id"":""0""}}"
"FeatureConfig.bak.json|53421989|PAYLOAD_55949857_1","FeatureConfig.bak.json","/settings/v3.0/WaaS/FeatureManagement","PAYLOAD_55949857_1","0","FX:1355BA21","","53421989","2","0","3","","","","","","","e3b0c44298fc1c149afbf4c8996fb92427ae41e4649b934ca495991b7852b855","44136fa355b3678a1146ad16f7e8649e94fb4fc21fe77e8310c060f61caaff8a","a57ef1137607c94382df4b7dcae71707bb632056e11519b88e10837b39b5b1c1","{""ad"":{""entityId"":""FX:1355BA21"",""items"":[{""featureId"":53421989,""featureOptions"":2,""ct"":3,""variant"":0,""metadata"":{},""ctOverride"":null}]},""prm"":{""_id"":""0""}}"
"FeatureConfig.bak.json|48822452|PAYLOAD_56013155_1","FeatureConfig.bak.json","/settings/v3.0/WaaS/FeatureManagement","PAYLOAD_56013155_1","0","FX:1356B163","","48822452","2","0","3","","","","","","","e3b0c44298fc1c149afbf4c8996fb92427ae41e4649b934ca495991b7852b855","44136fa355b3678a1146ad16f7e8649e94fb4fc21fe77e8310c060f61caaff8a","dec3e9d587f5b9cacc7825d15f4487c60925cfb0e464d53ca4747efbc6d87177","{""ad"":{""entityId"":""FX:1356B163"",""items"":[{""featureId"":48822452,""featureOptions"":2,""ct"":3,""variant"":0,""metadata"":{},""ctOverride"":null}]},""prm"":{""_id"":""0""}}"
"FeatureConfig.bak.json|54627442|PAYLOAD_56036143_1","FeatureConfig.bak.json","/settings/v3.0/WaaS/FeatureManagement","PAYLOAD_56036143_1","0","FX:13570B2F","","54627442","2","0","3","","","","","","","e3b0c44298fc1c149afbf4c8996fb92427ae41e4649b934ca495991b7852b855","44136fa355b3678a1146ad16f7e8649e94fb4fc21fe77e8310c060f61caaff8a","50fbe6c8c58b920eac7e306a69059428cb17c67b84639c0c47ec8a70799906df","{""ad"":{""entityId"":""FX:13570B2F"",""items"":[{""featureId"":54627442,""featureOptions"":2,""ct"":3,""variant"":0,""metadata"":{},""ctOverride"":null}]},""prm"":{""_id"":""0""}}"
"FeatureConfig.bak.json|43572908|PAYLOAD_56036150_1","FeatureConfig.bak.json","/settings/v3.0/WaaS/FeatureManagement","PAYLOAD_56036150_1","0","FX:13570B36","","43572908","2","0","3","","","","","","","e3b0c44298fc1c149afbf4c8996fb92427ae41e4649b934ca495991b7852b855","44136fa355b3678a1146ad16f7e8649e94fb4fc21fe77e8310c060f61caaff8a","4c2184a8615c29980dd34608645234e25b2afd6b10a9e8dc102744e62242a9a8","{""ad"":{""entityId"":""FX:13570B36"",""items"":[{""featureId"":43572908,""featureOptions"":2,""ct"":3,""variant"":0,""metadata"":{},""ctOverride"":null}]},""prm"":{""_id"":""0""}}"
"FeatureConfig.bak.json|53308487|PAYLOAD_56036156_1","FeatureConfig.bak.json","/settings/v3.0/WaaS/FeatureManagement","PAYLOAD_56036156_1","0","FX:13570B3C","","53308487","2","0","3","","","","","","","e3b0c44298fc1c149afbf4c8996fb92427ae41e4649b934ca495991b7852b855","44136fa355b3678a1146ad16f7e8649e94fb4fc21fe77e8310c060f61caaff8a","ac8cdf9333c225569a9d02c44063ccca7ea99f506761af0e44f34e12f8fb64b9","{""ad"":{""entityId"":""FX:13570B3C"",""items"":[{""featureId"":53308487,""featureOptions"":2,""ct"":3,""variant"":0,""metadata"":{},""ctOverride"":null}]},""prm"":{""_id"":""0""}}"
"FeatureConfig.bak.json|51153219|PAYLOAD_56036161_1","FeatureConfig.bak.json","/settings/v3.0/WaaS/FeatureManagement","PAYLOAD_56036161_1","0","FX:13570B41","","51153219","2","0","3","","","","","","","e3b0c44298fc1c149afbf4c8996fb92427ae41e4649b934ca495991b7852b855","44136fa355b3678a1146ad16f7e8649e94fb4fc21fe77e8310c060f61caaff8a","51dd53062a688392e9595ad24c873a1e0778d242172a51f334ced59796929174","{""ad"":{""entityId"":""FX:13570B41"",""items"":[{""featureId"":51153219,""featureOptions"":2,""ct"":3,""variant"":0,""metadata"":{},""ctOverride"":null}]},""prm"":{""_id"":""0""}}"
"FeatureConfig.bak.json|46852388|PAYLOAD_56140615_1","FeatureConfig.bak.json","/settings/v3.0/WaaS/FeatureManagement","PAYLOAD_56140615_1","0","FX:1358A347","","46852388","2","0","3","","","","","","","e3b0c44298fc1c149afbf4c8996fb92427ae41e4649b934ca495991b7852b855","44136fa355b3678a1146ad16f7e8649e94fb4fc21fe77e8310c060f61caaff8a","cf9d93d68ca55f65dacb9ade2c5d59b3ccd2363753d0cdcba59f5dab14c06336","{""ad"":{""entityId"":""FX:1358A347"",""items"":[{""featureId"":46852388,""featureOptions"":2,""ct"":3,""variant"":0,""metadata"":{},""ctOverride"":null}]},""prm"":{""_id"":""0""}}"
"FeatureConfig.bak.json|50783360|PAYLOAD_56191312_1","FeatureConfig.bak.json","/settings/v3.0/WaaS/FeatureManagement","PAYLOAD_56191312_1","0","FX:13596950","","50783360","2","0","3","","","","","","","e3b0c44298fc1c149afbf4c8996fb92427ae41e4649b934ca495991b7852b855","44136fa355b3678a1146ad16f7e8649e94fb4fc21fe77e8310c060f61caaff8a","533deb37bd45072e8a70433744b157d4a8d9b7aca55af8e33af386cd86decb6e","{""ad"":{""entityId"":""FX:13596950"",""items"":[{""featureId"":50783360,""featureOptions"":2,""ct"":3,""variant"":0,""metadata"":{},""ctOverride"":null}]},""prm"":{""_id"":""0""}}"
"FeatureConfig.bak.json|53814925|PAYLOAD_56205514_1","FeatureConfig.bak.json","/settings/v3.0/WaaS/FeatureManagement","PAYLOAD_56205514_1","0","FX:1359A0CA","","53814925","2","0","3","","","","","","","e3b0c44298fc1c149afbf4c8996fb92427ae41e4649b934ca495991b7852b855","44136fa355b3678a1146ad16f7e8649e94fb4fc21fe77e8310c060f61caaff8a","b233be3ce404d4a59bca113ca8514ab33924f16222b99e1411b51aff3b290145","{""ad"":{""entityId"":""FX:1359A0CA"",""items"":[{""featureId"":53814925,""featureOptions"":2,""ct"":3,""variant"":0,""metadata"":{},""ctOverride"":null}]},""prm"":{""_id"":""0""}}"
"FeatureConfig.bak.json|51566757|PAYLOAD_56228665_1","FeatureConfig.bak.json","/settings/v3.0/WaaS/FeatureManagement","PAYLOAD_56228665_1","0","FX:1359FB39","","51566757","2","0","3","","","","","","","e3b0c44298fc1c149afbf4c8996fb92427ae41e4649b934ca495991b7852b855","44136fa355b3678a1146ad16f7e8649e94fb4fc21fe77e8310c060f61caaff8a","3ecffab725b1e333eec59d65ef825a9ee95de374294be970592aa5452dbe7b94","{""ad"":{""entityId"":""FX:1359FB39"",""items"":[{""featureId"":51566757,""featureOptions"":2,""ct"":3,""variant"":0,""metadata"":{},""ctOverride"":null}]},""prm"":{""_id"":""0""}}"
"FeatureConfig.bak.json|47961746|PAYLOAD_56239972_1","FeatureConfig.bak.json","/settings/v3.0/WaaS/FeatureManagement","PAYLOAD_56239972_1","0","FX:135A2764","","47961746","4","0","0","","","","","","","e3b0c44298fc1c149afbf4c8996fb92427ae41e4649b934ca495991b7852b855","44136fa355b3678a1146ad16f7e8649e94fb4fc21fe77e8310c060f61caaff8a","95e56590f18abdca30c69d70b73a879b044c0d8a536f5254d006fc72a2cf6fda","{""ad"":{""entityId"":""FX:135A2764"",""items"":[{""featureId"":47961746,""featureOptions"":4,""ct"":0,""variant"":0,""metadata"":{},""ctOverride"":null}]},""prm"":{""_id"":""0""}}"
"FeatureConfig.bak.json|54881606|PAYLOAD_56259853_1","FeatureConfig.bak.json","/settings/v3.0/WaaS/FeatureManagement","PAYLOAD_56259853_1","0","FX:135A750D","","54881606","2","0","3","","","","","","","e3b0c44298fc1c149afbf4c8996fb92427ae41e4649b934ca495991b7852b855","44136fa355b3678a1146ad16f7e8649e94fb4fc21fe77e8310c060f61caaff8a","8e36182cf055c92ac88a0de20d317edea29ba6e4291cc4cabb2df86a4d79fe42","{""ad"":{""entityId"":""FX:135A750D"",""items"":[{""featureId"":54881606,""featureOptions"":2,""ct"":3,""variant"":0,""metadata"":{},""ctOverride"":null}]},""prm"":{""_id"":""0""}}"
"FeatureConfig.bak.json|54418111|PAYLOAD_56321675_1","FeatureConfig.bak.json","/settings/v3.0/WaaS/FeatureManagement","PAYLOAD_56321675_1","0","FX:135B668B","","54418111","2","0","3","","","","","","","e3b0c44298fc1c149afbf4c8996fb92427ae41e4649b934ca495991b7852b855","44136fa355b3678a1146ad16f7e8649e94fb4fc21fe77e8310c060f61caaff8a","95caa65c7e5abc3c13b8ae8342a5f02441c70a56fab7b68e03715537b389e122","{""ad"":{""entityId"":""FX:135B668B"",""items"":[{""featureId"":54418111,""featureOptions"":2,""ct"":3,""variant"":0,""metadata"":{},""ctOverride"":null}]},""prm"":{""_id"":""0""}}"
"FeatureConfig.bak.json|55821866|PAYLOAD_56384011_1","FeatureConfig.bak.json","/settings/v3.0/WaaS/FeatureManagement","PAYLOAD_56384011_1","0","FX:135C5A0B","","55821866","4","0","0","","","","","","","e3b0c44298fc1c149afbf4c8996fb92427ae41e4649b934ca495991b7852b855","44136fa355b3678a1146ad16f7e8649e94fb4fc21fe77e8310c060f61caaff8a","02a0bc90027201d04cf6f37084be202dc267cc52fc1d7c6d7da48e00493a5baf","{""ad"":{""entityId"":""FX:135C5A0B"",""items"":[{""featureId"":55821866,""featureOptions"":4,""ct"":0,""variant"":0,""metadata"":{},""ctOverride"":null}]},""prm"":{""_id"":""0""}}"
"FeatureConfig.bak.json|43200402|PAYLOAD_56505603_1","FeatureConfig.bak.json","/settings/v3.0/WaaS/FeatureManagement","PAYLOAD_56505603_1","0","FX:135E3503","","43200402","2","0","3","","0","","","","","e3b0c44298fc1c149afbf4c8996fb92427ae41e4649b934ca495991b7852b855","44136fa355b3678a1146ad16f7e8649e94fb4fc21fe77e8310c060f61caaff8a","71cb3187eccd84a6420d65e4502a366c1724996a22c861f79891eb205ca32876","{""ad"":{""entityId"":""FX:135E3503"",""items"":[{""featureId"":43200402,""featureOptions"":2,""ct"":3,""variant"":0,""metadata"":{},""ctOverride"":0}]},""prm"":{""_id"":""0""}}"
"FeatureConfig.bak.json|53081723|PAYLOAD_56508047_1","FeatureConfig.bak.json","/settings/v3.0/WaaS/FeatureManagement","PAYLOAD_56508047_1","0","FX:135E3E8F","","53081723","2","0","0","","","","","","","e3b0c44298fc1c149afbf4c8996fb92427ae41e4649b934ca495991b7852b855","44136fa355b3678a1146ad16f7e8649e94fb4fc21fe77e8310c060f61caaff8a","6902f0ed83dd46523eb9e971b8af96ec39d03452705e635cac9bc756d621a5e2","{""ad"":{""entityId"":""FX:135E3E8F"",""items"":[{""featureId"":53081723,""featureOptions"":2,""ct"":0,""variant"":0,""metadata"":{},""ctOverride"":null}]},""prm"":{""_id"":""0""}}"
"FeatureConfig.bak.json|53250194|PAYLOAD_56521708_1","FeatureConfig.bak.json","/settings/v3.0/WaaS/FeatureManagement","PAYLOAD_56521708_1","0","FX:135E73EC","","53250194","4","0","0","","","","","","","e3b0c44298fc1c149afbf4c8996fb92427ae41e4649b934ca495991b7852b855","44136fa355b3678a1146ad16f7e8649e94fb4fc21fe77e8310c060f61caaff8a","4cf348a07f8db8d3656b1ae6a66b810035b3ee59e5f4ba8d29f96403efaf90d5","{""ad"":{""entityId"":""FX:135E73EC"",""items"":[{""featureId"":53250194,""featureOptions"":4,""ct"":0,""variant"":0,""metadata"":{},""ctOverride"":null}]},""prm"":{""_id"":""0""}}"
"FeatureConfig.bak.json|56392605|PAYLOAD_56522199_1","FeatureConfig.bak.json","/settings/v3.0/WaaS/FeatureManagement","PAYLOAD_56522199_1","0","FX:135E75D7","","56392605","4","0","0","","","","","","","e3b0c44298fc1c149afbf4c8996fb92427ae41e4649b934ca495991b7852b855","44136fa355b3678a1146ad16f7e8649e94fb4fc21fe77e8310c060f61caaff8a","273b4b22714e9e5efbfbb594c3c95485e16186d55c40efcda41b3525d6c10f0d","{""ad"":{""entityId"":""FX:135E75D7"",""items"":[{""featureId"":56392605,""featureOptions"":4,""ct"":0,""variant"":0,""metadata"":{},""ctOverride"":null}]},""prm"":{""_id"":""0""}}"
"FeatureConfig.bak.json|56392607|PAYLOAD_56522268_1","FeatureConfig.bak.json","/settings/v3.0/WaaS/FeatureManagement","PAYLOAD_56522268_1","0","FX:135E761C","","56392607","4","0","0","","","","","","","e3b0c44298fc1c149afbf4c8996fb92427ae41e4649b934ca495991b7852b855","44136fa355b3678a1146ad16f7e8649e94fb4fc21fe77e8310c060f61caaff8a","d2bbb5cd4c43975607b1788e0b8840679c4635bb395abc0cb7f7d8d3f8414363","{""ad"":{""entityId"":""FX:135E761C"",""items"":[{""featureId"":56392607,""featureOptions"":4,""ct"":0,""variant"":0,""metadata"":{},""ctOverride"":null}]},""prm"":{""_id"":""0""}}"
"FeatureConfig.bak.json|55182474|PAYLOAD_56630542_1","FeatureConfig.bak.json","/settings/v3.0/WaaS/FeatureManagement","PAYLOAD_56630542_1","0","FX:13601D0E","","55182474","2","0","3","","","","","","","e3b0c44298fc1c149afbf4c8996fb92427ae41e4649b934ca495991b7852b855","44136fa355b3678a1146ad16f7e8649e94fb4fc21fe77e8310c060f61caaff8a","be3ec543e01711e8da5b77b9a1ffa04f680eb5118727e00623864b2bf67f7b2d","{""ad"":{""entityId"":""FX:13601D0E"",""items"":[{""featureId"":55182474,""featureOptions"":2,""ct"":3,""variant"":0,""metadata"":{},""ctOverride"":null}]},""prm"":{""_id"":""0""}}"
"FeatureConfig.bak.json|54586575|PAYLOAD_56639465_1","FeatureConfig.bak.json","/settings/v3.0/WaaS/FeatureManagement","PAYLOAD_56639465_1","0","FX:13603FE9","","54586575","2","0","3","","","","","","","e3b0c44298fc1c149afbf4c8996fb92427ae41e4649b934ca495991b7852b855","44136fa355b3678a1146ad16f7e8649e94fb4fc21fe77e8310c060f61caaff8a","e32217f56d22950c67b8752ff03f25ae07477947123902adcb3f8d01b27a770a","{""ad"":{""entityId"":""FX:13603FE9"",""items"":[{""featureId"":54586575,""featureOptions"":2,""ct"":3,""variant"":0,""metadata"":{},""ctOverride"":null}]},""prm"":{""_id"":""0""}}"
"FeatureConfig.bak.json|48895077|PAYLOAD_56642688_1","FeatureConfig.bak.json","/settings/v3.0/WaaS/FeatureManagement","PAYLOAD_56642688_1","0","FX:13604C80","","48895077","2","0","3","","","","","","","e3b0c44298fc1c149afbf4c8996fb92427ae41e4649b934ca495991b7852b855","44136fa355b3678a1146ad16f7e8649e94fb4fc21fe77e8310c060f61caaff8a","733ec33395aff37235762bcc19280b97684cdafd494f65d353b68e391d022dbd","{""ad"":{""entityId"":""FX:13604C80"",""items"":[{""featureId"":48895077,""featureOptions"":2,""ct"":3,""variant"":0,""metadata"":{},""ctOverride"":null}]},""prm"":{""_id"":""0""}}"
"FeatureConfig.bak.json|53039167|PAYLOAD_56697503_1","FeatureConfig.bak.json","/settings/v3.0/WaaS/FeatureManagement","PAYLOAD_56697503_1","0","FX:1361229F","","53039167","2","0","3","","","","","","","e3b0c44298fc1c149afbf4c8996fb92427ae41e4649b934ca495991b7852b855","44136fa355b3678a1146ad16f7e8649e94fb4fc21fe77e8310c060f61caaff8a","b315670950747c648708118c096bdd9d0865230799f7ad6e1ecea5bff92d3f94","{""ad"":{""entityId"":""FX:1361229F"",""items"":[{""featureId"":53039167,""featureOptions"":2,""ct"":3,""variant"":0,""metadata"":{},""ctOverride"":null}]},""prm"":{""_id"":""0""}}"
"FeatureConfig.bak.json|52536226|PAYLOAD_56699976_1","FeatureConfig.bak.json","/settings/v3.0/WaaS/FeatureManagement","PAYLOAD_56699976_1","0","FX:13612C48","","52536226","2","0","0","","","","","","","e3b0c44298fc1c149afbf4c8996fb92427ae41e4649b934ca495991b7852b855","44136fa355b3678a1146ad16f7e8649e94fb4fc21fe77e8310c060f61caaff8a","266aa11d5e00201cc2062e62e1561a870630077e0d986b163cf29ef1bcaf6f43","{""ad"":{""entityId"":""FX:13612C48"",""items"":[{""featureId"":52536226,""featureOptions"":2,""ct"":0,""variant"":0,""metadata"":{},""ctOverride"":null}]},""prm"":{""_id"":""0""}}"
"FeatureConfig.bak.json|45738940|PAYLOAD_56730232_1","FeatureConfig.bak.json","/settings/v3.0/WaaS/FeatureManagement","PAYLOAD_56730232_1","0","FX:1361A278","","45738940","2","0","3","","","","","","","e3b0c44298fc1c149afbf4c8996fb92427ae41e4649b934ca495991b7852b855","44136fa355b3678a1146ad16f7e8649e94fb4fc21fe77e8310c060f61caaff8a","e8a8f2e30fbf50e944be4f95c0d837ab768e24404f1a842d665229145c9b41ad","{""ad"":{""entityId"":""FX:1361A278"",""items"":[{""featureId"":45738940,""featureOptions"":2,""ct"":3,""variant"":0,""metadata"":{},""ctOverride"":null}]},""prm"":{""_id"":""0""}}"
"FeatureConfig.bak.json|55537300|PAYLOAD_56755372_1","FeatureConfig.bak.json","/settings/v3.0/WaaS/FeatureManagement","PAYLOAD_56755372_1","0","FX:136204AC","","55537300","2","0","3","","","","","","","e3b0c44298fc1c149afbf4c8996fb92427ae41e4649b934ca495991b7852b855","44136fa355b3678a1146ad16f7e8649e94fb4fc21fe77e8310c060f61caaff8a","94e4891ae2fc972db34ad469290afe614939e368b64ac41cd334238a9b709621","{""ad"":{""entityId"":""FX:136204AC"",""items"":[{""featureId"":55537300,""featureOptions"":2,""ct"":3,""variant"":0,""metadata"":{},""ctOverride"":null}]},""prm"":{""_id"":""0""}}"
"FeatureConfig.bak.json|52058799|PAYLOAD_56770262_1","FeatureConfig.bak.json","/settings/v3.0/WaaS/FeatureManagement","PAYLOAD_56770262_1","0","FX:13623ED6","","52058799","4","0","0","","","","","","","e3b0c44298fc1c149afbf4c8996fb92427ae41e4649b934ca495991b7852b855","44136fa355b3678a1146ad16f7e8649e94fb4fc21fe77e8310c060f61caaff8a","9faedf941dd4afeb01bc0a88fbdea28ec558d0de39c5cbcb5b4aa6692b0e64bb","{""ad"":{""entityId"":""FX:13623ED6"",""items"":[{""featureId"":52058799,""featureOptions"":4,""ct"":0,""variant"":0,""metadata"":{},""ctOverride"":null}]},""prm"":{""_id"":""0""}}"
"FeatureConfig.bak.json|44929832|PAYLOAD_56790199_1","FeatureConfig.bak.json","/settings/v3.0/WaaS/FeatureManagement","PAYLOAD_56790199_1","0","FX:13628CB7","","44929832","2","0","3","","","","","","","e3b0c44298fc1c149afbf4c8996fb92427ae41e4649b934ca495991b7852b855","44136fa355b3678a1146ad16f7e8649e94fb4fc21fe77e8310c060f61caaff8a","6e14c0d851b02d9ce3ca51360dc445bf7c20e9d433a5f6783a2440c64b868443","{""ad"":{""entityId"":""FX:13628CB7"",""items"":[{""featureId"":44929832,""featureOptions"":2,""ct"":3,""variant"":0,""metadata"":{},""ctOverride"":null}]},""prm"":{""_id"":""0""}}"
"FeatureConfig.bak.json|55385540|PAYLOAD_56846206_1","FeatureConfig.bak.json","/settings/v3.0/WaaS/FeatureManagement","PAYLOAD_56846206_1","0","FX:1363677E","","55385540","2","0","3","","","","","","","e3b0c44298fc1c149afbf4c8996fb92427ae41e4649b934ca495991b7852b855","44136fa355b3678a1146ad16f7e8649e94fb4fc21fe77e8310c060f61caaff8a","48e78dd9d80ed754e2b33eaf4d80d5bac9e3ccecac1ae0ceed44c40d3474efb8","{""ad"":{""entityId"":""FX:1363677E"",""items"":[{""featureId"":55385540,""featureOptions"":2,""ct"":3,""variant"":0,""metadata"":{},""ctOverride"":null}]},""prm"":{""_id"":""0""}}"
"FeatureConfig.bak.json|44574507|PAYLOAD_56877254_1","FeatureConfig.bak.json","/settings/v3.0/WaaS/FeatureManagement","PAYLOAD_56877254_1","0","FX:1363E0C6","","44574507","4","0","0","","","","","","","e3b0c44298fc1c149afbf4c8996fb92427ae41e4649b934ca495991b7852b855","44136fa355b3678a1146ad16f7e8649e94fb4fc21fe77e8310c060f61caaff8a","03d5c188544391e6dd7c3658c8f803e24fd936809cd92f870df607416632c9a3","{""ad"":{""entityId"":""FX:1363E0C6"",""items"":[{""featureId"":44574507,""featureOptions"":4,""ct"":0,""variant"":0,""metadata"":{},""ctOverride"":null}]},""prm"":{""_id"":""0""}}"
"FeatureConfig.bak.json|52973182|PAYLOAD_56880759_1","FeatureConfig.bak.json","/settings/v3.0/WaaS/FeatureManagement","PAYLOAD_56880759_1","0","FX:1363EE77","","52973182","2","0","3","","","","","","","e3b0c44298fc1c149afbf4c8996fb92427ae41e4649b934ca495991b7852b855","44136fa355b3678a1146ad16f7e8649e94fb4fc21fe77e8310c060f61caaff8a","b3eac41375fae642c03c7c9e9aaed352e6031bd0ace83e4ed2223f0aff671c0d","{""ad"":{""entityId"":""FX:1363EE77"",""items"":[{""featureId"":52973182,""featureOptions"":2,""ct"":3,""variant"":0,""metadata"":{},""ctOverride"":null}]},""prm"":{""_id"":""0""}}"
"FeatureConfig.bak.json|45286394|PAYLOAD_56895353_1","FeatureConfig.bak.json","/settings/v3.0/WaaS/FeatureManagement","PAYLOAD_56895353_1","0","FX:13642779","","45286394","2","0","1","","","","","","","e3b0c44298fc1c149afbf4c8996fb92427ae41e4649b934ca495991b7852b855","44136fa355b3678a1146ad16f7e8649e94fb4fc21fe77e8310c060f61caaff8a","08326fc051c1d921fc6c6270eb601c169bf8e4cef517de6ac10cc24503db93b1","{""ad"":{""entityId"":""FX:13642779"",""items"":[{""featureId"":45286394,""featureOptions"":2,""ct"":1,""variant"":0,""metadata"":{},""ctOverride"":null}]},""prm"":{""_id"":""0""}}"
"FeatureConfig.bak.json|51534709|PAYLOAD_56895354_1","FeatureConfig.bak.json","/settings/v3.0/WaaS/FeatureManagement","PAYLOAD_56895354_1","0","FX:1364277A","","51534709","2","0","1","","","","","","","e3b0c44298fc1c149afbf4c8996fb92427ae41e4649b934ca495991b7852b855","44136fa355b3678a1146ad16f7e8649e94fb4fc21fe77e8310c060f61caaff8a","b9cc7c6fa3fa3ce06817e01f522707e746ce40f107b8d58297b4b9e5c71988da","{""ad"":{""entityId"":""FX:1364277A"",""items"":[{""featureId"":51534709,""featureOptions"":2,""ct"":1,""variant"":0,""metadata"":{},""ctOverride"":null}]},""prm"":{""_id"":""0""}}"
"FeatureConfig.bak.json|54630686|PAYLOAD_56898053_1","FeatureConfig.bak.json","/settings/v3.0/WaaS/FeatureManagement","PAYLOAD_56898053_1","0","FX:13643205","","54630686","4","0","0","","","","","","","e3b0c44298fc1c149afbf4c8996fb92427ae41e4649b934ca495991b7852b855","44136fa355b3678a1146ad16f7e8649e94fb4fc21fe77e8310c060f61caaff8a","c06d944996790a49d70ae2c281d01fb488b152c4b39fc779afcd3dc988281929","{""ad"":{""entityId"":""FX:13643205"",""items"":[{""featureId"":54630686,""featureOptions"":4,""ct"":0,""variant"":0,""metadata"":{},""ctOverride"":null}]},""prm"":{""_id"":""0""}}"
"FeatureConfig.bak.json|54464903|PAYLOAD_56902719_1","FeatureConfig.bak.json","/settings/v3.0/WaaS/FeatureManagement","PAYLOAD_56902719_1","0","FX:1364443F","","54464903","2","0","3","","","","","","","e3b0c44298fc1c149afbf4c8996fb92427ae41e4649b934ca495991b7852b855","44136fa355b3678a1146ad16f7e8649e94fb4fc21fe77e8310c060f61caaff8a","6fb1543973ed2a0c19fd33edffe1aedf76e4b699ecb278d3977043fe87facbe4","{""ad"":{""entityId"":""FX:1364443F"",""items"":[{""featureId"":54464903,""featureOptions"":2,""ct"":3,""variant"":0,""metadata"":{},""ctOverride"":null}]},""prm"":{""_id"":""0""}}"
"FeatureConfig.bak.json|56856345|PAYLOAD_56915228_1","FeatureConfig.bak.json","/settings/v3.0/WaaS/FeatureManagement","PAYLOAD_56915228_1","0","FX:1364751C","","56856345","4","0","0","","","","","","","e3b0c44298fc1c149afbf4c8996fb92427ae41e4649b934ca495991b7852b855","44136fa355b3678a1146ad16f7e8649e94fb4fc21fe77e8310c060f61caaff8a","e79596bb5fe35833cf3fe3de6305efc60f15b9df4d3f9c398d71150ed1a0b5db","{""ad"":{""entityId"":""FX:1364751C"",""items"":[{""featureId"":56856345,""featureOptions"":4,""ct"":0,""variant"":0,""metadata"":{},""ctOverride"":null}]},""prm"":{""_id"":""0""}}"
"FeatureConfig.bak.json|56856220|PAYLOAD_56915244_1","FeatureConfig.bak.json","/settings/v3.0/WaaS/FeatureManagement","PAYLOAD_56915244_1","0","FX:1364752C","","56856220","4","0","0","","","","","","","e3b0c44298fc1c149afbf4c8996fb92427ae41e4649b934ca495991b7852b855","44136fa355b3678a1146ad16f7e8649e94fb4fc21fe77e8310c060f61caaff8a","325baa02bec98e9302412bb5d6229bc122238721bcafda96bc211a410b4d3f3a","{""ad"":{""entityId"":""FX:1364752C"",""items"":[{""featureId"":56856220,""featureOptions"":4,""ct"":0,""variant"":0,""metadata"":{},""ctOverride"":null}]},""prm"":{""_id"":""0""}}"
"FeatureConfig.bak.json|56258650|PAYLOAD_56923369_1","FeatureConfig.bak.json","/settings/v3.0/WaaS/FeatureManagement","PAYLOAD_56923369_1","0","FX:136494E9","","56258650","2","0","3","","","","","","","e3b0c44298fc1c149afbf4c8996fb92427ae41e4649b934ca495991b7852b855","44136fa355b3678a1146ad16f7e8649e94fb4fc21fe77e8310c060f61caaff8a","86a84b341afd2cc42de6545d8053020b4078625c2dd486854360456b4f232523","{""ad"":{""entityId"":""FX:136494E9"",""items"":[{""featureId"":56258650,""featureOptions"":2,""ct"":3,""variant"":0,""metadata"":{},""ctOverride"":null}]},""prm"":{""_id"":""0""}}"
"FeatureConfig.bak.json|51804928|PAYLOAD_57005792_1","FeatureConfig.bak.json","/settings/v3.0/WaaS/FeatureManagement","PAYLOAD_57005792_1","0","FX:1365D6E0","","51804928","2","0","3","","","","","","","e3b0c44298fc1c149afbf4c8996fb92427ae41e4649b934ca495991b7852b855","44136fa355b3678a1146ad16f7e8649e94fb4fc21fe77e8310c060f61caaff8a","babb89cced11181ec41e7eda021a42059a97a90a89240396fe2901f257cf5dc5","{""ad"":{""entityId"":""FX:1365D6E0"",""items"":[{""featureId"":51804928,""featureOptions"":2,""ct"":3,""variant"":0,""metadata"":{},""ctOverride"":null}]},""prm"":{""_id"":""0""}}"
"FeatureConfig.bak.json|54267862|PAYLOAD_57005793_1","FeatureConfig.bak.json","/settings/v3.0/WaaS/FeatureManagement","PAYLOAD_57005793_1","0","FX:1365D6E1","","54267862","2","0","0","","","","","","","e3b0c44298fc1c149afbf4c8996fb92427ae41e4649b934ca495991b7852b855","44136fa355b3678a1146ad16f7e8649e94fb4fc21fe77e8310c060f61caaff8a","61df4ba88889b34b88967751febb70c18c18694c5b3375f9edb98c20e154df49","{""ad"":{""entityId"":""FX:1365D6E1"",""items"":[{""featureId"":54267862,""featureOptions"":2,""ct"":0,""variant"":0,""metadata"":{},""ctOverride"":null}]},""prm"":{""_id"":""0""}}"
"FeatureConfig.bak.json|56326510|PAYLOAD_57018373_1","FeatureConfig.bak.json","/settings/v3.0/WaaS/FeatureManagement","PAYLOAD_57018373_1","0","FX:13660805","","56326510","2","0","3","","","","","","","e3b0c44298fc1c149afbf4c8996fb92427ae41e4649b934ca495991b7852b855","44136fa355b3678a1146ad16f7e8649e94fb4fc21fe77e8310c060f61caaff8a","d4932a0f0d26338542d2196a37d9dad7c7f290661902f629b55e285253db83f3","{""ad"":{""entityId"":""FX:13660805"",""items"":[{""featureId"":56326510,""featureOptions"":2,""ct"":3,""variant"":0,""metadata"":{},""ctOverride"":null}]},""prm"":{""_id"":""0""}}"
"FeatureConfig.bak.json|56220122|PAYLOAD_57084984_1","FeatureConfig.bak.json","/settings/v3.0/WaaS/FeatureManagement","PAYLOAD_57084984_1","0","FX:13670C38","","56220122","2","0","3","","","","","","","e3b0c44298fc1c149afbf4c8996fb92427ae41e4649b934ca495991b7852b855","44136fa355b3678a1146ad16f7e8649e94fb4fc21fe77e8310c060f61caaff8a","172fdbe108363a245f7995cc030655f065fc6b83515bc5ce23bc40bde79f813b","{""ad"":{""entityId"":""FX:13670C38"",""items"":[{""featureId"":56220122,""featureOptions"":2,""ct"":3,""variant"":0,""metadata"":{},""ctOverride"":null}]},""prm"":{""_id"":""0""}}"
"FeatureConfig.bak.json|56502042|PAYLOAD_57102053_1","FeatureConfig.bak.json","/settings/v3.0/WaaS/FeatureManagement","PAYLOAD_57102053_1","0","FX:13674EE5","","56502042","4","0","0","","","","","","","e3b0c44298fc1c149afbf4c8996fb92427ae41e4649b934ca495991b7852b855","44136fa355b3678a1146ad16f7e8649e94fb4fc21fe77e8310c060f61caaff8a","92bbaf869601c93412cceea7db9cc1fe7e6df0a7aa1198dac1392928685e5523","{""ad"":{""entityId"":""FX:13674EE5"",""items"":[{""featureId"":56502042,""featureOptions"":4,""ct"":0,""variant"":0,""metadata"":{},""ctOverride"":null}]},""prm"":{""_id"":""0""}}"
"FeatureConfig.bak.json|55011675|PAYLOAD_57122669_1","FeatureConfig.bak.json","/settings/v3.0/WaaS/FeatureManagement","PAYLOAD_57122669_1","0","FX:13679F6D","","55011675","2","0","3","","","","","","","e3b0c44298fc1c149afbf4c8996fb92427ae41e4649b934ca495991b7852b855","44136fa355b3678a1146ad16f7e8649e94fb4fc21fe77e8310c060f61caaff8a","15e2c4802483acd4f1b12dfc9fbd577d7907df457e5cf87a79592f5ca921676e","{""ad"":{""entityId"":""FX:13679F6D"",""items"":[{""featureId"":55011675,""featureOptions"":2,""ct"":3,""variant"":0,""metadata"":{},""ctOverride"":null}]},""prm"":{""_id"":""0""}}"
"FeatureConfig.bak.json|53858120|PAYLOAD_57152417_1","FeatureConfig.bak.json","/settings/v3.0/WaaS/FeatureManagement","PAYLOAD_57152417_1","0","FX:136813A1","","53858120","2","0","1","","","","","","","e3b0c44298fc1c149afbf4c8996fb92427ae41e4649b934ca495991b7852b855","44136fa355b3678a1146ad16f7e8649e94fb4fc21fe77e8310c060f61caaff8a","94f392c525835e1f305344bf54a14d8024609f15f10b11733eb4f175cf173aee","{""ad"":{""entityId"":""FX:136813A1"",""items"":[{""featureId"":53858120,""featureOptions"":2,""ct"":1,""variant"":0,""metadata"":{},""ctOverride"":null}]},""prm"":{""_id"":""0""}}"
"FeatureConfig.bak.json|54917906|PAYLOAD_57169058_1","FeatureConfig.bak.json","/settings/v3.0/WaaS/FeatureManagement","PAYLOAD_57169058_1","0","FX:136854A2","","54917906","2","0","3","","","","","","","e3b0c44298fc1c149afbf4c8996fb92427ae41e4649b934ca495991b7852b855","44136fa355b3678a1146ad16f7e8649e94fb4fc21fe77e8310c060f61caaff8a","980ea7b1dc5b367f8adb7906680c06c3b187b1909eb31b02068835d111225d3a","{""ad"":{""entityId"":""FX:136854A2"",""items"":[{""featureId"":54917906,""featureOptions"":2,""ct"":3,""variant"":0,""metadata"":{},""ctOverride"":null}]},""prm"":{""_id"":""0""}}"
"FeatureConfig.bak.json|55182690|PAYLOAD_57171112_1","FeatureConfig.bak.json","/settings/v3.0/WaaS/FeatureManagement","PAYLOAD_57171112_1","0","FX:13685CA8","","55182690","2","0","3","","3","","","","","e3b0c44298fc1c149afbf4c8996fb92427ae41e4649b934ca495991b7852b855","44136fa355b3678a1146ad16f7e8649e94fb4fc21fe77e8310c060f61caaff8a","ab062b05ba2b7e611b53fc7db5e0d34d7cb8ed38fb22e9e47d2da2f16598483e","{""ad"":{""entityId"":""FX:13685CA8"",""items"":[{""featureId"":55182690,""featureOptions"":2,""ct"":3,""variant"":0,""metadata"":{},""ctOverride"":3}]},""prm"":{""_id"":""0""}}"
"FeatureConfig.bak.json|51809855|PAYLOAD_57206962_1","FeatureConfig.bak.json","/settings/v3.0/WaaS/FeatureManagement","PAYLOAD_57206962_1","0","FX:1368E8B2","","51809855","2","0","1","","","","","","","e3b0c44298fc1c149afbf4c8996fb92427ae41e4649b934ca495991b7852b855","44136fa355b3678a1146ad16f7e8649e94fb4fc21fe77e8310c060f61caaff8a","4d194c3d312d1165c2973342f23c51ec265ee3355f810ad2a22252f872f5eb84","{""ad"":{""entityId"":""FX:1368E8B2"",""items"":[{""featureId"":51809855,""featureOptions"":2,""ct"":1,""variant"":0,""metadata"":{},""ctOverride"":null}]},""prm"":{""_id"":""0""}}"
"FeatureConfig.bak.json|56051176|PAYLOAD_57207007_1","FeatureConfig.bak.json","/settings/v3.0/WaaS/FeatureManagement","PAYLOAD_57207007_1","0","FX:1368E8DF","","56051176","2","0","3","","","","","","","e3b0c44298fc1c149afbf4c8996fb92427ae41e4649b934ca495991b7852b855","44136fa355b3678a1146ad16f7e8649e94fb4fc21fe77e8310c060f61caaff8a","17b3b6291f4f736312718b0d91bf3b1917a4a9c0ddd91209f6c33278d6267174","{""ad"":{""entityId"":""FX:1368E8DF"",""items"":[{""featureId"":56051176,""featureOptions"":2,""ct"":3,""variant"":0,""metadata"":{},""ctOverride"":null}]},""prm"":{""_id"":""0""}}"
"FeatureConfig.bak.json|56539790|PAYLOAD_57259682_1","FeatureConfig.bak.json","/settings/v3.0/WaaS/FeatureManagement","PAYLOAD_57259682_1","0","FX:1369B6A2","","56539790","2","0","1","","","","","","","e3b0c44298fc1c149afbf4c8996fb92427ae41e4649b934ca495991b7852b855","44136fa355b3678a1146ad16f7e8649e94fb4fc21fe77e8310c060f61caaff8a","9a8896c624b9fa2527e44eaeeb628aa7d32d1a5835d0e1b87cd1e79738750fe2","{""ad"":{""entityId"":""FX:1369B6A2"",""items"":[{""featureId"":56539790,""featureOptions"":2,""ct"":1,""variant"":0,""metadata"":{},""ctOverride"":null}]},""prm"":{""_id"":""0""}}"
"FeatureConfig.bak.json|47375114|PAYLOAD_57279966_1","FeatureConfig.bak.json","/settings/v3.0/WaaS/FeatureManagement","PAYLOAD_57279966_1","0","FX:136A05DE","","47375114","2","0","0","","","","","","","e3b0c44298fc1c149afbf4c8996fb92427ae41e4649b934ca495991b7852b855","44136fa355b3678a1146ad16f7e8649e94fb4fc21fe77e8310c060f61caaff8a","4f39bbab2f2780c7e0eed736cdb78badada04d839680a2c6978b4d3647ee7956","{""ad"":{""entityId"":""FX:136A05DE"",""items"":[{""featureId"":47375114,""featureOptions"":2,""ct"":0,""variant"":0,""metadata"":{},""ctOverride"":null}]},""prm"":{""_id"":""0""}}"
"FeatureConfig.bak.json|55823572|PAYLOAD_57294644_1","FeatureConfig.bak.json","/settings/v3.0/WaaS/FeatureManagement","PAYLOAD_57294644_1","0","FX:136A3F34","","55823572","2","0","3","","","","","","","e3b0c44298fc1c149afbf4c8996fb92427ae41e4649b934ca495991b7852b855","44136fa355b3678a1146ad16f7e8649e94fb4fc21fe77e8310c060f61caaff8a","219d63aee327c8c0f24c58db4de90821c969ea7e4889bc236ae0f3e92ef19af0","{""ad"":{""entityId"":""FX:136A3F34"",""items"":[{""featureId"":55823572,""featureOptions"":2,""ct"":3,""variant"":0,""metadata"":{},""ctOverride"":null}]},""prm"":{""_id"":""0""}}"
"FeatureConfig.bak.json|48559195|PAYLOAD_57306019_1","FeatureConfig.bak.json","/settings/v3.0/WaaS/FeatureManagement","PAYLOAD_57306019_1","0","FX:136A6BA3","","48559195","4","0","0","","","","","","","e3b0c44298fc1c149afbf4c8996fb92427ae41e4649b934ca495991b7852b855","44136fa355b3678a1146ad16f7e8649e94fb4fc21fe77e8310c060f61caaff8a","3f48c486542f2ca0b845de458569e65d30d0f27f0c6cfd59d97b3d1cd3c904e9","{""ad"":{""entityId"":""FX:136A6BA3"",""items"":[{""featureId"":48559195,""featureOptions"":4,""ct"":0,""variant"":0,""metadata"":{},""ctOverride"":null}]},""prm"":{""_id"":""0""}}"
"FeatureConfig.bak.json|48742963|PAYLOAD_57306037_1","FeatureConfig.bak.json","/settings/v3.0/WaaS/FeatureManagement","PAYLOAD_57306037_1","0","FX:136A6BB5","","48742963","4","0","0","","","","","","","e3b0c44298fc1c149afbf4c8996fb92427ae41e4649b934ca495991b7852b855","44136fa355b3678a1146ad16f7e8649e94fb4fc21fe77e8310c060f61caaff8a","6af2dcea6738088d95a98231bd986b54dea0484a9b8361989e1bd93f0d5812ab","{""ad"":{""entityId"":""FX:136A6BB5"",""items"":[{""featureId"":48742963,""featureOptions"":4,""ct"":0,""variant"":0,""metadata"":{},""ctOverride"":null}]},""prm"":{""_id"":""0""}}"
"FeatureConfig.bak.json|54756137|PAYLOAD_57368518_1","FeatureConfig.bak.json","/settings/v3.0/WaaS/FeatureManagement","PAYLOAD_57368518_1","0","FX:136B5FC6","","54756137","2","0","3","","","","","","","e3b0c44298fc1c149afbf4c8996fb92427ae41e4649b934ca495991b7852b855","44136fa355b3678a1146ad16f7e8649e94fb4fc21fe77e8310c060f61caaff8a","9771b37cc0cc14a2609fea446575734310d84de539a8e677cc2f80ac2d12200e","{""ad"":{""entityId"":""FX:136B5FC6"",""items"":[{""featureId"":54756137,""featureOptions"":2,""ct"":3,""variant"":0,""metadata"":{},""ctOverride"":null}]},""prm"":{""_id"":""0""}}"
"FeatureConfig.bak.json|56500437|PAYLOAD_57386149_1","FeatureConfig.bak.json","/settings/v3.0/WaaS/FeatureManagement","PAYLOAD_57386149_1","0","FX:136BA4A5","","56500437","2","0","3","","","","","","","e3b0c44298fc1c149afbf4c8996fb92427ae41e4649b934ca495991b7852b855","44136fa355b3678a1146ad16f7e8649e94fb4fc21fe77e8310c060f61caaff8a","14af761f12133ab6b60fec97826d67cf7e0ef11669ec3b72d5fc4ab69f030a7e","{""ad"":{""entityId"":""FX:136BA4A5"",""items"":[{""featureId"":56500437,""featureOptions"":2,""ct"":3,""variant"":0,""metadata"":{},""ctOverride"":null}]},""prm"":{""_id"":""0""}}"
"FeatureConfig.bak.json|56864294|PAYLOAD_57436245_1","FeatureConfig.bak.json","/settings/v3.0/WaaS/FeatureManagement","PAYLOAD_57436245_1","0","FX:136C6855","","56864294","2","0","3","","","","","","","e3b0c44298fc1c149afbf4c8996fb92427ae41e4649b934ca495991b7852b855","44136fa355b3678a1146ad16f7e8649e94fb4fc21fe77e8310c060f61caaff8a","a83ca995444a132d322e097affd0ee475c3a3c8e7116a12a1843e2a444b04734","{""ad"":{""entityId"":""FX:136C6855"",""items"":[{""featureId"":56864294,""featureOptions"":2,""ct"":3,""variant"":0,""metadata"":{},""ctOverride"":null}]},""prm"":{""_id"":""0""}}"
"FeatureConfig.bak.json|56777229|PAYLOAD_57509648_1","FeatureConfig.bak.json","/settings/v3.0/WaaS/FeatureManagement","PAYLOAD_57509648_1","0","FX:136D8710","","56777229","2","0","0","","","","","","","e3b0c44298fc1c149afbf4c8996fb92427ae41e4649b934ca495991b7852b855","44136fa355b3678a1146ad16f7e8649e94fb4fc21fe77e8310c060f61caaff8a","e7e549c8af34a83422e76959403638afcd4d0ae41f70b4a1b5e15473e5bb8772","{""ad"":{""entityId"":""FX:136D8710"",""items"":[{""featureId"":56777229,""featureOptions"":2,""ct"":0,""variant"":0,""metadata"":{},""ctOverride"":null}]},""prm"":{""_id"":""0""}}"
"FeatureConfig.bak.json|53086435|PAYLOAD_57524432_1","FeatureConfig.bak.json","/settings/v3.0/WaaS/FeatureManagement","PAYLOAD_57524432_1","0","FX:136DC0D0","","53086435","18","0","3","","1","","","","","e3b0c44298fc1c149afbf4c8996fb92427ae41e4649b934ca495991b7852b855","44136fa355b3678a1146ad16f7e8649e94fb4fc21fe77e8310c060f61caaff8a","36ee00a79aa97ecac2412adc9e0cd1cd227ebf0f866f9eae2154fde53fc5eecf","{""ad"":{""entityId"":""FX:136DC0D0"",""items"":[{""featureId"":53086435,""featureOptions"":18,""ct"":3,""variant"":0,""rolloutType"":0,""metadata"":{},""ctOverride"":1}]},""prm"":{""_id"":""0""}}"
"FeatureConfig.bak.json|39541095|PAYLOAD_57526524_1","FeatureConfig.bak.json","/settings/v3.0/WaaS/FeatureManagement","PAYLOAD_57526524_1","0","FX:136DC8FC","","39541095","2","0","1","","","","","","","e3b0c44298fc1c149afbf4c8996fb92427ae41e4649b934ca495991b7852b855","44136fa355b3678a1146ad16f7e8649e94fb4fc21fe77e8310c060f61caaff8a","38cd5577965c1e56a625bf56f67a962e81840b8667b5c845804b6252e8e60e17","{""ad"":{""entityId"":""FX:136DC8FC"",""items"":[{""featureId"":39541095,""featureOptions"":2,""ct"":1,""variant"":0,""metadata"":{},""ctOverride"":null}]},""prm"":{""_id"":""0""}}"
"FeatureConfig.bak.json|57159141|PAYLOAD_57637960_1","FeatureConfig.bak.json","/settings/v3.0/WaaS/FeatureManagement","PAYLOAD_57637960_1","0","FX:136F7C48","","57159141","2","0","3","","","","","","","e3b0c44298fc1c149afbf4c8996fb92427ae41e4649b934ca495991b7852b855","44136fa355b3678a1146ad16f7e8649e94fb4fc21fe77e8310c060f61caaff8a","02845683168ac3a95529583f697ae62d735a33942e550b94192b989bd2145904","{""ad"":{""entityId"":""FX:136F7C48"",""items"":[{""featureId"":57159141,""featureOptions"":2,""ct"":3,""variant"":0,""metadata"":{},""ctOverride"":null}]},""prm"":{""_id"":""0""}}"
"FeatureConfig.bak.json|55561310|PAYLOAD_57640346_1","FeatureConfig.bak.json","/settings/v3.0/WaaS/FeatureManagement","PAYLOAD_57640346_1","0","FX:136F859A","","55561310","2","0","3","","","","","","","e3b0c44298fc1c149afbf4c8996fb92427ae41e4649b934ca495991b7852b855","44136fa355b3678a1146ad16f7e8649e94fb4fc21fe77e8310c060f61caaff8a","9b1d22f2b3c32320f94f0bdc96381da3ae5ad13cbce061bb4d9ff49b82122181","{""ad"":{""entityId"":""FX:136F859A"",""items"":[{""featureId"":55561310,""featureOptions"":2,""ct"":3,""variant"":0,""metadata"":{},""ctOverride"":null}]},""prm"":{""_id"":""0""}}"
"FeatureConfig.bak.json|55346794|PAYLOAD_57707684_1","FeatureConfig.bak.json","/settings/v3.0/WaaS/FeatureManagement","PAYLOAD_57707684_1","0","FX:13708CA4","","55346794","2","0","3","","","","","","","e3b0c44298fc1c149afbf4c8996fb92427ae41e4649b934ca495991b7852b855","44136fa355b3678a1146ad16f7e8649e94fb4fc21fe77e8310c060f61caaff8a","5e7402c77393cc3d621dece5c7f6877cefb8d33bc1ab0007ff7220e1bac4524a","{""ad"":{""entityId"":""FX:13708CA4"",""items"":[{""featureId"":55346794,""featureOptions"":2,""ct"":3,""variant"":0,""metadata"":{},""ctOverride"":null}]},""prm"":{""_id"":""0""}}"
"FeatureConfig.bak.json|57297225|PAYLOAD_57710006_1","FeatureConfig.bak.json","/settings/v3.0/WaaS/FeatureManagement","PAYLOAD_57710006_1","0","FX:137095B6","","57297225","2","0","3","","3","","","","","e3b0c44298fc1c149afbf4c8996fb92427ae41e4649b934ca495991b7852b855","44136fa355b3678a1146ad16f7e8649e94fb4fc21fe77e8310c060f61caaff8a","73e0be8d1cf373866906203012d354632568962a731c70d0957b9e6e15dcd638","{""ad"":{""entityId"":""FX:137095B6"",""items"":[{""featureId"":57297225,""featureOptions"":2,""ct"":3,""variant"":0,""metadata"":{},""ctOverride"":3}]},""prm"":{""_id"":""0""}}"
"FeatureConfig.bak.json|56769308|PAYLOAD_57803319_1","FeatureConfig.bak.json","/settings/v3.0/WaaS/FeatureManagement","PAYLOAD_57803319_1","0","FX:13720237","","56769308","2","0","3","","","","","","","e3b0c44298fc1c149afbf4c8996fb92427ae41e4649b934ca495991b7852b855","44136fa355b3678a1146ad16f7e8649e94fb4fc21fe77e8310c060f61caaff8a","ba1bff62c24bd79732e03d41a8f010bf67a2fc265704db7926dad803979084c0","{""ad"":{""entityId"":""FX:13720237"",""items"":[{""featureId"":56769308,""featureOptions"":2,""ct"":3,""variant"":0,""metadata"":{},""ctOverride"":null}]},""prm"":{""_id"":""0""}}"
"FeatureConfig.bak.json|55522082|PAYLOAD_57853896_1","FeatureConfig.bak.json","/settings/v3.0/WaaS/FeatureManagement","PAYLOAD_57853896_1","0","FX:1372C7C8","","55522082","2","0","3","","","","","","","e3b0c44298fc1c149afbf4c8996fb92427ae41e4649b934ca495991b7852b855","44136fa355b3678a1146ad16f7e8649e94fb4fc21fe77e8310c060f61caaff8a","3d2d7ad4cad1a2cd0fc9bfebdc358efed15a84f9180b83414115f9c172e7f6e8","{""ad"":{""entityId"":""FX:1372C7C8"",""items"":[{""featureId"":55522082,""featureOptions"":2,""ct"":3,""variant"":0,""metadata"":{},""ctOverride"":null}]},""prm"":{""_id"":""0""}}"
"FeatureConfig.bak.json|56854165|PAYLOAD_57895708_1","FeatureConfig.bak.json","/settings/v3.0/WaaS/FeatureManagement","PAYLOAD_57895708_1","0","FX:13736B1C","","56854165","2","0","3","","","","","","","e3b0c44298fc1c149afbf4c8996fb92427ae41e4649b934ca495991b7852b855","44136fa355b3678a1146ad16f7e8649e94fb4fc21fe77e8310c060f61caaff8a","f6564bb520695270ce46090d0f5cedab90f12895553504ddf6088b94820d8ffc","{""ad"":{""entityId"":""FX:13736B1C"",""items"":[{""featureId"":56854165,""featureOptions"":2,""ct"":3,""variant"":0,""metadata"":{},""ctOverride"":null}]},""prm"":{""_id"":""0""}}"
"FeatureConfig.bak.json|57246082|PAYLOAD_58038731_1","FeatureConfig.bak.json","/settings/v3.0/WaaS/FeatureManagement","PAYLOAD_58038731_1","0","FX:137599CB","","57246082","2","0","1","","","","","","","e3b0c44298fc1c149afbf4c8996fb92427ae41e4649b934ca495991b7852b855","44136fa355b3678a1146ad16f7e8649e94fb4fc21fe77e8310c060f61caaff8a","d024f52b3f67b55c0ae7a03f2ad8ca9cf63af50e3ecd7f18287a2defee3afe67","{""ad"":{""entityId"":""FX:137599CB"",""items"":[{""featureId"":57246082,""featureOptions"":2,""ct"":1,""variant"":0,""metadata"":{},""ctOverride"":null}]},""prm"":{""_id"":""0""}}"
"FeatureConfig.bak.json|57246157|PAYLOAD_58038978_1","FeatureConfig.bak.json","/settings/v3.0/WaaS/FeatureManagement","PAYLOAD_58038978_1","0","FX:13759AC2","","57246157","2","0","1","","","","","","","e3b0c44298fc1c149afbf4c8996fb92427ae41e4649b934ca495991b7852b855","44136fa355b3678a1146ad16f7e8649e94fb4fc21fe77e8310c060f61caaff8a","29fbc8337f2e29b0f365bf6313ae6de305e9297e01467c750f6b3224fb634319","{""ad"":{""entityId"":""FX:13759AC2"",""items"":[{""featureId"":57246157,""featureOptions"":2,""ct"":1,""variant"":0,""metadata"":{},""ctOverride"":null}]},""prm"":{""_id"":""0""}}"
"FeatureConfig.bak.json|57469498|PAYLOAD_58096282_1","FeatureConfig.bak.json","/settings/v3.0/WaaS/FeatureManagement","PAYLOAD_58096282_1","0","FX:13767A9A","","57469498","2","0","3","","","","","","","e3b0c44298fc1c149afbf4c8996fb92427ae41e4649b934ca495991b7852b855","44136fa355b3678a1146ad16f7e8649e94fb4fc21fe77e8310c060f61caaff8a","4c71a7843f66d9b06c6f5cdf9e4ec8728a0151cbe7105e308173055502fcd274","{""ad"":{""entityId"":""FX:13767A9A"",""items"":[{""featureId"":57469498,""featureOptions"":2,""ct"":3,""variant"":0,""metadata"":{},""ctOverride"":null}]},""prm"":{""_id"":""0""}}"
"FeatureConfig.bak.json|56094336|PAYLOAD_58108460_1","FeatureConfig.bak.json","/settings/v3.0/WaaS/FeatureManagement","PAYLOAD_58108460_1","0","FX:1376AA2C","","56094336","4","0","0","","","","","","","e3b0c44298fc1c149afbf4c8996fb92427ae41e4649b934ca495991b7852b855","44136fa355b3678a1146ad16f7e8649e94fb4fc21fe77e8310c060f61caaff8a","a3a9b215384505405330b1cb81eab39c253b36043c35d0f1a7c0778fa538073b","{""ad"":{""entityId"":""FX:1376AA2C"",""items"":[{""featureId"":56094336,""featureOptions"":4,""ct"":0,""variant"":0,""metadata"":{},""ctOverride"":null}]},""prm"":{""_id"":""0""}}"
"FeatureConfig.bak.json|56174134|PAYLOAD_58108498_1","FeatureConfig.bak.json","/settings/v3.0/WaaS/FeatureManagement","PAYLOAD_58108498_1","0","FX:1376AA52","","56174134","4","0","0","","","","","","","e3b0c44298fc1c149afbf4c8996fb92427ae41e4649b934ca495991b7852b855","44136fa355b3678a1146ad16f7e8649e94fb4fc21fe77e8310c060f61caaff8a","d08f35118ff84444ddea0e4ffc0cea4ccf9f4c80765d2e52f2ffdacbca94dabc","{""ad"":{""entityId"":""FX:1376AA52"",""items"":[{""featureId"":56174134,""featureOptions"":4,""ct"":0,""variant"":0,""metadata"":{},""ctOverride"":null}]},""prm"":{""_id"":""0""}}"
"FeatureConfig.bak.json|41073112|PAYLOAD_58128648_1","FeatureConfig.bak.json","/settings/v3.0/WaaS/FeatureManagement","PAYLOAD_58128648_1","0","FX:1376F908","","41073112","4","0","0","","","","","","","e3b0c44298fc1c149afbf4c8996fb92427ae41e4649b934ca495991b7852b855","44136fa355b3678a1146ad16f7e8649e94fb4fc21fe77e8310c060f61caaff8a","8e6b842b940f85cdbe2e054bdd180fcd2439a3d9e1e91d76f39d2ce772e5f0f3","{""ad"":{""entityId"":""FX:1376F908"",""items"":[{""featureId"":41073112,""featureOptions"":4,""ct"":0,""variant"":0,""metadata"":{},""ctOverride"":null}]},""prm"":{""_id"":""0""}}"
"FeatureConfig.bak.json|55357339|PAYLOAD_58129601_1","FeatureConfig.bak.json","/settings/v3.0/WaaS/FeatureManagement","PAYLOAD_58129601_1","0","FX:1376FCC1","","55357339","4","0","0","","","","","","","e3b0c44298fc1c149afbf4c8996fb92427ae41e4649b934ca495991b7852b855","44136fa355b3678a1146ad16f7e8649e94fb4fc21fe77e8310c060f61caaff8a","0d394876a789c7322a789939de602a2e367d6881b2d103b2a49688c7df984e6a","{""ad"":{""entityId"":""FX:1376FCC1"",""items"":[{""featureId"":55357339,""featureOptions"":4,""ct"":0,""variant"":0,""metadata"":{},""ctOverride"":null}]},""prm"":{""_id"":""0""}}"
"FeatureConfig.bak.json|56791125|PAYLOAD_58129671_1","FeatureConfig.bak.json","/settings/v3.0/WaaS/FeatureManagement","PAYLOAD_58129671_1","0","FX:1376FD07","","56791125","4","0","0","","","","","","","e3b0c44298fc1c149afbf4c8996fb92427ae41e4649b934ca495991b7852b855","44136fa355b3678a1146ad16f7e8649e94fb4fc21fe77e8310c060f61caaff8a","28696d42186fe3a3c591472b88689d018d36c1912a9c44a863c777195a3d41ca","{""ad"":{""entityId"":""FX:1376FD07"",""items"":[{""featureId"":56791125,""featureOptions"":4,""ct"":0,""variant"":0,""metadata"":{},""ctOverride"":null}]},""prm"":{""_id"":""0""}}"
"FeatureConfig.bak.json|56115452|PAYLOAD_58129688_1","FeatureConfig.bak.json","/settings/v3.0/WaaS/FeatureManagement","PAYLOAD_58129688_1","0","FX:1376FD18","","56115452","4","0","0","","","","","","","e3b0c44298fc1c149afbf4c8996fb92427ae41e4649b934ca495991b7852b855","44136fa355b3678a1146ad16f7e8649e94fb4fc21fe77e8310c060f61caaff8a","c910511371b135a11208c00fbc589753c2cbd50c00f72ef497b89319df6e24a0","{""ad"":{""entityId"":""FX:1376FD18"",""items"":[{""featureId"":56115452,""featureOptions"":4,""ct"":0,""variant"":0,""metadata"":{},""ctOverride"":null}]},""prm"":{""_id"":""0""}}"
"FeatureConfig.bak.json|56904074|PAYLOAD_58129722_1","FeatureConfig.bak.json","/settings/v3.0/WaaS/FeatureManagement","PAYLOAD_58129722_1","0","FX:1376FD3A","","56904074","4","0","0","","","","","","","e3b0c44298fc1c149afbf4c8996fb92427ae41e4649b934ca495991b7852b855","44136fa355b3678a1146ad16f7e8649e94fb4fc21fe77e8310c060f61caaff8a","a9e065bab3da9c366596a1fd145ec8529552853b7ab05fa475721feccba967c4","{""ad"":{""entityId"":""FX:1376FD3A"",""items"":[{""featureId"":56904074,""featureOptions"":4,""ct"":0,""variant"":0,""metadata"":{},""ctOverride"":null}]},""prm"":{""_id"":""0""}}"
"FeatureConfig.bak.json|54315747|PAYLOAD_58129752_1","FeatureConfig.bak.json","/settings/v3.0/WaaS/FeatureManagement","PAYLOAD_58129752_1","0","FX:1376FD58","","54315747","4","0","0","","","","","","","e3b0c44298fc1c149afbf4c8996fb92427ae41e4649b934ca495991b7852b855","44136fa355b3678a1146ad16f7e8649e94fb4fc21fe77e8310c060f61caaff8a","dc5228345408e24f8925d7a9271791fdfcf91b40b7eb8dde2242dac9be6197f7","{""ad"":{""entityId"":""FX:1376FD58"",""items"":[{""featureId"":54315747,""featureOptions"":4,""ct"":0,""variant"":0,""metadata"":{},""ctOverride"":null}]},""prm"":{""_id"":""0""}}"
"FeatureConfig.bak.json|56541436|PAYLOAD_58185352_1","FeatureConfig.bak.json","/settings/v3.0/WaaS/FeatureManagement","PAYLOAD_58185352_1","0","FX:1377D688","","56541436","2","0","3","","","","","","","e3b0c44298fc1c149afbf4c8996fb92427ae41e4649b934ca495991b7852b855","44136fa355b3678a1146ad16f7e8649e94fb4fc21fe77e8310c060f61caaff8a","673ccad3d82a08797cd079a7aa3b077a8d92a713cb8d72de405d1c72fe916e3e","{""ad"":{""entityId"":""FX:1377D688"",""items"":[{""featureId"":56541436,""featureOptions"":2,""ct"":3,""variant"":0,""metadata"":{},""ctOverride"":null}]},""prm"":{""_id"":""0""}}"
"FeatureConfig.bak.json|56018875|PAYLOAD_58205100_1","FeatureConfig.bak.json","/settings/v3.0/WaaS/FeatureManagement","PAYLOAD_58205100_1","0","FX:137823AC","","56018875","2","0","3","","","","","","","e3b0c44298fc1c149afbf4c8996fb92427ae41e4649b934ca495991b7852b855","44136fa355b3678a1146ad16f7e8649e94fb4fc21fe77e8310c060f61caaff8a","e3b822cc9d4b583eb443efb1dad20c89267187c8ed8f25cb031285ffc3b2ce59","{""ad"":{""entityId"":""FX:137823AC"",""items"":[{""featureId"":56018875,""featureOptions"":2,""ct"":3,""variant"":0,""metadata"":{},""ctOverride"":null}]},""prm"":{""_id"":""0""}}"
"FeatureConfig.bak.json|44574505|PAYLOAD_58301351_1","FeatureConfig.bak.json","/settings/v3.0/WaaS/FeatureManagement","PAYLOAD_58301351_1","0","FX:13799BA7","","44574505","4","0","0","","","","","","","e3b0c44298fc1c149afbf4c8996fb92427ae41e4649b934ca495991b7852b855","44136fa355b3678a1146ad16f7e8649e94fb4fc21fe77e8310c060f61caaff8a","75064bad51f03571b35405395df65ceccff5ed8b9b6f45c23f517d843e22121f","{""ad"":{""entityId"":""FX:13799BA7"",""items"":[{""featureId"":44574505,""featureOptions"":4,""ct"":0,""variant"":0,""metadata"":{},""ctOverride"":null}]},""prm"":{""_id"":""0""}}"
"FeatureConfig.bak.json|56963102|PAYLOAD_58322331_1","FeatureConfig.bak.json","/settings/v3.0/WaaS/FeatureManagement","PAYLOAD_58322331_1","0","FX:1379ED9B","","56963102","2","0","3","","","","","","","e3b0c44298fc1c149afbf4c8996fb92427ae41e4649b934ca495991b7852b855","44136fa355b3678a1146ad16f7e8649e94fb4fc21fe77e8310c060f61caaff8a","40c675965568e92f765aa3c1a3b43ba1f49db62e165122b9db73e46a053be02f","{""ad"":{""entityId"":""FX:1379ED9B"",""items"":[{""featureId"":56963102,""featureOptions"":2,""ct"":3,""variant"":0,""metadata"":{},""ctOverride"":null}]},""prm"":{""_id"":""0""}}"
"FeatureConfig.bak.json|58122380|PAYLOAD_58361760_1","FeatureConfig.bak.json","/settings/v3.0/WaaS/FeatureManagement","PAYLOAD_58361760_1","0","FX:137A87A0","","58122380","4","0","0","","","","","","","e3b0c44298fc1c149afbf4c8996fb92427ae41e4649b934ca495991b7852b855","44136fa355b3678a1146ad16f7e8649e94fb4fc21fe77e8310c060f61caaff8a","e7a344d04d770c372c0b976c14d0670a0c9a57916acf032617d0b32d7d16bb32","{""ad"":{""entityId"":""FX:137A87A0"",""items"":[{""featureId"":58122380,""featureOptions"":4,""ct"":0,""variant"":0,""metadata"":{},""ctOverride"":null}]},""prm"":{""_id"":""0""}}"
"FeatureConfig.bak.json|47081492|PAYLOAD_58362125_1","FeatureConfig.bak.json","/settings/v3.0/WaaS/FeatureManagement","PAYLOAD_58362125_1","0","FX:137A890D","","47081492","4","0","0","","","","","","","e3b0c44298fc1c149afbf4c8996fb92427ae41e4649b934ca495991b7852b855","44136fa355b3678a1146ad16f7e8649e94fb4fc21fe77e8310c060f61caaff8a","b8b5710e95778fab12c136117e00fa7bc628b123589c30ec094c89bed07ce69a","{""ad"":{""entityId"":""FX:137A890D"",""items"":[{""featureId"":47081492,""featureOptions"":4,""ct"":0,""variant"":0,""metadata"":{},""ctOverride"":null}]},""prm"":{""_id"":""0""}}"
"FeatureConfig.bak.json|56349993|PAYLOAD_58364193_1","FeatureConfig.bak.json","/settings/v3.0/WaaS/FeatureManagement","PAYLOAD_58364193_1","0","FX:137A9121","","56349993","2","0","3","","","","","","","e3b0c44298fc1c149afbf4c8996fb92427ae41e4649b934ca495991b7852b855","44136fa355b3678a1146ad16f7e8649e94fb4fc21fe77e8310c060f61caaff8a","6f34a6d87ae98e2fd076a345549f64baacbb74b5a01c0c89eff0b3d8bda1606e","{""ad"":{""entityId"":""FX:137A9121"",""items"":[{""featureId"":56349993,""featureOptions"":2,""ct"":3,""variant"":0,""metadata"":{},""ctOverride"":null}]},""prm"":{""_id"":""0""}}"
"FeatureConfig.bak.json|57470233|PAYLOAD_58458908_1","FeatureConfig.bak.json","/settings/v3.0/WaaS/FeatureManagement","PAYLOAD_58458908_1","0","FX:137C031C","","57470233","2","0","1","","","","","","","e3b0c44298fc1c149afbf4c8996fb92427ae41e4649b934ca495991b7852b855","44136fa355b3678a1146ad16f7e8649e94fb4fc21fe77e8310c060f61caaff8a","4eb4b6aa1d7d6ff344917993978ea122df2d4a7a0f06a6e53a428ee24b10b36a","{""ad"":{""entityId"":""FX:137C031C"",""items"":[{""featureId"":57470233,""featureOptions"":2,""ct"":1,""variant"":0,""metadata"":{},""ctOverride"":null}]},""prm"":{""_id"":""0""}}"
"FeatureConfig.bak.json|53284194|PAYLOAD_58549965_1","FeatureConfig.bak.json","/settings/v3.0/WaaS/FeatureManagement","PAYLOAD_58549965_1","0","FX:137D66CD","","53284194","2","0","3","","","","","","","e3b0c44298fc1c149afbf4c8996fb92427ae41e4649b934ca495991b7852b855","44136fa355b3678a1146ad16f7e8649e94fb4fc21fe77e8310c060f61caaff8a","d8e5078161d8aa862aaf401d2ef1ebac4694edf6683e1bc5acbec3afabda9571","{""ad"":{""entityId"":""FX:137D66CD"",""items"":[{""featureId"":53284194,""featureOptions"":2,""ct"":3,""variant"":0,""metadata"":{},""ctOverride"":null}]},""prm"":{""_id"":""0""}}"
"FeatureConfig.bak.json|53814860|PAYLOAD_58567484_1","FeatureConfig.bak.json","/settings/v3.0/WaaS/FeatureManagement","PAYLOAD_58567484_1","0","FX:137DAB3C","","53814860","2","0","3","","","","","","","e3b0c44298fc1c149afbf4c8996fb92427ae41e4649b934ca495991b7852b855","44136fa355b3678a1146ad16f7e8649e94fb4fc21fe77e8310c060f61caaff8a","d703eacaafa9a5998601a5efd9ec6e691784059a7f0eca2209b9efce374367de","{""ad"":{""entityId"":""FX:137DAB3C"",""items"":[{""featureId"":53814860,""featureOptions"":2,""ct"":3,""variant"":0,""metadata"":{},""ctOverride"":null}]},""prm"":{""_id"":""0""}}"
"FeatureConfig.bak.json|57074914|PAYLOAD_58568680_1","FeatureConfig.bak.json","/settings/v3.0/WaaS/FeatureManagement","PAYLOAD_58568680_1","0","FX:137DAFE8","","57074914","2","0","3","","3","","","","","e3b0c44298fc1c149afbf4c8996fb92427ae41e4649b934ca495991b7852b855","44136fa355b3678a1146ad16f7e8649e94fb4fc21fe77e8310c060f61caaff8a","b6cc902ba3dcb8616f1c3c7bb906553834548c32479036dd354ebc98c76be37b","{""ad"":{""entityId"":""FX:137DAFE8"",""items"":[{""featureId"":57074914,""featureOptions"":2,""ct"":3,""variant"":0,""metadata"":{},""ctOverride"":3}]},""prm"":{""_id"":""0""}}"
"FeatureConfig.bak.json|57391481|PAYLOAD_58586269_1","FeatureConfig.bak.json","/settings/v3.0/WaaS/FeatureManagement","PAYLOAD_58586269_1","0","FX:137DF49D","","57391481","4","0","0","","","","","","","e3b0c44298fc1c149afbf4c8996fb92427ae41e4649b934ca495991b7852b855","44136fa355b3678a1146ad16f7e8649e94fb4fc21fe77e8310c060f61caaff8a","3460380b2236d1b87738a5b18fdc4ef6e832fdf16b060c9a55da438a877b7ec4","{""ad"":{""entityId"":""FX:137DF49D"",""items"":[{""featureId"":57391481,""featureOptions"":4,""ct"":0,""variant"":0,""metadata"":{},""ctOverride"":null}]},""prm"":{""_id"":""0""}}"
"FeatureConfig.bak.json|56007062|PAYLOAD_58646777_1","FeatureConfig.bak.json","/settings/v3.0/WaaS/FeatureManagement","PAYLOAD_58646777_1","0","FX:137EE0F9","","56007062","2","0","3","","","","","","","e3b0c44298fc1c149afbf4c8996fb92427ae41e4649b934ca495991b7852b855","44136fa355b3678a1146ad16f7e8649e94fb4fc21fe77e8310c060f61caaff8a","60d664538a32310e1650064876e19e8ba39325314f367d0a004c7c4717913742","{""ad"":{""entityId"":""FX:137EE0F9"",""items"":[{""featureId"":56007062,""featureOptions"":2,""ct"":3,""variant"":0,""metadata"":{},""ctOverride"":null}]},""prm"":{""_id"":""0""}}"
"FeatureConfig.bak.json|54267669|PAYLOAD_58671749_1","FeatureConfig.bak.json","/settings/v3.0/WaaS/FeatureManagement","PAYLOAD_58671749_1","0","FX:137F4285","","54267669","2","0","3","","","","","","","e3b0c44298fc1c149afbf4c8996fb92427ae41e4649b934ca495991b7852b855","44136fa355b3678a1146ad16f7e8649e94fb4fc21fe77e8310c060f61caaff8a","d9f4e025a4e867faa031ec585c697676895e8ac428f4b0b95fe1c34523450cdd","{""ad"":{""entityId"":""FX:137F4285"",""items"":[{""featureId"":54267669,""featureOptions"":2,""ct"":3,""variant"":0,""metadata"":{},""ctOverride"":null}]},""prm"":{""_id"":""0""}}"
"FeatureConfig.bak.json|53192840|PAYLOAD_58700754_1","FeatureConfig.bak.json","/settings/v3.0/WaaS/FeatureManagement","PAYLOAD_58700754_1","0","FX:137FB3D2","","53192840","2","0","3","","","","","","","e3b0c44298fc1c149afbf4c8996fb92427ae41e4649b934ca495991b7852b855","44136fa355b3678a1146ad16f7e8649e94fb4fc21fe77e8310c060f61caaff8a","679ade0bbd8af9c853b564fefbc43a4d7abd1675d13504b7d48fa6a923058357","{""ad"":{""entityId"":""FX:137FB3D2"",""items"":[{""featureId"":53192840,""featureOptions"":2,""ct"":3,""variant"":0,""metadata"":{},""ctOverride"":null}]},""prm"":{""_id"":""0""}}"
"FeatureConfig.bak.json|48052777|PAYLOAD_58700755_1","FeatureConfig.bak.json","/settings/v3.0/WaaS/FeatureManagement","PAYLOAD_58700755_1","0","FX:137FB3D3","","48052777","2","0","3","","","","","","","e3b0c44298fc1c149afbf4c8996fb92427ae41e4649b934ca495991b7852b855","44136fa355b3678a1146ad16f7e8649e94fb4fc21fe77e8310c060f61caaff8a","26877e1904d3567a7e3d9718f3f969e14acf6da63f4f099840f7718744716629","{""ad"":{""entityId"":""FX:137FB3D3"",""items"":[{""featureId"":48052777,""featureOptions"":2,""ct"":3,""variant"":0,""metadata"":{},""ctOverride"":null}]},""prm"":{""_id"":""0""}}"
"FeatureConfig.bak.json|51402841|PAYLOAD_58764498_1","FeatureConfig.bak.json","/settings/v3.0/WaaS/FeatureManagement","PAYLOAD_58764498_1","0","FX:1380ACD2","","51402841","2","0","3","","","","","","","e3b0c44298fc1c149afbf4c8996fb92427ae41e4649b934ca495991b7852b855","44136fa355b3678a1146ad16f7e8649e94fb4fc21fe77e8310c060f61caaff8a","c956b54799c08abb3c3047ec9cf5c58f3859b026e1e4cd70b89d20774a3f9009","{""ad"":{""entityId"":""FX:1380ACD2"",""items"":[{""featureId"":51402841,""featureOptions"":2,""ct"":3,""variant"":0,""metadata"":{},""ctOverride"":null}]},""prm"":{""_id"":""0""}}"
"FeatureConfig.bak.json|56659309|PAYLOAD_58773434_1","FeatureConfig.bak.json","/settings/v3.0/WaaS/FeatureManagement","PAYLOAD_58773434_1","0","FX:1380CFBA","","56659309","2","0","0","","","","","","","e3b0c44298fc1c149afbf4c8996fb92427ae41e4649b934ca495991b7852b855","44136fa355b3678a1146ad16f7e8649e94fb4fc21fe77e8310c060f61caaff8a","09845434821d26ed29aa133cb03b878bac5ac72cc331ba79dbb3810cf57ceeac","{""ad"":{""entityId"":""FX:1380CFBA"",""items"":[{""featureId"":56659309,""featureOptions"":2,""ct"":0,""variant"":0,""metadata"":{},""ctOverride"":null}]},""prm"":{""_id"":""0""}}"
"FeatureConfig.bak.json|56948487|PAYLOAD_58776401_1","FeatureConfig.bak.json","/settings/v3.0/WaaS/FeatureManagement","PAYLOAD_58776401_1","0","FX:1380DB51","","56948487","2","0","0","","","","","","","e3b0c44298fc1c149afbf4c8996fb92427ae41e4649b934ca495991b7852b855","44136fa355b3678a1146ad16f7e8649e94fb4fc21fe77e8310c060f61caaff8a","a683109134b00939a1658812a75911293b53a9830d1e039631bbbfb77bab0a00","{""ad"":{""entityId"":""FX:1380DB51"",""items"":[{""featureId"":56948487,""featureOptions"":2,""ct"":0,""variant"":0,""metadata"":{},""ctOverride"":null}]},""prm"":{""_id"":""0""}}"
"FeatureConfig.bak.json|58447903|PAYLOAD_58823851_1","FeatureConfig.bak.json","/settings/v3.0/WaaS/FeatureManagement","PAYLOAD_58823851_1","0","FX:138194AB","","58447903","2","0","3","","","","","","","e3b0c44298fc1c149afbf4c8996fb92427ae41e4649b934ca495991b7852b855","44136fa355b3678a1146ad16f7e8649e94fb4fc21fe77e8310c060f61caaff8a","c056db9581a2b5c1491286729225e9b830cf666967632339376caa143fdc6aa1","{""ad"":{""entityId"":""FX:138194AB"",""items"":[{""featureId"":58447903,""featureOptions"":2,""ct"":3,""variant"":0,""metadata"":{},""ctOverride"":null}]},""prm"":{""_id"":""0""}}"
"FeatureConfig.bak.json|45624632|PAYLOAD_58824023_1","FeatureConfig.bak.json","/settings/v3.0/WaaS/FeatureManagement","PAYLOAD_58824023_1","0","FX:13819557","","45624632","2","0","3","","","","","","","e3b0c44298fc1c149afbf4c8996fb92427ae41e4649b934ca495991b7852b855","44136fa355b3678a1146ad16f7e8649e94fb4fc21fe77e8310c060f61caaff8a","e19006f0bf7f29e583832a7e98338c296975b685f18763b94cc9b3e37235bddd","{""ad"":{""entityId"":""FX:13819557"",""items"":[{""featureId"":45624632,""featureOptions"":2,""ct"":3,""variant"":0,""metadata"":{},""ctOverride"":null}]},""prm"":{""_id"":""0""}}"
"FeatureConfig.bak.json|58092117|PAYLOAD_58951345_1","FeatureConfig.bak.json","/settings/v3.0/WaaS/FeatureManagement","PAYLOAD_58951345_1","0","FX:138386B1","","58092117","2","0","3","","","","","","","e3b0c44298fc1c149afbf4c8996fb92427ae41e4649b934ca495991b7852b855","44136fa355b3678a1146ad16f7e8649e94fb4fc21fe77e8310c060f61caaff8a","12caa6e74b1e1234e084bd72126890826d2b96ac8d0b1b23a22908b912227d3b","{""ad"":{""entityId"":""FX:138386B1"",""items"":[{""featureId"":58092117,""featureOptions"":2,""ct"":3,""variant"":0,""metadata"":{},""ctOverride"":null}]},""prm"":{""_id"":""0""}}"
"FeatureConfig.bak.json|57605810|PAYLOAD_58952060_1","FeatureConfig.bak.json","/settings/v3.0/WaaS/FeatureManagement","PAYLOAD_58952060_1","0","FX:1383897C","","57605810","2","0","3","","","","","","","e3b0c44298fc1c149afbf4c8996fb92427ae41e4649b934ca495991b7852b855","44136fa355b3678a1146ad16f7e8649e94fb4fc21fe77e8310c060f61caaff8a","9ec9382db500f3205e7aae7e1adff496b933dfd82745e44f862641218f876037","{""ad"":{""entityId"":""FX:1383897C"",""items"":[{""featureId"":57605810,""featureOptions"":2,""ct"":3,""variant"":0,""metadata"":{},""ctOverride"":null}]},""prm"":{""_id"":""0""}}"
"FeatureConfig.bak.json|55445215|PAYLOAD_58983859_1","FeatureConfig.bak.json","/settings/v3.0/WaaS/FeatureManagement","PAYLOAD_58983859_1","0","FX:138405B3","","55445215","2","0","3","","","","","","","e3b0c44298fc1c149afbf4c8996fb92427ae41e4649b934ca495991b7852b855","44136fa355b3678a1146ad16f7e8649e94fb4fc21fe77e8310c060f61caaff8a","b7a3ea70ffc4a91fd1924d3e9da48fddf99ed4eacb36f71e083f144eea77af5d","{""ad"":{""entityId"":""FX:138405B3"",""items"":[{""featureId"":55445215,""featureOptions"":2,""ct"":3,""variant"":0,""metadata"":{},""ctOverride"":null}]},""prm"":{""_id"":""0""}}"
"FeatureConfig.bak.json|56005157|PAYLOAD_58992466_1","FeatureConfig.bak.json","/settings/v3.0/WaaS/FeatureManagement","PAYLOAD_58992466_1","0","FX:13842752","","56005157","2","0","1","","","","","","","e3b0c44298fc1c149afbf4c8996fb92427ae41e4649b934ca495991b7852b855","44136fa355b3678a1146ad16f7e8649e94fb4fc21fe77e8310c060f61caaff8a","e6d48a71766d6304b7d3b8affc0c53dd26b46aca718ecdd3d737936c0e9feb74","{""ad"":{""entityId"":""FX:13842752"",""items"":[{""featureId"":56005157,""featureOptions"":2,""ct"":1,""variant"":0,""metadata"":{},""ctOverride"":null}]},""prm"":{""_id"":""0""}}"
"FeatureConfig.bak.json|55797161|PAYLOAD_59008387_1","FeatureConfig.bak.json","/settings/v3.0/WaaS/FeatureManagement","PAYLOAD_59008387_1","0","FX:13846583","","55797161","2","0","3","","","","","","","e3b0c44298fc1c149afbf4c8996fb92427ae41e4649b934ca495991b7852b855","44136fa355b3678a1146ad16f7e8649e94fb4fc21fe77e8310c060f61caaff8a","9404b1155f6b371a627b867f865e91c517802de039f0f3c5e74a393efd8b6fe3","{""ad"":{""entityId"":""FX:13846583"",""items"":[{""featureId"":55797161,""featureOptions"":2,""ct"":3,""variant"":0,""metadata"":{},""ctOverride"":null}]},""prm"":{""_id"":""0""}}"
"FeatureConfig.bak.json|38869220|PAYLOAD_59030693_1","FeatureConfig.bak.json","/settings/v3.0/WaaS/FeatureManagement","PAYLOAD_59030693_1","0","FX:1384BCA5","","38869220","2","0","3","","","","","","","e3b0c44298fc1c149afbf4c8996fb92427ae41e4649b934ca495991b7852b855","44136fa355b3678a1146ad16f7e8649e94fb4fc21fe77e8310c060f61caaff8a","395db7790b682f518cba20b5d16846907ca10f06b3eb327306924b020202e3fd","{""ad"":{""entityId"":""FX:1384BCA5"",""items"":[{""featureId"":38869220,""featureOptions"":2,""ct"":3,""variant"":0,""metadata"":{},""ctOverride"":null}]},""prm"":{""_id"":""0""}}"
"FeatureConfig.bak.json|57155075|PAYLOAD_59115151_1","FeatureConfig.bak.json","/settings/v3.0/WaaS/FeatureManagement","PAYLOAD_59115151_1","0","FX:1386068F","","57155075","2","0","3","","","","","","","e3b0c44298fc1c149afbf4c8996fb92427ae41e4649b934ca495991b7852b855","44136fa355b3678a1146ad16f7e8649e94fb4fc21fe77e8310c060f61caaff8a","c8f56a091da231a0268ad714f2f5338abb9455fd6d2af5bc9c9ca2a75d98563a","{""ad"":{""entityId"":""FX:1386068F"",""items"":[{""featureId"":57155075,""featureOptions"":2,""ct"":3,""variant"":0,""metadata"":{},""ctOverride"":null}]},""prm"":{""_id"":""0""}}"
"FeatureConfig.bak.json|57984728|PAYLOAD_59115349_1","FeatureConfig.bak.json","/settings/v3.0/WaaS/FeatureManagement","PAYLOAD_59115349_1","0","FX:13860755","","57984728","2","0","3","","","","","","","e3b0c44298fc1c149afbf4c8996fb92427ae41e4649b934ca495991b7852b855","44136fa355b3678a1146ad16f7e8649e94fb4fc21fe77e8310c060f61caaff8a","fa0439b85d85678e144cadfc4c5daa3c62b24650cf04c806d1ed20f387ccbee8","{""ad"":{""entityId"":""FX:13860755"",""items"":[{""featureId"":57984728,""featureOptions"":2,""ct"":3,""variant"":0,""metadata"":{},""ctOverride"":null}]},""prm"":{""_id"":""0""}}"
"FeatureConfig.bak.json|57929024|PAYLOAD_59126675_1","FeatureConfig.bak.json","/settings/v3.0/WaaS/FeatureManagement","PAYLOAD_59126675_1","0","FX:13863393","","57929024","4","0","0","","","","","","","e3b0c44298fc1c149afbf4c8996fb92427ae41e4649b934ca495991b7852b855","44136fa355b3678a1146ad16f7e8649e94fb4fc21fe77e8310c060f61caaff8a","45808610093884cdb6abb758ce72eb8c226595e05fa89ea7717815b27b62726d","{""ad"":{""entityId"":""FX:13863393"",""items"":[{""featureId"":57929024,""featureOptions"":4,""ct"":0,""variant"":0,""metadata"":{},""ctOverride"":null}]},""prm"":{""_id"":""0""}}"
"FeatureConfig.bak.json|53967125|PAYLOAD_59162659_1","FeatureConfig.bak.json","/settings/v3.0/WaaS/FeatureManagement","PAYLOAD_59162659_1","0","FX:1386C023","","53967125","2","0","3","","","","","","","e3b0c44298fc1c149afbf4c8996fb92427ae41e4649b934ca495991b7852b855","44136fa355b3678a1146ad16f7e8649e94fb4fc21fe77e8310c060f61caaff8a","03212db61ac027ceaf990622ec8af82929aeff39a69aa281f8017b74a31a9596","{""ad"":{""entityId"":""FX:1386C023"",""items"":[{""featureId"":53967125,""featureOptions"":2,""ct"":3,""variant"":0,""metadata"":{},""ctOverride"":null}]},""prm"":{""_id"":""0""}}"
"FeatureConfig.bak.json|55818758|PAYLOAD_59214073_1","FeatureConfig.bak.json","/settings/v3.0/WaaS/FeatureManagement","PAYLOAD_59214073_1","0","FX:138788F9","","55818758","2","0","3","","","","","","","e3b0c44298fc1c149afbf4c8996fb92427ae41e4649b934ca495991b7852b855","44136fa355b3678a1146ad16f7e8649e94fb4fc21fe77e8310c060f61caaff8a","558822301c97d1f92eb04ff1e6b7185048475e54a2080763d9f2b4b87cf6f4bc","{""ad"":{""entityId"":""FX:138788F9"",""items"":[{""featureId"":55818758,""featureOptions"":2,""ct"":3,""variant"":0,""metadata"":{},""ctOverride"":null}]},""prm"":{""_id"":""0""}}"
"FeatureConfig.bak.json|58270538|PAYLOAD_59257854_1","FeatureConfig.bak.json","/settings/v3.0/WaaS/FeatureManagement","PAYLOAD_59257854_1","0","FX:138833FE","","58270538","4","0","0","","","","","","","e3b0c44298fc1c149afbf4c8996fb92427ae41e4649b934ca495991b7852b855","44136fa355b3678a1146ad16f7e8649e94fb4fc21fe77e8310c060f61caaff8a","06448bd5c4a087b4efbc4bf19a016ed5f957f9f10c22fdeea576eb3953e0be57","{""ad"":{""entityId"":""FX:138833FE"",""items"":[{""featureId"":58270538,""featureOptions"":4,""ct"":0,""variant"":0,""metadata"":{},""ctOverride"":null}]},""prm"":{""_id"":""0""}}"
"FeatureConfig.bak.json|58987793|PAYLOAD_59257914_1","FeatureConfig.bak.json","/settings/v3.0/WaaS/FeatureManagement","PAYLOAD_59257914_1","0","FX:1388343A","","58987793","4","0","0","","","","","","","e3b0c44298fc1c149afbf4c8996fb92427ae41e4649b934ca495991b7852b855","44136fa355b3678a1146ad16f7e8649e94fb4fc21fe77e8310c060f61caaff8a","c8c685ec0e3c68bb4b1c9959e435ccc2996dacd81d112f8048443a1e7e9c3127","{""ad"":{""entityId"":""FX:1388343A"",""items"":[{""featureId"":58987793,""featureOptions"":4,""ct"":0,""variant"":0,""metadata"":{},""ctOverride"":null}]},""prm"":{""_id"":""0""}}"
"FeatureConfig.bak.json|58987797|PAYLOAD_59257989_1","FeatureConfig.bak.json","/settings/v3.0/WaaS/FeatureManagement","PAYLOAD_59257989_1","0","FX:13883485","","58987797","4","0","0","","","","","","","e3b0c44298fc1c149afbf4c8996fb92427ae41e4649b934ca495991b7852b855","44136fa355b3678a1146ad16f7e8649e94fb4fc21fe77e8310c060f61caaff8a","9fed4c75122c0d9b7ac300a4cfc24a8442275afd9d2b0387d44c44fee94094a3","{""ad"":{""entityId"":""FX:13883485"",""items"":[{""featureId"":58987797,""featureOptions"":4,""ct"":0,""variant"":0,""metadata"":{},""ctOverride"":null}]},""prm"":{""_id"":""0""}}"
"FeatureConfig.bak.json|59193772|PAYLOAD_59288687_1","FeatureConfig.bak.json","/settings/v3.0/WaaS/FeatureManagement","PAYLOAD_59288687_1","0","FX:1388AC6F","","59193772","4","0","0","","","","","","","e3b0c44298fc1c149afbf4c8996fb92427ae41e4649b934ca495991b7852b855","44136fa355b3678a1146ad16f7e8649e94fb4fc21fe77e8310c060f61caaff8a","ef43073af80d57ad477ea1db43018dda35b0b3f8f3c156946c00025ab5efe3d8","{""ad"":{""entityId"":""FX:1388AC6F"",""items"":[{""featureId"":59193772,""featureOptions"":4,""ct"":0,""variant"":0,""metadata"":{},""ctOverride"":null}]},""prm"":{""_id"":""0""}}"
"FeatureConfig.bak.json|58087685|PAYLOAD_59303923_1","FeatureConfig.bak.json","/settings/v3.0/WaaS/FeatureManagement","PAYLOAD_59303923_1","0","FX:1388E7F3","","58087685","2","0","0","","","","","","","e3b0c44298fc1c149afbf4c8996fb92427ae41e4649b934ca495991b7852b855","44136fa355b3678a1146ad16f7e8649e94fb4fc21fe77e8310c060f61caaff8a","19520ff1a37435155bc3665f758de4519649152a94a2bdb30a483ddaab7c7563","{""ad"":{""entityId"":""FX:1388E7F3"",""items"":[{""featureId"":58087685,""featureOptions"":2,""ct"":0,""variant"":0,""metadata"":{},""ctOverride"":null}]},""prm"":{""_id"":""0""}}"
"FeatureConfig.bak.json|58382298|PAYLOAD_59315870_1","FeatureConfig.bak.json","/settings/v3.0/WaaS/FeatureManagement","PAYLOAD_59315870_1","0","FX:1389169E","","58382298","2","0","3","","","","","","","e3b0c44298fc1c149afbf4c8996fb92427ae41e4649b934ca495991b7852b855","44136fa355b3678a1146ad16f7e8649e94fb4fc21fe77e8310c060f61caaff8a","8ec6d463d9ea11bbb2e099def0f79829e626acaa00d67317cd5882fbe954790e","{""ad"":{""entityId"":""FX:1389169E"",""items"":[{""featureId"":58382298,""featureOptions"":2,""ct"":3,""variant"":0,""metadata"":{},""ctOverride"":null}]},""prm"":{""_id"":""0""}}"
"FeatureConfig.bak.json|57053679|PAYLOAD_59355558_1","FeatureConfig.bak.json","/settings/v3.0/WaaS/FeatureManagement","PAYLOAD_59355558_1","0","FX:1389B1A6","","57053679","2","0","0","","","","","","","e3b0c44298fc1c149afbf4c8996fb92427ae41e4649b934ca495991b7852b855","44136fa355b3678a1146ad16f7e8649e94fb4fc21fe77e8310c060f61caaff8a","012500b86ed0b9c6c9d71f8bbd1ace0d1174ff4ce75f82cf32f0880644ebe3e1","{""ad"":{""entityId"":""FX:1389B1A6"",""items"":[{""featureId"":57053679,""featureOptions"":2,""ct"":0,""variant"":0,""metadata"":{},""ctOverride"":null}]},""prm"":{""_id"":""0""}}"
"FeatureConfig.bak.json|45172197|PAYLOAD_59357844_1","FeatureConfig.bak.json","/settings/v3.0/WaaS/FeatureManagement","PAYLOAD_59357844_1","0","FX:1389BA94","","45172197","2","0","3","","","","","","","e3b0c44298fc1c149afbf4c8996fb92427ae41e4649b934ca495991b7852b855","44136fa355b3678a1146ad16f7e8649e94fb4fc21fe77e8310c060f61caaff8a","a37267566861c12940e5fd68f3231a1717e1c56fe45ff01f969e297b0a279fdb","{""ad"":{""entityId"":""FX:1389BA94"",""items"":[{""featureId"":45172197,""featureOptions"":2,""ct"":3,""variant"":0,""metadata"":{},""ctOverride"":null}]},""prm"":{""_id"":""0""}}"
"FeatureConfig.bak.json|56943287|PAYLOAD_59425401_1","FeatureConfig.bak.json","/settings/v3.0/WaaS/FeatureManagement","PAYLOAD_59425401_1","0","FX:138AC279","","56943287","2","0","1","","","","","","","e3b0c44298fc1c149afbf4c8996fb92427ae41e4649b934ca495991b7852b855","44136fa355b3678a1146ad16f7e8649e94fb4fc21fe77e8310c060f61caaff8a","5fcb490150e3ca1e481527754e5f228b5bff1b268fed9bae60f14e22d9ea12b8","{""ad"":{""entityId"":""FX:138AC279"",""items"":[{""featureId"":56943287,""featureOptions"":2,""ct"":1,""variant"":0,""metadata"":{},""ctOverride"":null}]},""prm"":{""_id"":""0""}}"
"FeatureConfig.bak.json|55929979|PAYLOAD_59427028_1","FeatureConfig.bak.json","/settings/v3.0/WaaS/FeatureManagement","PAYLOAD_59427028_1","0","FX:138AC8D4","","55929979","2","0","3","","","","","","","e3b0c44298fc1c149afbf4c8996fb92427ae41e4649b934ca495991b7852b855","44136fa355b3678a1146ad16f7e8649e94fb4fc21fe77e8310c060f61caaff8a","72c735b677455440ea40bfa430a58e995232f692d4c1e4e474ea031032a051d9","{""ad"":{""entityId"":""FX:138AC8D4"",""items"":[{""featureId"":55929979,""featureOptions"":2,""ct"":3,""variant"":0,""metadata"":{},""ctOverride"":null}]},""prm"":{""_id"":""0""}}"
"FeatureConfig.bak.json|56090771|PAYLOAD_59427029_1","FeatureConfig.bak.json","/settings/v3.0/WaaS/FeatureManagement","PAYLOAD_59427029_1","0","FX:138AC8D5","","56090771","2","0","3","","","","","","","e3b0c44298fc1c149afbf4c8996fb92427ae41e4649b934ca495991b7852b855","44136fa355b3678a1146ad16f7e8649e94fb4fc21fe77e8310c060f61caaff8a","92e11e5bcf0cdc2ab6867db9d32cd87d5835a36c8a17542dc988b5df1a117f52","{""ad"":{""entityId"":""FX:138AC8D5"",""items"":[{""featureId"":56090771,""featureOptions"":2,""ct"":3,""variant"":0,""metadata"":{},""ctOverride"":null}]},""prm"":{""_id"":""0""}}"
"FeatureConfig.bak.json|58423728|PAYLOAD_59472293_1","FeatureConfig.bak.json","/settings/v3.0/WaaS/FeatureManagement","PAYLOAD_59472293_1","0","FX:138B79A5","","58423728","2","0","1","","","","","","","e3b0c44298fc1c149afbf4c8996fb92427ae41e4649b934ca495991b7852b855","44136fa355b3678a1146ad16f7e8649e94fb4fc21fe77e8310c060f61caaff8a","7c151d619f515f2191b9e18a41ffe8a908d7b6076766d4ce668db557609dddee","{""ad"":{""entityId"":""FX:138B79A5"",""items"":[{""featureId"":58423728,""featureOptions"":2,""ct"":1,""variant"":0,""metadata"":{},""ctOverride"":null}]},""prm"":{""_id"":""0""}}"
"FeatureConfig.bak.json|56106891|PAYLOAD_59710137_1","FeatureConfig.bak.json","/settings/v3.0/WaaS/FeatureManagement","PAYLOAD_59710137_1","0","FX:138F1AB9","","56106891","2","0","3","","","","","","","e3b0c44298fc1c149afbf4c8996fb92427ae41e4649b934ca495991b7852b855","44136fa355b3678a1146ad16f7e8649e94fb4fc21fe77e8310c060f61caaff8a","738bd3059adad4d2850e0874f87e751ad13924256c10aad8c45019893be84943","{""ad"":{""entityId"":""FX:138F1AB9"",""items"":[{""featureId"":56106891,""featureOptions"":2,""ct"":3,""variant"":0,""metadata"":{},""ctOverride"":null}]},""prm"":{""_id"":""0""}}"
"FeatureConfig.bak.json|59045330|PAYLOAD_59764245_1","FeatureConfig.bak.json","/settings/v3.0/WaaS/FeatureManagement","PAYLOAD_59764245_1","0","FX:138FEE15","","59045330","2","0","3","","","","","","","e3b0c44298fc1c149afbf4c8996fb92427ae41e4649b934ca495991b7852b855","44136fa355b3678a1146ad16f7e8649e94fb4fc21fe77e8310c060f61caaff8a","364e362b672c41a4a31e588ea49d7b40a2da888b890a5870ec7499d7ee677bf7","{""ad"":{""entityId"":""FX:138FEE15"",""items"":[{""featureId"":59045330,""featureOptions"":2,""ct"":3,""variant"":0,""metadata"":{},""ctOverride"":null}]},""prm"":{""_id"":""0""}}"
"FeatureConfig.bak.json|56305928|PAYLOAD_59765082_1","FeatureConfig.bak.json","/settings/v3.0/WaaS/FeatureManagement","PAYLOAD_59765082_1","0","FX:138FF15A","","56305928","2","0","3","","","","","","","e3b0c44298fc1c149afbf4c8996fb92427ae41e4649b934ca495991b7852b855","44136fa355b3678a1146ad16f7e8649e94fb4fc21fe77e8310c060f61caaff8a","5c1edd1bf83fae93ef1df38a577e6ca14658b98ba20c6f7940606c0c0eed9244","{""ad"":{""entityId"":""FX:138FF15A"",""items"":[{""featureId"":56305928,""featureOptions"":2,""ct"":3,""variant"":0,""metadata"":{},""ctOverride"":null}]},""prm"":{""_id"":""0""}}"
"FeatureConfig.bak.json|53713825|PAYLOAD_59784330_1","FeatureConfig.bak.json","/settings/v3.0/WaaS/FeatureManagement","PAYLOAD_59784330_1","0","FX:13903C8A","","53713825","2","0","3","","","","","","","e3b0c44298fc1c149afbf4c8996fb92427ae41e4649b934ca495991b7852b855","44136fa355b3678a1146ad16f7e8649e94fb4fc21fe77e8310c060f61caaff8a","0858d3a73065622dda66c36610299fd6b6be1060590c549de91cf9f0e6742d23","{""ad"":{""entityId"":""FX:13903C8A"",""items"":[{""featureId"":53713825,""featureOptions"":2,""ct"":3,""variant"":0,""metadata"":{},""ctOverride"":null}]},""prm"":{""_id"":""0""}}"
"FeatureConfig.bak.json|57610322|PAYLOAD_59801405_1","FeatureConfig.bak.json","/settings/v3.0/WaaS/FeatureManagement","PAYLOAD_59801405_1","0","FX:13907F3D","","57610322","2","0","3","","","","","","","e3b0c44298fc1c149afbf4c8996fb92427ae41e4649b934ca495991b7852b855","44136fa355b3678a1146ad16f7e8649e94fb4fc21fe77e8310c060f61caaff8a","3092089297d02449b16b20092d207075ae7bcf7d24a236126bbd814ea6b7a1b4","{""ad"":{""entityId"":""FX:13907F3D"",""items"":[{""featureId"":57610322,""featureOptions"":2,""ct"":3,""variant"":0,""metadata"":{},""ctOverride"":null}]},""prm"":{""_id"":""0""}}"
"FeatureConfig.bak.json|59361280|PAYLOAD_59910019_1","FeatureConfig.bak.json","/settings/v3.0/WaaS/FeatureManagement","PAYLOAD_59910019_1","0","FX:13922783","","59361280","2","0","3","","","","","","","e3b0c44298fc1c149afbf4c8996fb92427ae41e4649b934ca495991b7852b855","44136fa355b3678a1146ad16f7e8649e94fb4fc21fe77e8310c060f61caaff8a","621631c172898b53425e93a9ff9baaf042cf541705a69d602829866b8fb2560a","{""ad"":{""entityId"":""FX:13922783"",""items"":[{""featureId"":59361280,""featureOptions"":2,""ct"":3,""variant"":0,""metadata"":{},""ctOverride"":null}]},""prm"":{""_id"":""0""}}"
"FeatureConfig.bak.json|58570746|PAYLOAD_59910020_1","FeatureConfig.bak.json","/settings/v3.0/WaaS/FeatureManagement","PAYLOAD_59910020_1","0","FX:13922784","","58570746","2","0","3","","","","","","","e3b0c44298fc1c149afbf4c8996fb92427ae41e4649b934ca495991b7852b855","44136fa355b3678a1146ad16f7e8649e94fb4fc21fe77e8310c060f61caaff8a","709c5e01a430844caed3d8e04a44854d61ec09df91808f5f00ec233b25576ace","{""ad"":{""entityId"":""FX:13922784"",""items"":[{""featureId"":58570746,""featureOptions"":2,""ct"":3,""variant"":0,""metadata"":{},""ctOverride"":null}]},""prm"":{""_id"":""0""}}"
"FeatureConfig.bak.json|57785863|PAYLOAD_59960279_1","FeatureConfig.bak.json","/settings/v3.0/WaaS/FeatureManagement","PAYLOAD_59960279_1","0","FX:1392EBD7","","57785863","2","0","3","","","","","","","e3b0c44298fc1c149afbf4c8996fb92427ae41e4649b934ca495991b7852b855","44136fa355b3678a1146ad16f7e8649e94fb4fc21fe77e8310c060f61caaff8a","f0f5b59220dd8e6a0871caae8e23937d98d4e3d78b4932b916e0cac108104186","{""ad"":{""entityId"":""FX:1392EBD7"",""items"":[{""featureId"":57785863,""featureOptions"":2,""ct"":3,""variant"":0,""metadata"":{},""ctOverride"":null}]},""prm"":{""_id"":""0""}}"
"FeatureConfig.bak.json|49407484|PAYLOAD_59960568_1","FeatureConfig.bak.json","/settings/v3.0/WaaS/FeatureManagement","PAYLOAD_59960568_1","0","FX:1392ECF8","","49407484","2","0","1","","","","","","","e3b0c44298fc1c149afbf4c8996fb92427ae41e4649b934ca495991b7852b855","44136fa355b3678a1146ad16f7e8649e94fb4fc21fe77e8310c060f61caaff8a","0e0e03c74314c066aaf48dd98d824d87c391c37ff786bcfeacd621a3eb258a71","{""ad"":{""entityId"":""FX:1392ECF8"",""items"":[{""featureId"":49407484,""featureOptions"":2,""ct"":1,""variant"":0,""metadata"":{},""ctOverride"":null}]},""prm"":{""_id"":""0""}}"
"FeatureConfig.bak.json|59112334|PAYLOAD_59960733_1","FeatureConfig.bak.json","/settings/v3.0/WaaS/FeatureManagement","PAYLOAD_59960733_1","0","FX:1392ED9D","","59112334","2","0","3","","","","","","","e3b0c44298fc1c149afbf4c8996fb92427ae41e4649b934ca495991b7852b855","44136fa355b3678a1146ad16f7e8649e94fb4fc21fe77e8310c060f61caaff8a","6734f3e488686795db86f3eee3db8dae08ddeed9a8958801788cc35e62099cfc","{""ad"":{""entityId"":""FX:1392ED9D"",""items"":[{""featureId"":59112334,""featureOptions"":2,""ct"":3,""variant"":0,""metadata"":{},""ctOverride"":null}]},""prm"":{""_id"":""0""}}"
"FeatureConfig.bak.json|58349635|PAYLOAD_59963513_1","FeatureConfig.bak.json","/settings/v3.0/WaaS/FeatureManagement","PAYLOAD_59963513_1","0","FX:1392F879","","58349635","2","0","3","","3","","","","","e3b0c44298fc1c149afbf4c8996fb92427ae41e4649b934ca495991b7852b855","44136fa355b3678a1146ad16f7e8649e94fb4fc21fe77e8310c060f61caaff8a","c5d889ed439c031f9484ad08b4c778629458bd2f5c30766efecd533eca38d8a1","{""ad"":{""entityId"":""FX:1392F879"",""items"":[{""featureId"":58349635,""featureOptions"":2,""ct"":3,""variant"":0,""metadata"":{},""ctOverride"":3}]},""prm"":{""_id"":""0""}}"
"FeatureConfig.bak.json|56641116|PAYLOAD_59993067_1","FeatureConfig.bak.json","/settings/v3.0/WaaS/FeatureManagement","PAYLOAD_59993067_1","0","FX:13936BEB","","56641116","2","0","3","","","","","","","e3b0c44298fc1c149afbf4c8996fb92427ae41e4649b934ca495991b7852b855","44136fa355b3678a1146ad16f7e8649e94fb4fc21fe77e8310c060f61caaff8a","944444ee1b30f6299199e2e3e12e7f2f10766987df3a59183cccbddf13f5b7d8","{""ad"":{""entityId"":""FX:13936BEB"",""items"":[{""featureId"":56641116,""featureOptions"":2,""ct"":3,""variant"":0,""metadata"":{},""ctOverride"":null}]},""prm"":{""_id"":""0""}}"
"FeatureConfig.bak.json|58550079|PAYLOAD_60058597_1","FeatureConfig.bak.json","/settings/v3.0/WaaS/FeatureManagement","PAYLOAD_60058597_1","0","FX:13946BE5","","58550079","2","0","3","","","","","","","e3b0c44298fc1c149afbf4c8996fb92427ae41e4649b934ca495991b7852b855","44136fa355b3678a1146ad16f7e8649e94fb4fc21fe77e8310c060f61caaff8a","c3f9b13107fe1e8744732842ee208ccc0fdde9bb0a377a9ec0a4d7fa6378d667","{""ad"":{""entityId"":""FX:13946BE5"",""items"":[{""featureId"":58550079,""featureOptions"":2,""ct"":3,""variant"":0,""metadata"":{},""ctOverride"":null}]},""prm"":{""_id"":""0""}}"
"FeatureConfig.bak.json|58477524|PAYLOAD_60059814_1","FeatureConfig.bak.json","/settings/v3.0/WaaS/FeatureManagement","PAYLOAD_60059814_1","0","FX:139470A6","","58477524","2","0","0","","","","","","","e3b0c44298fc1c149afbf4c8996fb92427ae41e4649b934ca495991b7852b855","44136fa355b3678a1146ad16f7e8649e94fb4fc21fe77e8310c060f61caaff8a","d6f43fe63f3b7e474b14f3c4d9ccf12fb37de606a74d92d4dc6ca2738b4f77cb","{""ad"":{""entityId"":""FX:139470A6"",""items"":[{""featureId"":58477524,""featureOptions"":2,""ct"":0,""variant"":0,""metadata"":{},""ctOverride"":null}]},""prm"":{""_id"":""0""}}"
"FeatureConfig.bak.json|57805025|PAYLOAD_60091729_1","FeatureConfig.bak.json","/settings/v3.0/WaaS/FeatureManagement","PAYLOAD_60091729_1","0","FX:1394ED51","","57805025","2","0","1","","","","","","","e3b0c44298fc1c149afbf4c8996fb92427ae41e4649b934ca495991b7852b855","44136fa355b3678a1146ad16f7e8649e94fb4fc21fe77e8310c060f61caaff8a","cac86d0027b168f543a1d27af8bd0be0d887ae9fbe3329951d87f616d00039b7","{""ad"":{""entityId"":""FX:1394ED51"",""items"":[{""featureId"":57805025,""featureOptions"":2,""ct"":1,""variant"":0,""metadata"":{},""ctOverride"":null}]},""prm"":{""_id"":""0""},""history"":{""_version"":""2025-11-07T00:19:45.1815038Z"",""expstate"":0}}"
"FeatureConfig.bak.json|51721485|PAYLOAD_60091730_1","FeatureConfig.bak.json","/settings/v3.0/WaaS/FeatureManagement","PAYLOAD_60091730_1","0","FX:1394ED52","","51721485","2","0","3","","","","","","","e3b0c44298fc1c149afbf4c8996fb92427ae41e4649b934ca495991b7852b855","44136fa355b3678a1146ad16f7e8649e94fb4fc21fe77e8310c060f61caaff8a","fb8bd724c9464c11d0f96ccf9003f681dea532405e3b313be0854dd8c41ba1c7","{""ad"":{""entityId"":""FX:1394ED52"",""items"":[{""featureId"":51721485,""featureOptions"":2,""ct"":3,""variant"":0,""metadata"":{},""ctOverride"":null}]},""prm"":{""_id"":""0""},""history"":{""_version"":""2025-11-07T00:24:18.5917672Z"",""expstate"":0}}"
"FeatureConfig.bak.json|59112626|PAYLOAD_60180445_1","FeatureConfig.bak.json","/settings/v3.0/WaaS/FeatureManagement","PAYLOAD_60180445_1","0","FX:139647DD","","59112626","2","0","3","","","","","","","e3b0c44298fc1c149afbf4c8996fb92427ae41e4649b934ca495991b7852b855","44136fa355b3678a1146ad16f7e8649e94fb4fc21fe77e8310c060f61caaff8a","88d73075ac7ffb374f14ee676a608ade8eccd5b21274e6d8693a8883e1b4bbdc","{""ad"":{""entityId"":""FX:139647DD"",""items"":[{""featureId"":59112626,""featureOptions"":2,""ct"":3,""variant"":0,""metadata"":{},""ctOverride"":null}]},""prm"":{""_id"":""0""},""history"":{""_version"":""2025-11-14T00:28:34.9473858Z"",""expstate"":0}}"
"FeatureConfig.bak.json|59275076|PAYLOAD_60190364_1","FeatureConfig.bak.json","/settings/v3.0/WaaS/FeatureManagement","PAYLOAD_60190364_1","0","FX:13966E9C","","59275076","2","0","3","","","","","","","e3b0c44298fc1c149afbf4c8996fb92427ae41e4649b934ca495991b7852b855","44136fa355b3678a1146ad16f7e8649e94fb4fc21fe77e8310c060f61caaff8a","c40de9b208f0466c65e37f85c0e26a6dbde1f1da39d44016b2d0c479cc81e280","{""ad"":{""entityId"":""FX:13966E9C"",""items"":[{""featureId"":59275076,""featureOptions"":2,""ct"":3,""variant"":0,""metadata"":{},""ctOverride"":null}]},""prm"":{""_id"":""0""},""history"":{""_version"":""2025-11-15T01:36:58.9284948Z"",""expstate"":0}}"
"FeatureConfig.bak.json|55053776|PAYLOAD_60192365_1","FeatureConfig.bak.json","/settings/v3.0/WaaS/FeatureManagement","PAYLOAD_60192365_1","0","FX:1396766D","","55053776","2","0","3","","","","","","","e3b0c44298fc1c149afbf4c8996fb92427ae41e4649b934ca495991b7852b855","44136fa355b3678a1146ad16f7e8649e94fb4fc21fe77e8310c060f61caaff8a","f40fc5e3bdc89d248d716599c59030d0b47648226f398cc62cd3aa314574585d","{""ad"":{""entityId"":""FX:1396766D"",""items"":[{""featureId"":55053776,""featureOptions"":2,""ct"":3,""variant"":0,""metadata"":{},""ctOverride"":null}]},""prm"":{""_id"":""0""},""history"":{""_version"":""2025-11-15T00:05:57.1551752Z"",""expstate"":0}}"
"FeatureConfig.bak.json|58649900|PAYLOAD_60251063_1","FeatureConfig.bak.json","/settings/v3.0/WaaS/FeatureManagement","PAYLOAD_60251063_1","0","FX:13975BB7","","58649900","2","0","3","","","","","","","e3b0c44298fc1c149afbf4c8996fb92427ae41e4649b934ca495991b7852b855","44136fa355b3678a1146ad16f7e8649e94fb4fc21fe77e8310c060f61caaff8a","2860bc9fe83bfad82fab52bb94745974cfc122324eac8cb83451a18339feb7a7","{""ad"":{""entityId"":""FX:13975BB7"",""items"":[{""featureId"":58649900,""featureOptions"":2,""ct"":3,""variant"":0,""metadata"":{},""ctOverride"":null}]},""prm"":{""_id"":""0""},""history"":{""_version"":""2025-11-20T01:07:52.9704185Z"",""expstate"":0}}"
"FeatureConfig.bak.json|58286439|PAYLOAD_60263986_1","FeatureConfig.bak.json","/settings/v3.0/WaaS/FeatureManagement","PAYLOAD_60263986_1","0","FX:13978E32","","58286439","2","0","3","","","","","","","e3b0c44298fc1c149afbf4c8996fb92427ae41e4649b934ca495991b7852b855","44136fa355b3678a1146ad16f7e8649e94fb4fc21fe77e8310c060f61caaff8a","05bde77e4ed5b354f79e7f77f42289bd97750e5b5551d06b02ab857d9fc07636","{""ad"":{""entityId"":""FX:13978E32"",""items"":[{""featureId"":58286439,""featureOptions"":2,""ct"":3,""variant"":0,""metadata"":{},""ctOverride"":null}]},""prm"":{""_id"":""0""},""history"":{""_version"":""2025-11-21T00:03:11.6992819Z"",""expstate"":0}}"
"FeatureConfig.bak.json|57005088|PAYLOAD_60278824_1","FeatureConfig.bak.json","/settings/v3.0/WaaS/FeatureManagement","PAYLOAD_60278824_1","0","FX:1397C828","","57005088","2","0","1","","","","","","","e3b0c44298fc1c149afbf4c8996fb92427ae41e4649b934ca495991b7852b855","44136fa355b3678a1146ad16f7e8649e94fb4fc21fe77e8310c060f61caaff8a","4acf855ec9f015e2e3fc312f966be7e2ff998ec696ffc501d8afe787452aaf01","{""ad"":{""entityId"":""FX:1397C828"",""items"":[{""featureId"":57005088,""featureOptions"":2,""ct"":1,""variant"":0,""metadata"":{},""ctOverride"":null}]},""prm"":{""_id"":""0""},""history"":{""_version"":""2025-11-21T18:01:07.6848599Z"",""expstate"":0}}"
"FeatureConfig.bak.json|59107775|PAYLOAD_60295756_1","FeatureConfig.bak.json","/settings/v3.0/WaaS/FeatureManagement","PAYLOAD_60295756_1","0","FX:13980A4C","","59107775","2","0","3","","","","","","","e3b0c44298fc1c149afbf4c8996fb92427ae41e4649b934ca495991b7852b855","44136fa355b3678a1146ad16f7e8649e94fb4fc21fe77e8310c060f61caaff8a","50457919a73f4b55849e7275a9e57343b964cc20bb458fae2eec68f11d67e76e","{""ad"":{""entityId"":""FX:13980A4C"",""items"":[{""featureId"":59107775,""featureOptions"":2,""ct"":3,""variant"":0,""metadata"":{},""ctOverride"":null}]},""prm"":{""_id"":""0""},""history"":{""_version"":""2025-11-22T02:17:47.3021855Z"",""expstate"":0}}"
"FeatureConfig.bak.json|59686793|PAYLOAD_60295907_1","FeatureConfig.bak.json","/settings/v3.0/WaaS/FeatureManagement","PAYLOAD_60295907_1","0","FX:13980AE3","","59686793","2","0","3","","","","","","","e3b0c44298fc1c149afbf4c8996fb92427ae41e4649b934ca495991b7852b855","44136fa355b3678a1146ad16f7e8649e94fb4fc21fe77e8310c060f61caaff8a","52c77ce9e8b11b936a3a5f2e9707d3e204e98e348522bd3ac7bbfe82310d2924","{""ad"":{""entityId"":""FX:13980AE3"",""items"":[{""featureId"":59686793,""featureOptions"":2,""ct"":3,""variant"":0,""metadata"":{},""ctOverride"":null}]},""prm"":{""_id"":""0""},""history"":{""_version"":""2025-11-22T02:21:31.066691Z"",""expstate"":0}}"
"FeatureConfig.bak.json|56192390|PAYLOAD_60298041_1","FeatureConfig.bak.json","/settings/v3.0/WaaS/FeatureManagement","PAYLOAD_60298041_1","0","FX:13981339","","56192390","2","0","3","","","","","","","e3b0c44298fc1c149afbf4c8996fb92427ae41e4649b934ca495991b7852b855","44136fa355b3678a1146ad16f7e8649e94fb4fc21fe77e8310c060f61caaff8a","062309ca67d8d64f98641a96525581661a118d5dbf0c121222286e2646b50feb","{""ad"":{""entityId"":""FX:13981339"",""items"":[{""featureId"":56192390,""featureOptions"":2,""ct"":3,""variant"":0,""metadata"":{},""ctOverride"":null}]},""prm"":{""_id"":""0""},""history"":{""_version"":""2025-11-22T03:30:51.340498Z"",""expstate"":0}}"
"FeatureConfig.bak.json|57102626|PAYLOAD_60337516_1","FeatureConfig.bak.json","/settings/v3.0/WaaS/FeatureManagement","PAYLOAD_60337516_1","0","FX:1398AD6C","","57102626","2","0","1","","","","","","","e3b0c44298fc1c149afbf4c8996fb92427ae41e4649b934ca495991b7852b855","44136fa355b3678a1146ad16f7e8649e94fb4fc21fe77e8310c060f61caaff8a","d21c0649eec21617bc0290cc8c62e9d716876ddd4bf4d9bdd47931a603396417","{""ad"":{""entityId"":""FX:1398AD6C"",""items"":[{""featureId"":57102626,""featureOptions"":2,""ct"":1,""variant"":0,""metadata"":{},""ctOverride"":null}]},""prm"":{""_id"":""0""},""history"":{""_version"":""2025-11-25T20:56:37.2886606Z"",""expstate"":0}}"
"FeatureConfig.bak.json|59706734|PAYLOAD_60414157_1","FeatureConfig.bak.json","/settings/v3.0/WaaS/FeatureManagement","PAYLOAD_60414157_1","0","FX:1399D8CD","","59706734","2","0","3","","","","","","","e3b0c44298fc1c149afbf4c8996fb92427ae41e4649b934ca495991b7852b855","44136fa355b3678a1146ad16f7e8649e94fb4fc21fe77e8310c060f61caaff8a","6c0e10790f0a538f572643b6a1858b4bb240ac811a46d915389de8b1d51ff3f8","{""ad"":{""entityId"":""FX:1399D8CD"",""items"":[{""featureId"":59706734,""featureOptions"":2,""ct"":3,""variant"":0,""metadata"":{},""ctOverride"":null}]},""prm"":{""_id"":""0""},""history"":{""_version"":""2025-12-02T20:08:21.465249Z"",""expstate"":0}}"
"FeatureConfig.bak.json|56848077|PAYLOAD_60444173_1","FeatureConfig.bak.json","/settings/v3.0/WaaS/FeatureManagement","PAYLOAD_60444173_1","0","FX:139A4E0D","","56848077","2","0","3","","","","","","","e3b0c44298fc1c149afbf4c8996fb92427ae41e4649b934ca495991b7852b855","44136fa355b3678a1146ad16f7e8649e94fb4fc21fe77e8310c060f61caaff8a","22922a9a795fa6fb24000be18ed069545e9d200bbc2fa5e1143b9269c3357fa7","{""ad"":{""entityId"":""FX:139A4E0D"",""items"":[{""featureId"":56848077,""featureOptions"":2,""ct"":3,""variant"":0,""metadata"":{},""ctOverride"":null}]},""prm"":{""_id"":""0""},""history"":{""_version"":""2025-12-05T01:22:58.8691416Z"",""expstate"":0}}"
"FeatureConfig.bak.json|56794222|PAYLOAD_60483624_1","FeatureConfig.bak.json","/settings/v3.0/WaaS/FeatureManagement","PAYLOAD_60483624_1","0","FX:139AE828","","56794222","2","0","3","","","","","","","e3b0c44298fc1c149afbf4c8996fb92427ae41e4649b934ca495991b7852b855","44136fa355b3678a1146ad16f7e8649e94fb4fc21fe77e8310c060f61caaff8a","33d0bfc2cdf863ebfd6f5667d7bc825be2876378b3c1a5281401b4de116b350f","{""ad"":{""entityId"":""FX:139AE828"",""items"":[{""featureId"":56794222,""featureOptions"":2,""ct"":3,""variant"":0,""metadata"":{},""ctOverride"":null}]},""prm"":{""_id"":""0""},""history"":{""_version"":""2025-12-09T20:57:17.9413428Z"",""expstate"":0}}"
"FeatureConfig.bak.json|56848060|PAYLOAD_60510306_1","FeatureConfig.bak.json","/settings/v3.0/WaaS/FeatureManagement","PAYLOAD_60510306_1","0","FX:139B5062","","56848060","2","0","1","","","","","","","e3b0c44298fc1c149afbf4c8996fb92427ae41e4649b934ca495991b7852b855","44136fa355b3678a1146ad16f7e8649e94fb4fc21fe77e8310c060f61caaff8a","2d7dc0027386bb3753d1034793fdc8ccdc8527d133e9820d89caeaba18a30c00","{""ad"":{""entityId"":""FX:139B5062"",""items"":[{""featureId"":56848060,""featureOptions"":2,""ct"":1,""variant"":0,""metadata"":{},""ctOverride"":null}]},""prm"":{""_id"":""0""},""history"":{""_version"":""2025-12-11T17:32:58.4237022Z"",""expstate"":0}}"
"FeatureConfig.bak.json|49290270|PAYLOAD_60514380_1","FeatureConfig.bak.json","/settings/v3.0/WaaS/FeatureManagement","PAYLOAD_60514380_1","0","FX:139B604C","","49290270","2","0","3","","","","","","","e3b0c44298fc1c149afbf4c8996fb92427ae41e4649b934ca495991b7852b855","44136fa355b3678a1146ad16f7e8649e94fb4fc21fe77e8310c060f61caaff8a","6d9fa04ca4189b3481422ac6ed547b64b85d7cdfc37d0266a50aa903517af13e","{""ad"":{""entityId"":""FX:139B604C"",""items"":[{""featureId"":49290270,""featureOptions"":2,""ct"":3,""variant"":0,""metadata"":{},""ctOverride"":null}]},""prm"":{""_id"":""0""},""history"":{""_version"":""2025-12-12T01:26:25.2977227Z"",""expstate"":0}}"
"FeatureConfig.bak.json|59202163|PAYLOAD_60514972_1","FeatureConfig.bak.json","/settings/v3.0/WaaS/FeatureManagement","PAYLOAD_60514972_1","0","FX:139B629C","","59202163","2","0","0","","","","","","","e3b0c44298fc1c149afbf4c8996fb92427ae41e4649b934ca495991b7852b855","44136fa355b3678a1146ad16f7e8649e94fb4fc21fe77e8310c060f61caaff8a","b534989a5e8b807e4924877c8af863a4b9ccf56ec4c5f7d1d17df1ca7d83e49b","{""ad"":{""entityId"":""FX:139B629C"",""items"":[{""featureId"":59202163,""featureOptions"":2,""ct"":0,""variant"":0,""metadata"":{},""ctOverride"":null}]},""prm"":{""_id"":""0""},""history"":{""_version"":""2025-12-12T03:01:46.0344684Z"",""expstate"":0}}"
"FeatureConfig.bak.json|56625134|PAYLOAD_60515763_1","FeatureConfig.bak.json","/settings/v3.0/WaaS/FeatureManagement","PAYLOAD_60515763_1","0","FX:139B65B3","","56625134","2","0","3","","","","","","","e3b0c44298fc1c149afbf4c8996fb92427ae41e4649b934ca495991b7852b855","44136fa355b3678a1146ad16f7e8649e94fb4fc21fe77e8310c060f61caaff8a","c489382c29aac709c050ae2c808bc593e5920b0752af2500068c876fc207e87b","{""ad"":{""entityId"":""FX:139B65B3"",""items"":[{""featureId"":56625134,""featureOptions"":2,""ct"":3,""variant"":0,""metadata"":{},""ctOverride"":null}]},""prm"":{""_id"":""0""},""history"":{""_version"":""2025-12-12T02:32:40.9696824Z"",""expstate"":0}}"
"FeatureConfig.bak.json|54900690|PAYLOAD_60525534_1","FeatureConfig.bak.json","/settings/v3.0/WaaS/FeatureManagement","PAYLOAD_60525534_1","0","FX:139B8BDE","","54900690","2","0","3","","","","","","","e3b0c44298fc1c149afbf4c8996fb92427ae41e4649b934ca495991b7852b855","44136fa355b3678a1146ad16f7e8649e94fb4fc21fe77e8310c060f61caaff8a","2f9e001b07a0f9a31d2ca3331bd10068a9b5dd95d153f569b36a9714a366d8a2","{""ad"":{""entityId"":""FX:139B8BDE"",""items"":[{""featureId"":54900690,""featureOptions"":2,""ct"":3,""variant"":0,""metadata"":{},""ctOverride"":null}]},""prm"":{""_id"":""0""},""history"":{""_version"":""2025-12-13T01:09:35.1298785Z"",""expstate"":0}}"
"FeatureConfig.bak.json|58022816|PAYLOAD_60743282_1","FeatureConfig.bak.json","/settings/v3.0/WaaS/FeatureManagement","PAYLOAD_60743282_1","0","FX:139EDE72","","58022816","2","0","3","","","","","","","e3b0c44298fc1c149afbf4c8996fb92427ae41e4649b934ca495991b7852b855","44136fa355b3678a1146ad16f7e8649e94fb4fc21fe77e8310c060f61caaff8a","e58e379c8a5d36995d0e814e1cb96f270036fe4c42065d835ce1c8f19f1b8b25","{""ad"":{""entityId"":""FX:139EDE72"",""items"":[{""featureId"":58022816,""featureOptions"":2,""ct"":3,""variant"":0,""metadata"":{},""ctOverride"":null}]},""prm"":{""_id"":""0""},""history"":{""_version"":""2026-01-13T20:57:57.3802071Z"",""expstate"":0}}"
"FeatureConfig.bak.json|60352363|PAYLOAD_60747397_1","FeatureConfig.bak.json","/settings/v3.0/WaaS/FeatureManagement","PAYLOAD_60747397_1","0","FX:139EEE85","","60352363","2","0","3","","","","","","","e3b0c44298fc1c149afbf4c8996fb92427ae41e4649b934ca495991b7852b855","44136fa355b3678a1146ad16f7e8649e94fb4fc21fe77e8310c060f61caaff8a","e11402abb581e0eb4ec4f3fd81045b76f729479eee20e4a7633bd64c01faafc6","{""ad"":{""entityId"":""FX:139EEE85"",""items"":[{""featureId"":60352363,""featureOptions"":2,""ct"":3,""variant"":0,""metadata"":{},""ctOverride"":null}]},""prm"":{""_id"":""0""},""history"":{""_version"":""2026-01-14T00:36:27.6376712Z"",""expstate"":0}}"
"FeatureConfig.bak.json|58274572|PAYLOAD_60747851_1","FeatureConfig.bak.json","/settings/v3.0/WaaS/FeatureManagement","PAYLOAD_60747851_1","0","FX:139EF04B","","58274572","2","0","1","","","","","","","e3b0c44298fc1c149afbf4c8996fb92427ae41e4649b934ca495991b7852b855","44136fa355b3678a1146ad16f7e8649e94fb4fc21fe77e8310c060f61caaff8a","85986bcb8c1feb0aceb09d8537384450acca32f093c67a74887cc696d56b845c","{""ad"":{""entityId"":""FX:139EF04B"",""items"":[{""featureId"":58274572,""featureOptions"":2,""ct"":1,""variant"":0,""metadata"":{},""ctOverride"":null}]},""prm"":{""_id"":""0""},""history"":{""_version"":""2026-01-14T00:40:16.3914339Z"",""expstate"":0}}"
"FeatureConfig.bak.json|58421907|PAYLOAD_60780918_1","FeatureConfig.bak.json","/settings/v3.0/WaaS/FeatureManagement","PAYLOAD_60780918_1","0","FX:139F7176","","58421907","2","0","1","","","","","","","e3b0c44298fc1c149afbf4c8996fb92427ae41e4649b934ca495991b7852b855","44136fa355b3678a1146ad16f7e8649e94fb4fc21fe77e8310c060f61caaff8a","69383c3e3eb55894e55963626e71d24f0ed01d2b3d4bf7b8440cd90ef71ae77b","{""ad"":{""entityId"":""FX:139F7176"",""items"":[{""featureId"":58421907,""featureOptions"":2,""ct"":1,""variant"":0,""metadata"":{},""ctOverride"":null}]},""prm"":{""_id"":""0""},""history"":{""_version"":""2026-01-30T19:19:47.6903705Z"",""expstate"":0}}"
"FeatureConfig.bak.json|58445826|PAYLOAD_60904458_1","FeatureConfig.bak.json","/settings/v3.0/WaaS/FeatureManagement","PAYLOAD_60904458_1","0","FX:13A1540A","","58445826","2","0","3","","","","","","","e3b0c44298fc1c149afbf4c8996fb92427ae41e4649b934ca495991b7852b855","44136fa355b3678a1146ad16f7e8649e94fb4fc21fe77e8310c060f61caaff8a","58b212604bd905194df6e4e3972b5b6ee2ab8c19feac00c39aab1c2306c0fc1b","{""ad"":{""entityId"":""FX:13A1540A"",""items"":[{""featureId"":58445826,""featureOptions"":2,""ct"":3,""variant"":0,""metadata"":{},""ctOverride"":null}]},""prm"":{""_id"":""0""},""history"":{""_version"":""2026-01-29T17:05:02.2929242Z"",""expstate"":0}}"
"FeatureConfig.bak.json|57696949|PAYLOAD_60905530_1","FeatureConfig.bak.json","/settings/v3.0/WaaS/FeatureManagement","PAYLOAD_60905530_1","0","FX:13A1583A","","57696949","2","0","0","","","","","","","e3b0c44298fc1c149afbf4c8996fb92427ae41e4649b934ca495991b7852b855","44136fa355b3678a1146ad16f7e8649e94fb4fc21fe77e8310c060f61caaff8a","8b1ba3a89e1027cf90ae28d3120bbd3c57af57f83238d902afbf3a1e651107cf","{""ad"":{""entityId"":""FX:13A1583A"",""items"":[{""featureId"":57696949,""featureOptions"":2,""ct"":0,""variant"":0,""metadata"":{},""ctOverride"":null}]},""prm"":{""_id"":""0""},""history"":{""_version"":""2026-01-29T19:57:22.9585175Z"",""expstate"":0}}"
"FeatureConfig.bak.json|60243440|PAYLOAD_60918783_1","FeatureConfig.bak.json","/settings/v3.0/WaaS/FeatureManagement","PAYLOAD_60918783_1","0","FX:13A18BFF","","60243440","2","0","3","","","","","","","e3b0c44298fc1c149afbf4c8996fb92427ae41e4649b934ca495991b7852b855","44136fa355b3678a1146ad16f7e8649e94fb4fc21fe77e8310c060f61caaff8a","e7efa066815c18a4255d7fa9edb8245b36ccb1f8e73e5293b7b123b0d4ada753","{""ad"":{""entityId"":""FX:13A18BFF"",""items"":[{""featureId"":60243440,""featureOptions"":2,""ct"":3,""variant"":0,""metadata"":{},""ctOverride"":null}]},""prm"":{""_id"":""0""},""history"":{""_version"":""2026-01-30T23:18:03.7465216Z"",""expstate"":0}}"
"FeatureConfig.bak.json|59015030|PAYLOAD_60983909_1","FeatureConfig.bak.json","/settings/v3.0/WaaS/FeatureManagement","PAYLOAD_60983909_1","0","FX:13A28A65","","59015030","2","0","3","","","","","","","e3b0c44298fc1c149afbf4c8996fb92427ae41e4649b934ca495991b7852b855","44136fa355b3678a1146ad16f7e8649e94fb4fc21fe77e8310c060f61caaff8a","b8ba0975d296423c116b81e737ddc27ad82d33b9d0f1b27c1eb51ce9e952d230","{""ad"":{""entityId"":""FX:13A28A65"",""items"":[{""featureId"":59015030,""featureOptions"":2,""ct"":3,""variant"":0,""metadata"":{},""ctOverride"":null}]},""prm"":{""_id"":""0""},""history"":{""_version"":""2026-02-06T00:33:24.4529642Z"",""expstate"":0}}"
"FeatureConfig.bak.json|58536988|PAYLOAD_60983910_1","FeatureConfig.bak.json","/settings/v3.0/WaaS/FeatureManagement","PAYLOAD_60983910_1","0","FX:13A28A66","","58536988","2","0","3","","","","","","","e3b0c44298fc1c149afbf4c8996fb92427ae41e4649b934ca495991b7852b855","44136fa355b3678a1146ad16f7e8649e94fb4fc21fe77e8310c060f61caaff8a","0c1a361d59029eedc28025b6e9e061ea8f7aee7796c9832d3fb4a5cd400be9f8","{""ad"":{""entityId"":""FX:13A28A66"",""items"":[{""featureId"":58536988,""featureOptions"":2,""ct"":3,""variant"":0,""metadata"":{},""ctOverride"":null}]},""prm"":{""_id"":""0""},""history"":{""_version"":""2026-02-06T00:26:54.3319165Z"",""expstate"":0}}"
"FeatureConfig.bak.json|49642928|PAYLOAD_61011189_1","FeatureConfig.bak.json","/settings/v3.0/WaaS/FeatureManagement","PAYLOAD_61011189_1","0","FX:13A2F4F5","","49642928","2","0","3","","","","","","","e3b0c44298fc1c149afbf4c8996fb92427ae41e4649b934ca495991b7852b855","44136fa355b3678a1146ad16f7e8649e94fb4fc21fe77e8310c060f61caaff8a","f0bd32c6aff83fa58bdc95ce90196a5ce241d8b08583a66eb325368b9737300c","{""ad"":{""entityId"":""FX:13A2F4F5"",""items"":[{""featureId"":49642928,""featureOptions"":2,""ct"":3,""variant"":0,""metadata"":{},""ctOverride"":null}]},""prm"":{""_id"":""0""},""history"":{""_version"":""2026-02-09T18:01:19.8532217Z"",""expstate"":0}}"
"FeatureConfig.bak.json|60247407|PAYLOAD_61030290_1","FeatureConfig.bak.json","/settings/v3.0/WaaS/FeatureManagement","PAYLOAD_61030290_1","0","FX:13A33F92","","60247407","2","0","1","","","","","","","e3b0c44298fc1c149afbf4c8996fb92427ae41e4649b934ca495991b7852b855","44136fa355b3678a1146ad16f7e8649e94fb4fc21fe77e8310c060f61caaff8a","b7a0df6156771cdcc566613e8a77a468f14a65d0d87af332224824d21e691e81","{""ad"":{""entityId"":""FX:13A33F92"",""items"":[{""featureId"":60247407,""featureOptions"":2,""ct"":1,""variant"":0,""metadata"":{},""ctOverride"":null}]},""prm"":{""_id"":""0""},""history"":{""_version"":""2026-02-11T15:43:25.0379226Z"",""expstate"":0}}"
"FeatureConfig.bak.json|60730239|PAYLOAD_61054836_1","FeatureConfig.bak.json","/settings/v3.0/WaaS/FeatureManagement","PAYLOAD_61054836_1","0","FX:13A39F74","","60730239","2","0","3","","","","","","","e3b0c44298fc1c149afbf4c8996fb92427ae41e4649b934ca495991b7852b855","44136fa355b3678a1146ad16f7e8649e94fb4fc21fe77e8310c060f61caaff8a","0735f357d4523f98c0190c358fab909d6a9b5084f660af6c3432f18532479589","{""ad"":{""entityId"":""FX:13A39F74"",""items"":[{""featureId"":60730239,""featureOptions"":2,""ct"":3,""variant"":0,""metadata"":{},""ctOverride"":null}]},""prm"":{""_id"":""0""},""history"":{""_version"":""2026-02-12T23:44:37.7144952Z"",""expstate"":0}}"
"FeatureConfig.bak.json|60428706|PAYLOAD_61055275_1","FeatureConfig.bak.json","/settings/v3.0/WaaS/FeatureManagement","PAYLOAD_61055275_1","0","FX:13A3A12B","","60428706","2","0","3","","","","","","","e3b0c44298fc1c149afbf4c8996fb92427ae41e4649b934ca495991b7852b855","44136fa355b3678a1146ad16f7e8649e94fb4fc21fe77e8310c060f61caaff8a","fe7d5f60c52307cc44b0861115ac398b2f660ccdfdd0ce05e0764c99789f476e","{""ad"":{""entityId"":""FX:13A3A12B"",""items"":[{""featureId"":60428706,""featureOptions"":2,""ct"":3,""variant"":0,""metadata"":{},""ctOverride"":null}]},""prm"":{""_id"":""0""},""history"":{""_version"":""2026-02-13T00:20:15.3943945Z"",""expstate"":0}}"
"FeatureConfig.bak.json|58936720|PAYLOAD_61109243_1","FeatureConfig.bak.json","/settings/v3.0/WaaS/FeatureManagement","PAYLOAD_61109243_1","0","FX:13A473FB","","58936720","2","0","1","","","","","","","e3b0c44298fc1c149afbf4c8996fb92427ae41e4649b934ca495991b7852b855","44136fa355b3678a1146ad16f7e8649e94fb4fc21fe77e8310c060f61caaff8a","e3fe2320220d8418fe3259a8aab08a835c271453c9c160e61aa96732f6ffb8be","{""ad"":{""entityId"":""FX:13A473FB"",""items"":[{""featureId"":58936720,""featureOptions"":2,""ct"":1,""variant"":0,""metadata"":{},""ctOverride"":null}]},""prm"":{""_id"":""0""},""history"":{""_version"":""2026-02-18T22:48:39.9664924Z"",""expstate"":0}}"
"FeatureConfig.bak.json|60314197|PAYLOAD_61168806_1","FeatureConfig.bak.json","/settings/v3.0/WaaS/FeatureManagement","PAYLOAD_61168806_1","0","FX:13A55CA6","","60314197","18","0","3","","","","","","","e3b0c44298fc1c149afbf4c8996fb92427ae41e4649b934ca495991b7852b855","44136fa355b3678a1146ad16f7e8649e94fb4fc21fe77e8310c060f61caaff8a","019935f9a57ee0e19e936ef035048c0f2160b40a257d00a675f7e8479d7ae049","{""ad"":{""entityId"":""FX:13A55CA6"",""items"":[{""featureId"":60314197,""featureOptions"":18,""ct"":3,""variant"":0,""rolloutType"":0,""metadata"":{},""ctOverride"":null}]},""prm"":{""_id"":""0""},""history"":{""_version"":""2026-02-24T19:50:29.721913Z"",""expstate"":0}}"
"FeatureConfig.bak.json|60415611|PAYLOAD_61191057_1","FeatureConfig.bak.json","/settings/v3.0/WaaS/FeatureManagement","PAYLOAD_61191057_1","0","FX:13A5B391","","60415611","2","0","3","","","","","","","e3b0c44298fc1c149afbf4c8996fb92427ae41e4649b934ca495991b7852b855","44136fa355b3678a1146ad16f7e8649e94fb4fc21fe77e8310c060f61caaff8a","79bd8c1c12710571f7f3eeae3524df3d4bf04d98588c7dc4ce536bf511bd2605","{""ad"":{""entityId"":""FX:13A5B391"",""items"":[{""featureId"":60415611,""featureOptions"":2,""ct"":3,""variant"":0,""metadata"":{},""ctOverride"":null}]},""prm"":{""_id"":""0""},""history"":{""_version"":""2026-02-26T17:07:07.733568Z"",""expstate"":0}}"
"FeatureConfig.bak.json|60582403|PAYLOAD_61200765_1","FeatureConfig.bak.json","/settings/v3.0/WaaS/FeatureManagement","PAYLOAD_61200765_1","0","FX:13A5D97D","","60582403","2","0","3","","","","","","","e3b0c44298fc1c149afbf4c8996fb92427ae41e4649b934ca495991b7852b855","44136fa355b3678a1146ad16f7e8649e94fb4fc21fe77e8310c060f61caaff8a","ac7a6b57b3d69827bf9fa97f1ca1b96ab6eb0eeea3c15001eeb49bd9591a37bb","{""ad"":{""entityId"":""FX:13A5D97D"",""items"":[{""featureId"":60582403,""featureOptions"":2,""ct"":3,""variant"":0,""metadata"":{},""ctOverride"":null}]},""prm"":{""_id"":""0""},""history"":{""_version"":""2026-02-27T00:37:01.3719518Z"",""expstate"":0}}"
"FeatureConfig.bak.json|56201473|PAYLOAD_61203904_1","FeatureConfig.bak.json","/settings/v3.0/WaaS/FeatureManagement","PAYLOAD_61203904_1","0","FX:13A5E5C0","","56201473","2","0","3","","","","","","","e3b0c44298fc1c149afbf4c8996fb92427ae41e4649b934ca495991b7852b855","44136fa355b3678a1146ad16f7e8649e94fb4fc21fe77e8310c060f61caaff8a","7573e20b838e413fde8c58ba21fabece9e3b02c69589a0b3902958a00132b510","{""ad"":{""entityId"":""FX:13A5E5C0"",""items"":[{""featureId"":56201473,""featureOptions"":2,""ct"":3,""variant"":0,""metadata"":{},""ctOverride"":null}]},""prm"":{""_id"":""0""},""history"":{""_version"":""2026-02-26T22:45:03.1829991Z"",""expstate"":0}}"
"FeatureConfig.bak.json|59983138|PAYLOAD_61207739_1","FeatureConfig.bak.json","/settings/v3.0/WaaS/FeatureManagement","PAYLOAD_61207739_1","0","FX:13A5F4BB","","59983138","2","0","3","","","","","","","e3b0c44298fc1c149afbf4c8996fb92427ae41e4649b934ca495991b7852b855","44136fa355b3678a1146ad16f7e8649e94fb4fc21fe77e8310c060f61caaff8a","1da841fc002b2d9d8c77682b499c72f637b32f1ec6a28e1aa614020edcb5a807","{""ad"":{""entityId"":""FX:13A5F4BB"",""items"":[{""featureId"":59983138,""featureOptions"":2,""ct"":3,""variant"":0,""metadata"":{},""ctOverride"":null}]},""prm"":{""_id"":""0""},""history"":{""_version"":""2026-02-27T00:24:35.562308Z"",""expstate"":0}}"
"FeatureConfig.bak.json|60312401|PAYLOAD_61272846_1","FeatureConfig.bak.json","/settings/v3.0/WaaS/FeatureManagement","PAYLOAD_61272846_1","0","FX:13A6F30E","","60312401","2","0","1","","","","","","","e3b0c44298fc1c149afbf4c8996fb92427ae41e4649b934ca495991b7852b855","44136fa355b3678a1146ad16f7e8649e94fb4fc21fe77e8310c060f61caaff8a","eda04236d4ada4dcb944d2e4bbf7719592d1c2a92ce8b3d32e76bc32a1a5f5ba","{""ad"":{""entityId"":""FX:13A6F30E"",""items"":[{""featureId"":60312401,""featureOptions"":2,""ct"":1,""variant"":0,""metadata"":{},""ctOverride"":null}]},""prm"":{""_id"":""0""},""history"":{""_version"":""2026-03-03T19:20:17.9760485Z"",""expstate"":0}}"
"FeatureConfig.bak.json|58432370|PAYLOAD_61273769_1","FeatureConfig.bak.json","/settings/v3.0/WaaS/FeatureManagement","PAYLOAD_61273769_1","0","FX:13A6F6A9","","58432370","2","0","3","","","","","","","e3b0c44298fc1c149afbf4c8996fb92427ae41e4649b934ca495991b7852b855","44136fa355b3678a1146ad16f7e8649e94fb4fc21fe77e8310c060f61caaff8a","d180971b6b37700bd64c0a85ff0e93aed0114f6a989293372c7a9d396e19b150","{""ad"":{""entityId"":""FX:13A6F6A9"",""items"":[{""featureId"":58432370,""featureOptions"":2,""ct"":3,""variant"":0,""metadata"":{},""ctOverride"":null}]},""prm"":{""_id"":""0""},""history"":{""_version"":""2026-03-03T20:26:25.1560721Z"",""expstate"":0}}"
"FeatureConfig.bak.json|53283713|PAYLOAD_61316366_1","FeatureConfig.bak.json","/settings/v3.0/WaaS/FeatureManagement","PAYLOAD_61316366_1","0","FX:13A79D0E","","53283713","2","0","3","","","","","","","e3b0c44298fc1c149afbf4c8996fb92427ae41e4649b934ca495991b7852b855","44136fa355b3678a1146ad16f7e8649e94fb4fc21fe77e8310c060f61caaff8a","2aca0706ca15e62b35bcabd57370ba8cfb1c5ba5e50a320b217b3b8fe1b3ed11","{""ad"":{""entityId"":""FX:13A79D0E"",""items"":[{""featureId"":53283713,""featureOptions"":2,""ct"":3,""variant"":0,""metadata"":{},""ctOverride"":null}]},""prm"":{""_id"":""0""},""history"":{""_version"":""2026-03-06T01:21:49.9147695Z"",""expstate"":0}}"
"FeatureConfig.bak.json|31081324|PAYLOAD_61316520_1","FeatureConfig.bak.json","/settings/v3.0/WaaS/FeatureManagement","PAYLOAD_61316520_1","0","FX:13A79DA8","","31081324","2","0","1","","","","","","","e3b0c44298fc1c149afbf4c8996fb92427ae41e4649b934ca495991b7852b855","44136fa355b3678a1146ad16f7e8649e94fb4fc21fe77e8310c060f61caaff8a","91862cb889fd5af20f97714eb759e5b55f2cff6b8464ad2b3126d44d7fcf581b","{""ad"":{""entityId"":""FX:13A79DA8"",""items"":[{""featureId"":31081324,""featureOptions"":2,""ct"":1,""variant"":0,""metadata"":{},""ctOverride"":null}]},""prm"":{""_id"":""0""},""history"":{""_version"":""2026-03-06T01:04:19.565953Z"",""expstate"":0}}"
"FeatureConfig.bak.json|56160586|PAYLOAD_61316560_1","FeatureConfig.bak.json","/settings/v3.0/WaaS/FeatureManagement","PAYLOAD_61316560_1","0","FX:13A79DD0","","56160586","2","0","3","","","","","","","e3b0c44298fc1c149afbf4c8996fb92427ae41e4649b934ca495991b7852b855","44136fa355b3678a1146ad16f7e8649e94fb4fc21fe77e8310c060f61caaff8a","03889f8a67541b23f2bdcb5eb996fe25af35887ba578f0185ed4c991ac8a9607","{""ad"":{""entityId"":""FX:13A79DD0"",""items"":[{""featureId"":56160586,""featureOptions"":2,""ct"":3,""variant"":0,""metadata"":{},""ctOverride"":null}]},""prm"":{""_id"":""0""},""history"":{""_version"":""2026-03-06T01:14:06.9502964Z"",""expstate"":0}}"
"FeatureConfig.bak.json|59867315|PAYLOAD_61359437_1","FeatureConfig.bak.json","/settings/v3.0/WaaS/FeatureManagement","PAYLOAD_61359437_1","0","FX:13A8454D","","59867315","2","0","3","","3","","","","","e3b0c44298fc1c149afbf4c8996fb92427ae41e4649b934ca495991b7852b855","44136fa355b3678a1146ad16f7e8649e94fb4fc21fe77e8310c060f61caaff8a","5f5ca46c5a098c799cc8cfe663de6451b43218edb16c481e63f4a3dddc037eb5","{""ad"":{""entityId"":""FX:13A8454D"",""items"":[{""featureId"":59867315,""featureOptions"":2,""ct"":3,""variant"":0,""metadata"":{},""ctOverride"":3}]},""prm"":{""_id"":""0""},""history"":{""_version"":""2026-03-10T18:29:42.9062062Z"",""expstate"":0}}"
"FeatureConfig.bak.json|60937815|PAYLOAD_61393394_1","FeatureConfig.bak.json","/settings/v3.0/WaaS/FeatureManagement","PAYLOAD_61393394_1","0","FX:13A8C9F2","","60937815","2","0","3","","","","","","","e3b0c44298fc1c149afbf4c8996fb92427ae41e4649b934ca495991b7852b855","44136fa355b3678a1146ad16f7e8649e94fb4fc21fe77e8310c060f61caaff8a","ff74059be0a6687fe62b8d41e48de47e35089dd61caecc57bf05cad19fc22248","{""ad"":{""entityId"":""FX:13A8C9F2"",""items"":[{""featureId"":60937815,""featureOptions"":2,""ct"":3,""variant"":0,""metadata"":{},""ctOverride"":null}]},""prm"":{""_id"":""0""},""history"":{""_version"":""2026-03-12T23:24:03.3745248Z"",""expstate"":0}}"
"FeatureConfig.bak.json|54634447|PAYLOAD_61488082_1","FeatureConfig.bak.json","/settings/v3.0/WaaS/FeatureManagement","PAYLOAD_61488082_1","0","FX:13AA3BD2","","54634447","2","0","3","","","","","","","e3b0c44298fc1c149afbf4c8996fb92427ae41e4649b934ca495991b7852b855","44136fa355b3678a1146ad16f7e8649e94fb4fc21fe77e8310c060f61caaff8a","ced792ce50f325c4b9b6f0a146a68c97af5cfac9429b7c98c20fb111ce8d3432","{""ad"":{""entityId"":""FX:13AA3BD2"",""items"":[{""featureId"":54634447,""featureOptions"":2,""ct"":3,""variant"":0,""metadata"":{},""ctOverride"":null}]},""prm"":{""_id"":""0""},""history"":{""_version"":""2026-03-19T17:21:39.5572218Z"",""expstate"":0}}"
"FeatureConfig.bak.json|51593804|PAYLOAD_61492478_1","FeatureConfig.bak.json","/settings/v3.0/WaaS/FeatureManagement","PAYLOAD_61492478_1","0","FX:13AA4CFE","","51593804","2","0","3","","","","","","","e3b0c44298fc1c149afbf4c8996fb92427ae41e4649b934ca495991b7852b855","44136fa355b3678a1146ad16f7e8649e94fb4fc21fe77e8310c060f61caaff8a","c52949875c8275ed4fea96c7f3fd4d3ae16d7ec071b9703348ae3622955ca790","{""ad"":{""entityId"":""FX:13AA4CFE"",""items"":[{""featureId"":51593804,""featureOptions"":2,""ct"":3,""variant"":0,""metadata"":{},""ctOverride"":null}]},""prm"":{""_id"":""0""},""history"":{""_version"":""2026-03-20T00:19:17.1562642Z"",""expstate"":0}}"
"FeatureConfig.bak.json|56298129|PAYLOAD_61493023_1","FeatureConfig.bak.json","/settings/v3.0/WaaS/FeatureManagement","PAYLOAD_61493023_1","0","FX:13AA4F1F","","56298129","2","0","3","","","","","","","e3b0c44298fc1c149afbf4c8996fb92427ae41e4649b934ca495991b7852b855","44136fa355b3678a1146ad16f7e8649e94fb4fc21fe77e8310c060f61caaff8a","a6140da68b9c33af929f1d09fa19bcb7b27987009aa4d83375ecbd674a25a0bb","{""ad"":{""entityId"":""FX:13AA4F1F"",""items"":[{""featureId"":56298129,""featureOptions"":2,""ct"":3,""variant"":0,""metadata"":{},""ctOverride"":null}]},""prm"":{""_id"":""0""},""history"":{""_version"":""2026-03-19T22:59:01.4779885Z"",""expstate"":0}}"
"FeatureConfig.bak.json|60279858|PAYLOAD_61555356_1","FeatureConfig.bak.json","/settings/v3.0/WaaS/FeatureManagement","PAYLOAD_61555356_1","0","FX:13AB429C","","60279858","2","0","3","","","","","","","e3b0c44298fc1c149afbf4c8996fb92427ae41e4649b934ca495991b7852b855","44136fa355b3678a1146ad16f7e8649e94fb4fc21fe77e8310c060f61caaff8a","d7bf2bc74df898fd3cfa03131b0bec429517a073cca171e1f6a97444dd08f13f","{""ad"":{""entityId"":""FX:13AB429C"",""items"":[{""featureId"":60279858,""featureOptions"":2,""ct"":3,""variant"":0,""metadata"":{},""ctOverride"":null}]},""prm"":{""_id"":""0""},""history"":{""_version"":""2026-03-24T19:03:41.5727597Z"",""expstate"":0}}"
"FeatureConfig.bak.json|52086568|PAYLOAD_61659778_1","FeatureConfig.bak.json","/settings/v3.0/WaaS/FeatureManagement","PAYLOAD_61659778_1","0","FX:13ACDA82","","52086568","2","0","3","","","","","","","e3b0c44298fc1c149afbf4c8996fb92427ae41e4649b934ca495991b7852b855","44136fa355b3678a1146ad16f7e8649e94fb4fc21fe77e8310c060f61caaff8a","df46433a8bcf9ffa95ed8ea563228893bd8481bd250353aa4a3e76036c67cc5a","{""ad"":{""entityId"":""FX:13ACDA82"",""items"":[{""featureId"":52086568,""featureOptions"":2,""ct"":3,""variant"":0,""metadata"":{},""ctOverride"":null}]},""prm"":{""_id"":""0""},""history"":{""_version"":""2026-03-31T19:14:00.30747Z"",""expstate"":0}}"
"FeatureConfig.bak.json|60770424|PAYLOAD_61678915_1","FeatureConfig.bak.json","/settings/v3.0/WaaS/FeatureManagement","PAYLOAD_61678915_1","0","FX:13AD2543","","60770424","2","0","3","","","","","","","e3b0c44298fc1c149afbf4c8996fb92427ae41e4649b934ca495991b7852b855","44136fa355b3678a1146ad16f7e8649e94fb4fc21fe77e8310c060f61caaff8a","c0e8318bcbf5a2e02d4d300aebb05fff613ca89715b92ec5f83741a7515c3462","{""ad"":{""entityId"":""FX:13AD2543"",""items"":[{""featureId"":60770424,""featureOptions"":2,""ct"":3,""variant"":0,""metadata"":{},""ctOverride"":null}]},""prm"":{""_id"":""0""},""history"":{""_version"":""2026-04-01T22:15:08.0275604Z"",""expstate"":0}}"
"FeatureConfig.bak.json|59872186|PAYLOAD_61741085_1","FeatureConfig.bak.json","/settings/v3.0/WaaS/FeatureManagement","PAYLOAD_61741085_1","0","FX:13AE181D","","59872186","2","0","3","","3","","","","","e3b0c44298fc1c149afbf4c8996fb92427ae41e4649b934ca495991b7852b855","44136fa355b3678a1146ad16f7e8649e94fb4fc21fe77e8310c060f61caaff8a","65e5f28e07cd9cfe579f029e791eaf44a947624ddbb7165c01b7450dcc6e3011","{""ad"":{""entityId"":""FX:13AE181D"",""items"":[{""featureId"":59872186,""featureOptions"":2,""ct"":3,""variant"":0,""metadata"":{},""ctOverride"":3}]},""prm"":{""_id"":""0""},""history"":{""_version"":""2026-04-07T02:12:41.8485957Z"",""expState"":0}}"
"FeatureConfig.bak.json|54794917|PAYLOAD_61751831_1","FeatureConfig.bak.json","/settings/v3.0/WaaS/FeatureManagement","PAYLOAD_61751831_1","0","FX:13AE4217","","54794917","2","0","3","","","","","","","e3b0c44298fc1c149afbf4c8996fb92427ae41e4649b934ca495991b7852b855","44136fa355b3678a1146ad16f7e8649e94fb4fc21fe77e8310c060f61caaff8a","6540a084a55e4f296bad08293b1956e7ce7dab4b43c02974ec14855c0961b534","{""ad"":{""entityId"":""FX:13AE4217"",""items"":[{""featureId"":54794917,""featureOptions"":2,""ct"":3,""variant"":0,""metadata"":{},""ctOverride"":null}]},""prm"":{""_id"":""0""},""history"":{""_version"":""2026-04-07T19:12:28.6307081Z"",""expState"":0}}"
"FeatureConfig.bak.json|56135360|PAYLOAD_61756456_1","FeatureConfig.bak.json","/settings/v3.0/WaaS/FeatureManagement","PAYLOAD_61756456_1","0","FX:13AE5428","","56135360","2","0","3","","","","","","","e3b0c44298fc1c149afbf4c8996fb92427ae41e4649b934ca495991b7852b855","44136fa355b3678a1146ad16f7e8649e94fb4fc21fe77e8310c060f61caaff8a","ead44b147021b4e9c43a9eacd37f0eb116353af4c08693433e42c5e697656a4d","{""ad"":{""entityId"":""FX:13AE5428"",""items"":[{""featureId"":56135360,""featureOptions"":2,""ct"":3,""variant"":0,""metadata"":{},""ctOverride"":null}]},""prm"":{""_id"":""0""},""history"":{""_version"":""2026-04-08T02:41:23.0959761Z"",""expState"":0}}"
"FeatureConfig.bak.json|61293116|PAYLOAD_61822578_1","FeatureConfig.bak.json","/settings/v3.0/WaaS/FeatureManagement","PAYLOAD_61822578_1","0","FX:13AF5672","","61293116","4","0","3","","","","","","","e3b0c44298fc1c149afbf4c8996fb92427ae41e4649b934ca495991b7852b855","44136fa355b3678a1146ad16f7e8649e94fb4fc21fe77e8310c060f61caaff8a","1a505e140b123c21f211b20e7a1ac4696f891de2f175ead163fe4a12cc10fb9e","{""ad"":{""entityId"":""FX:13AF5672"",""items"":[{""featureId"":61293116,""featureOptions"":4,""ct"":3,""variant"":0,""metadata"":{},""ctOverride"":null}]},""prm"":{""_id"":""0""},""history"":{""_version"":""2026-04-13T19:53:37.3231556Z"",""expState"":0}}"
"FeatureConfig.bak.json|59162572|PAYLOAD_61838136_1","FeatureConfig.bak.json","/settings/v3.0/WaaS/FeatureManagement","PAYLOAD_61838136_1","0","FX:13AF9338","","59162572","2","0","3","","","","","","","e3b0c44298fc1c149afbf4c8996fb92427ae41e4649b934ca495991b7852b855","44136fa355b3678a1146ad16f7e8649e94fb4fc21fe77e8310c060f61caaff8a","7642b3e547f8437a580fdb50339fbf3903a209b366d6113b989e62584259b220","{""ad"":{""entityId"":""FX:13AF9338"",""items"":[{""featureId"":59162572,""featureOptions"":2,""ct"":3,""variant"":0,""metadata"":{},""ctOverride"":null}]},""prm"":{""_id"":""0""},""history"":{""_version"":""2026-04-14T18:45:38.5775947Z"",""expState"":0}}"
"FeatureConfig.bak.json|54237799|PAYLOAD_61838137_1","FeatureConfig.bak.json","/settings/v3.0/WaaS/FeatureManagement","PAYLOAD_61838137_1","0","FX:13AF9339","","54237799","2","0","3","","","","","","","e3b0c44298fc1c149afbf4c8996fb92427ae41e4649b934ca495991b7852b855","44136fa355b3678a1146ad16f7e8649e94fb4fc21fe77e8310c060f61caaff8a","039350b4efd49dc773382909d3d27e96cccf9420dd03a0e1d184855753efe34d","{""ad"":{""entityId"":""FX:13AF9339"",""items"":[{""featureId"":54237799,""featureOptions"":2,""ct"":3,""variant"":0,""metadata"":{},""ctOverride"":null}]},""prm"":{""_id"":""0""},""history"":{""_version"":""2026-04-14T18:27:29.1925591Z"",""expState"":0}}"
"FeatureConfig.bak.json|59306570|PAYLOAD_61872423_1","FeatureConfig.bak.json","/settings/v3.0/WaaS/FeatureManagement","PAYLOAD_61872423_1","0","FX:13B01927","","59306570","2","0","3","","","","","","","e3b0c44298fc1c149afbf4c8996fb92427ae41e4649b934ca495991b7852b855","44136fa355b3678a1146ad16f7e8649e94fb4fc21fe77e8310c060f61caaff8a","fc8860802ff3bda4e113919eec70950fefa85a2a323ee0ccc333485e16881b84","{""ad"":{""entityId"":""FX:13B01927"",""items"":[{""featureId"":59306570,""featureOptions"":2,""ct"":3,""variant"":0,""metadata"":{},""ctOverride"":null}]},""prm"":{""_id"":""0""},""history"":{""_version"":""2026-04-16T19:15:08.9321596Z"",""expState"":0}}"
"FeatureConfig.bak.json|56955488|PAYLOAD_61930382_1","FeatureConfig.bak.json","/settings/v3.0/WaaS/FeatureManagement","PAYLOAD_61930382_1","0","FX:13B0FB8E","","56955488","2","0","3","","","","","","","e3b0c44298fc1c149afbf4c8996fb92427ae41e4649b934ca495991b7852b855","44136fa355b3678a1146ad16f7e8649e94fb4fc21fe77e8310c060f61caaff8a","9fcb03d4a8b7c76c483bfcad63409242d26532f98e51385ed6291c56aebddf69","{""ad"":{""entityId"":""FX:13B0FB8E"",""items"":[{""featureId"":56955488,""featureOptions"":2,""ct"":3,""variant"":0,""metadata"":{},""ctOverride"":null}]},""prm"":{""_id"":""0""},""history"":{""_version"":""2026-04-21T22:12:03.7561831Z"",""expState"":0}}"
"FeatureConfig.bak.json|61372722|PAYLOAD_61930384_1","FeatureConfig.bak.json","/settings/v3.0/WaaS/FeatureManagement","PAYLOAD_61930384_1","0","FX:13B0FB90","","61372722","2","0","1","","","","","","","e3b0c44298fc1c149afbf4c8996fb92427ae41e4649b934ca495991b7852b855","44136fa355b3678a1146ad16f7e8649e94fb4fc21fe77e8310c060f61caaff8a","1d0b48d8196ac40d80b73ffc2afb67b6c93d47a4911945f4284f88d863448753","{""ad"":{""entityId"":""FX:13B0FB90"",""items"":[{""featureId"":61372722,""featureOptions"":2,""ct"":1,""variant"":0,""metadata"":{},""ctOverride"":null}]},""prm"":{""_id"":""0""},""history"":{""_version"":""2026-04-21T21:36:09.6631962Z"",""expState"":0}}"
"FeatureConfig.bak.json|61504011|PAYLOAD_61947058_1","FeatureConfig.bak.json","/settings/v3.0/WaaS/FeatureManagement","PAYLOAD_61947058_1","0","FX:13B13CB2","","61504011","2","0","3","","","","","","","e3b0c44298fc1c149afbf4c8996fb92427ae41e4649b934ca495991b7852b855","44136fa355b3678a1146ad16f7e8649e94fb4fc21fe77e8310c060f61caaff8a","ed4759fd9f7b6cda38be633e2e7625227b2c9bd855d73034362d7f4e7300e0fa","{""ad"":{""entityId"":""FX:13B13CB2"",""items"":[{""featureId"":61504011,""featureOptions"":2,""ct"":3,""variant"":0,""metadata"":{},""ctOverride"":null}]},""prm"":{""_id"":""0""},""history"":{""_version"":""2026-04-22T20:10:03.3838455Z"",""expState"":0}}"
"FeatureConfig.bak.json|59893834|PAYLOAD_61948638_1","FeatureConfig.bak.json","/settings/v3.0/WaaS/FeatureManagement","PAYLOAD_61948638_1","0","FX:13B142DE","","59893834","2","0","3","","","","","","","e3b0c44298fc1c149afbf4c8996fb92427ae41e4649b934ca495991b7852b855","44136fa355b3678a1146ad16f7e8649e94fb4fc21fe77e8310c060f61caaff8a","0a94fbd215db378eca6e7d288cd591b1505495caacb6fbe78567ee26a6ae0b33","{""ad"":{""entityId"":""FX:13B142DE"",""items"":[{""featureId"":59893834,""featureOptions"":2,""ct"":3,""variant"":0,""metadata"":{},""ctOverride"":null}]},""prm"":{""_id"":""0""},""history"":{""_version"":""2026-04-22T21:28:15.0057283Z"",""expState"":0}}"
"FeatureConfig.bak.json|61481157|PAYLOAD_62185322_1","FeatureConfig.bak.json","/settings/v3.0/WaaS/FeatureManagement","PAYLOAD_62185322_1","0","FX:13B4DF6A","","61481157","2","0","3","","","","","","","e3b0c44298fc1c149afbf4c8996fb92427ae41e4649b934ca495991b7852b855","44136fa355b3678a1146ad16f7e8649e94fb4fc21fe77e8310c060f61caaff8a","2a6dbcd2c2c98fa3bf0cfd3c365819ff896561370bbb8fdf811a783f1b9d583d","{""ad"":{""entityId"":""FX:13B4DF6A"",""items"":[{""featureId"":61481157,""featureOptions"":2,""ct"":3,""variant"":0,""metadata"":{},""ctOverride"":null}]},""prm"":{""_id"":""0""},""history"":{""_version"":""2026-05-07T23:15:01.9016988Z"",""expState"":0}}"
"FeatureConfig.bak.json|56414822|PAYLOAD_62248409_1","FeatureConfig.bak.json","/settings/v3.0/WaaS/FeatureManagement","PAYLOAD_62248409_1","0","FX:13B5D5D9","","56414822","2","0","3","","","","","","","e3b0c44298fc1c149afbf4c8996fb92427ae41e4649b934ca495991b7852b855","44136fa355b3678a1146ad16f7e8649e94fb4fc21fe77e8310c060f61caaff8a","9f0eac2979b5cae2f9af8b8ed187d51f5980bc264011d3e9c778ab14e32d22aa","{""ad"":{""entityId"":""FX:13B5D5D9"",""items"":[{""featureId"":56414822,""featureOptions"":2,""ct"":3,""variant"":0,""metadata"":{},""ctOverride"":null}]},""prm"":{""_id"":""0""},""history"":{""_version"":""2026-05-12T23:56:24.6207603Z"",""expState"":0}}"
"FeatureConfig.bak.json|55045381|PAYLOAD_62262005_1","FeatureConfig.bak.json","/settings/v3.0/WaaS/FeatureManagement","PAYLOAD_62262005_1","0","FX:13B60AF5","","55045381","2","0","3","","","","","","","e3b0c44298fc1c149afbf4c8996fb92427ae41e4649b934ca495991b7852b855","44136fa355b3678a1146ad16f7e8649e94fb4fc21fe77e8310c060f61caaff8a","a5f92bafde25f28f2630032630c1a1a6b9d988f29172b8cdb69809be85fa3a32","{""ad"":{""entityId"":""FX:13B60AF5"",""items"":[{""featureId"":55045381,""featureOptions"":2,""ct"":3,""variant"":0,""metadata"":{},""ctOverride"":null}]},""prm"":{""_id"":""0""},""history"":{""_version"":""2026-05-13T22:55:49.2300787Z"",""expState"":0}}"
"FeatureConfig.bak.json|62061341|PAYLOAD_62269533_1","FeatureConfig.bak.json","/settings/v3.0/WaaS/FeatureManagement","PAYLOAD_62269533_1","0","FX:13B6285D","","62061341","2","0","3","","","","","","","e3b0c44298fc1c149afbf4c8996fb92427ae41e4649b934ca495991b7852b855","44136fa355b3678a1146ad16f7e8649e94fb4fc21fe77e8310c060f61caaff8a","21b7080f1970d1ed4766488bdbb2148ef9908b05aab1a2a0119e2225cf1b9daf","{""ad"":{""entityId"":""FX:13B6285D"",""items"":[{""featureId"":62061341,""featureOptions"":2,""ct"":3,""variant"":0,""metadata"":{},""ctOverride"":null}]},""prm"":{""_id"":""0""},""history"":{""_version"":""2026-05-14T14:32:06.3833353Z"",""expState"":0}}"
"FeatureConfig.bak.json|38123866|PAYLOAD_62278288_1","FeatureConfig.bak.json","/settings/v3.0/WaaS/FeatureManagement","PAYLOAD_62278288_1","0","FX:13B64A90","","38123866","2","0","1","","","","","","","e3b0c44298fc1c149afbf4c8996fb92427ae41e4649b934ca495991b7852b855","44136fa355b3678a1146ad16f7e8649e94fb4fc21fe77e8310c060f61caaff8a","afb9a1ef2efd034f5aedd34c4a5ceddbd5875c063ee7b33e2fc745d979f52397","{""ad"":{""entityId"":""FX:13B64A90"",""items"":[{""featureId"":38123866,""featureOptions"":2,""ct"":1,""variant"":0,""metadata"":{},""ctOverride"":null}]},""prm"":{""_id"":""0""},""history"":{""_version"":""2026-05-14T19:12:33.2367708Z"",""expState"":0}}"
"FeatureConfig.bak.json|58761460|PAYLOAD_62281911_1","FeatureConfig.bak.json","/settings/v3.0/WaaS/FeatureManagement","PAYLOAD_62281911_1","0","FX:13B658B7","","58761460","2","0","3","","","","","","","e3b0c44298fc1c149afbf4c8996fb92427ae41e4649b934ca495991b7852b855","44136fa355b3678a1146ad16f7e8649e94fb4fc21fe77e8310c060f61caaff8a","cb19ef1bd7c18a963e4424590ea312d2050cc5ddcbb26098cd7918b6b9f31d4f","{""ad"":{""entityId"":""FX:13B658B7"",""items"":[{""featureId"":58761460,""featureOptions"":2,""ct"":3,""variant"":0,""metadata"":{},""ctOverride"":null}]},""prm"":{""_id"":""0""},""history"":{""_version"":""2026-05-14T22:50:20.1938065Z"",""expState"":0}}"
"FeatureConfig.bak.json|61289132|PAYLOAD_62348676_1","FeatureConfig.bak.json","/settings/v3.0/WaaS/FeatureManagement","PAYLOAD_62348676_1","0","FX:13B75D84","","61289132","2","0","3","","","","","","","e3b0c44298fc1c149afbf4c8996fb92427ae41e4649b934ca495991b7852b855","44136fa355b3678a1146ad16f7e8649e94fb4fc21fe77e8310c060f61caaff8a","c2ec5ad3e996de2ae5942f901ae449a795c227f1063ed28ae19ee8b9d8e84f42","{""ad"":{""entityId"":""FX:13B75D84"",""items"":[{""featureId"":61289132,""featureOptions"":2,""ct"":3,""variant"":0,""metadata"":{},""ctOverride"":null}]},""prm"":{""_id"":""0""},""history"":{""_version"":""2026-05-19T18:17:43.0638498Z"",""expState"":0}}"
"FeatureConfig.bak.json|60671347|PAYLOAD_62385257_1","FeatureConfig.bak.json","/settings/v3.0/WaaS/FeatureManagement","PAYLOAD_62385257_1","0","FX:13B7EC69","","60671347","2","0","3","","","","","","","e3b0c44298fc1c149afbf4c8996fb92427ae41e4649b934ca495991b7852b855","44136fa355b3678a1146ad16f7e8649e94fb4fc21fe77e8310c060f61caaff8a","fbe864543485d761571286d4784b6f35bbbae271d1265eac54dfa4d7c10945fb","{""ad"":{""entityId"":""FX:13B7EC69"",""items"":[{""featureId"":60671347,""featureOptions"":2,""ct"":3,""variant"":0,""metadata"":{},""ctOverride"":null}]},""prm"":{""_id"":""0""},""history"":{""_version"":""2026-05-21T23:07:35.642285Z"",""expState"":0}}"
"FeatureConfig.bak.json|61273983|PAYLOAD_62385258_1","FeatureConfig.bak.json","/settings/v3.0/WaaS/FeatureManagement","PAYLOAD_62385258_1","0","FX:13B7EC6A","","61273983","2","0","3","","","","","","","e3b0c44298fc1c149afbf4c8996fb92427ae41e4649b934ca495991b7852b855","44136fa355b3678a1146ad16f7e8649e94fb4fc21fe77e8310c060f61caaff8a","4ba694560f59ee950d2bec126a1fb9316301db3da3851321063df258812758c6","{""ad"":{""entityId"":""FX:13B7EC6A"",""items"":[{""featureId"":61273983,""featureOptions"":2,""ct"":3,""variant"":0,""metadata"":{},""ctOverride"":null}]},""prm"":{""_id"":""0""},""history"":{""_version"":""2026-05-21T23:02:41.9139424Z"",""expState"":0}}"
"FeatureConfig.bak.json|59294866|PAYLOAD_62395428_1","FeatureConfig.bak.json","/settings/v3.0/WaaS/FeatureManagement","PAYLOAD_62395428_1","0","FX:13B81424","","59294866","2","0","3","","","","","","","e3b0c44298fc1c149afbf4c8996fb92427ae41e4649b934ca495991b7852b855","44136fa355b3678a1146ad16f7e8649e94fb4fc21fe77e8310c060f61caaff8a","6ca121aff9032b3a6adc9a732ab02696221993849d14a98b79165c9ba38d93fa","{""ad"":{""entityId"":""FX:13B81424"",""items"":[{""featureId"":59294866,""featureOptions"":2,""ct"":3,""variant"":0,""metadata"":{},""ctOverride"":null}]},""prm"":{""_id"":""0""},""history"":{""_version"":""2026-05-22T18:43:51.4059332Z"",""expState"":0}}"
"FeatureConfig.bak.json|60245057|PAYLOAD_62437524_1","FeatureConfig.bak.json","/settings/v3.0/WaaS/FeatureManagement","PAYLOAD_62437524_1","0","FX:13B8B894","","60245057","2","0","1","","","","","","","e3b0c44298fc1c149afbf4c8996fb92427ae41e4649b934ca495991b7852b855","44136fa355b3678a1146ad16f7e8649e94fb4fc21fe77e8310c060f61caaff8a","ab641b06cc8ba247b2dc31657bfa63798c6fd5df989a8537174052f894836cc0","{""ad"":{""entityId"":""FX:13B8B894"",""items"":[{""featureId"":60245057,""featureOptions"":2,""ct"":1,""variant"":0,""metadata"":{},""ctOverride"":null}]},""prm"":{""_id"":""0""},""history"":{""_version"":""2026-05-26T18:14:28.0652849Z"",""expState"":0}}"
"FeatureConfig.bak.json|33393253|PAYLOAD_62472229_1","FeatureConfig.bak.json","/settings/v3.0/WaaS/FeatureManagement","PAYLOAD_62472229_1","0","FX:13B94025","","33393253","2","0","3","","","","","","","e3b0c44298fc1c149afbf4c8996fb92427ae41e4649b934ca495991b7852b855","44136fa355b3678a1146ad16f7e8649e94fb4fc21fe77e8310c060f61caaff8a","0fc0bdaceae47afbeb3439185da1f794acd8c58a3b39d70c79e7b174e85edf61","{""ad"":{""entityId"":""FX:13B94025"",""items"":[{""featureId"":33393253,""featureOptions"":2,""ct"":3,""variant"":0,""metadata"":{},""ctOverride"":null}]},""prm"":{""_id"":""0""},""history"":{""_version"":""2026-05-28T23:22:27.9655073Z"",""expState"":0}}"
"FeatureConfig.bak.json|59994706|PAYLOAD_62472232_1","FeatureConfig.bak.json","/settings/v3.0/WaaS/FeatureManagement","PAYLOAD_62472232_1","0","FX:13B94028","","59994706","2","0","3","","","","","","","e3b0c44298fc1c149afbf4c8996fb92427ae41e4649b934ca495991b7852b855","44136fa355b3678a1146ad16f7e8649e94fb4fc21fe77e8310c060f61caaff8a","3c6903e083fdadbaba9d094279ac47446defa44d739c1d0d0da17987af940c64","{""ad"":{""entityId"":""FX:13B94028"",""items"":[{""featureId"":59994706,""featureOptions"":2,""ct"":3,""variant"":0,""metadata"":{},""ctOverride"":null}]},""prm"":{""_id"":""0""},""history"":{""_version"":""2026-05-28T23:31:40.2263985Z"",""expState"":0}}"
"FeatureConfig.bak.json|58064553|PAYLOAD_62501742_1","FeatureConfig.bak.json","/settings/v3.0/WaaS/FeatureManagement","PAYLOAD_62501742_1","0","FX:13B9B36E","","58064553","2","0","1","","","","","","","e3b0c44298fc1c149afbf4c8996fb92427ae41e4649b934ca495991b7852b855","44136fa355b3678a1146ad16f7e8649e94fb4fc21fe77e8310c060f61caaff8a","3e60b07e5e6ffd88bb0d52aa97cda523fe6bd57e9fe1af9ac58a21506f81d5b4","{""ad"":{""entityId"":""FX:13B9B36E"",""items"":[{""featureId"":58064553,""featureOptions"":2,""ct"":1,""variant"":0,""metadata"":{},""ctOverride"":null}]},""prm"":{""_id"":""0""},""history"":{""_version"":""2026-06-01T15:16:28.4274454Z"",""expState"":0}}"
"FeatureConfig.bak.json|60566563|PAYLOAD_62541051_1","FeatureConfig.bak.json","/settings/v3.0/WaaS/FeatureManagement","PAYLOAD_62541051_1","0","FX:13BA4CFB","","60566563","2","0","0","","","","","","","e3b0c44298fc1c149afbf4c8996fb92427ae41e4649b934ca495991b7852b855","44136fa355b3678a1146ad16f7e8649e94fb4fc21fe77e8310c060f61caaff8a","4dd81639fad927cc7a5ea57b9096e8e4e93d8109fb6287a7583ae63dd5bc234a","{""ad"":{""entityId"":""FX:13BA4CFB"",""items"":[{""featureId"":60566563,""featureOptions"":2,""ct"":0,""variant"":0,""metadata"":{},""ctOverride"":null}]},""prm"":{""_id"":""0""},""history"":{""_version"":""2026-06-02T19:35:15.5916412Z"",""_state"":0,""expState"":0}}"
"FeatureConfig.bak.json|39543558|PAYLOAD_62580870_1","FeatureConfig.bak.json","/settings/v3.0/WaaS/FeatureManagement","PAYLOAD_62580870_1","0","FX:13BAE886","","39543558","2","0","3","","","","","","","e3b0c44298fc1c149afbf4c8996fb92427ae41e4649b934ca495991b7852b855","44136fa355b3678a1146ad16f7e8649e94fb4fc21fe77e8310c060f61caaff8a","cb0797cfb8a89b388ab7d57126af1cb5bcc6c42b9c5ebbfca1ad913d1d7e91fe","{""ad"":{""entityId"":""FX:13BAE886"",""items"":[{""featureId"":39543558,""featureOptions"":2,""ct"":3,""variant"":0,""metadata"":{},""ctOverride"":null}]},""prm"":{""_id"":""0""},""history"":{""_version"":""2026-06-04T23:27:28.2948918Z"",""_state"":0,""expState"":0}}"
"FeatureConfig.bak.json|58638708|PAYLOAD_62580927_1","FeatureConfig.bak.json","/settings/v3.0/WaaS/FeatureManagement","PAYLOAD_62580927_1","0","FX:13BAE8BF","","58638708","2","0","3","","","","","","","e3b0c44298fc1c149afbf4c8996fb92427ae41e4649b934ca495991b7852b855","44136fa355b3678a1146ad16f7e8649e94fb4fc21fe77e8310c060f61caaff8a","cdf79100d29ba810c98376255694a53f406e441186f988728575b9034655d0a1","{""ad"":{""entityId"":""FX:13BAE8BF"",""items"":[{""featureId"":58638708,""featureOptions"":2,""ct"":3,""variant"":0,""metadata"":{},""ctOverride"":null}]},""prm"":{""_id"":""0""},""history"":{""_version"":""2026-06-04T23:46:47.0782629Z"",""_state"":0,""expState"":0}}"
"FeatureConfig.bak.json|60192063|PAYLOAD_62581397_1","FeatureConfig.bak.json","/settings/v3.0/WaaS/FeatureManagement","PAYLOAD_62581397_1","0","FX:13BAEA95","","60192063","2","0","3","","","","","","","e3b0c44298fc1c149afbf4c8996fb92427ae41e4649b934ca495991b7852b855","44136fa355b3678a1146ad16f7e8649e94fb4fc21fe77e8310c060f61caaff8a","fe4a4cf2b22536ca8bc0e62f2e5e4a6d8cf8079af885770d6236f7be19c264ae","{""ad"":{""entityId"":""FX:13BAEA95"",""items"":[{""featureId"":60192063,""featureOptions"":2,""ct"":3,""variant"":0,""metadata"":{},""ctOverride"":null}]},""prm"":{""_id"":""0""},""history"":{""_version"":""2026-06-04T23:59:05.4345004Z"",""_state"":0,""expState"":0}}"
"FeatureConfig.bak.json|61276672|PAYLOAD_62597206_1","FeatureConfig.bak.json","/settings/v3.0/WaaS/FeatureManagement","PAYLOAD_62597206_1","0","FX:13BB2856","","61276672","2","0","3","","","","","","","e3b0c44298fc1c149afbf4c8996fb92427ae41e4649b934ca495991b7852b855","44136fa355b3678a1146ad16f7e8649e94fb4fc21fe77e8310c060f61caaff8a","dfd95773c9949589f34cc8a0a159d50cc22ab21f5dd2a37893cf93ad15336643","{""ad"":{""entityId"":""FX:13BB2856"",""items"":[{""featureId"":61276672,""featureOptions"":2,""ct"":3,""variant"":0,""metadata"":{},""ctOverride"":null}]},""prm"":{""_id"":""0""},""history"":{""_version"":""2026-06-05T21:41:06.7543118Z"",""_state"":0,""expState"":0}}"
"FeatureConfig.bak.json|60369042|PAYLOAD_62640657_1","FeatureConfig.bak.json","/settings/v3.0/WaaS/FeatureManagement","PAYLOAD_62640657_1","0","FX:13BBD211","","60369042","2","0","3","","","","","","","e3b0c44298fc1c149afbf4c8996fb92427ae41e4649b934ca495991b7852b855","44136fa355b3678a1146ad16f7e8649e94fb4fc21fe77e8310c060f61caaff8a","09638430023b3b17e9dbc786651277f83caf985fa06a5b1d4f2eb792e85c9625","{""ad"":{""entityId"":""FX:13BBD211"",""items"":[{""featureId"":60369042,""featureOptions"":2,""ct"":3,""variant"":0,""metadata"":{},""ctOverride"":null}]},""prm"":{""_id"":""0""},""history"":{""_version"":""2026-06-09T19:17:36.7960997Z"",""_state"":0,""expState"":0}}"
"FeatureConfig.bak.json|55334438|PAYLOAD_62640817_1","FeatureConfig.bak.json","/settings/v3.0/WaaS/FeatureManagement","PAYLOAD_62640817_1","0","FX:13BBD2B1","","55334438","2","0","3","","","","","","","e3b0c44298fc1c149afbf4c8996fb92427ae41e4649b934ca495991b7852b855","44136fa355b3678a1146ad16f7e8649e94fb4fc21fe77e8310c060f61caaff8a","1c9d3c531862ff9e72d9c947d155b3b9fa54687733800242bcf492a092c361e4","{""ad"":{""entityId"":""FX:13BBD2B1"",""items"":[{""featureId"":55334438,""featureOptions"":2,""ct"":3,""variant"":0,""metadata"":{},""ctOverride"":null}]},""prm"":{""_id"":""0""},""history"":{""_version"":""2026-06-09T19:29:49.3882856Z"",""_state"":0,""expState"":0}}"
"FeatureConfig.json|35681102|PAYLOAD_37820325_1","FeatureConfig.json","/settings/v3.0/WaaS/FeatureManagement","PAYLOAD_37820325_1","CX_a16e305bf3bd4052b7a53c7b001ed337","FX:124117A5","FV_35681102_0","35681102","2","0","","","","2022-01-20T22:42:12","2025-01-04T22:42:12","0","3600","44136fa355b3678a1146ad16f7e8649e94fb4fc21fe77e8310c060f61caaff8a","e3b0c44298fc1c149afbf4c8996fb92427ae41e4649b934ca495991b7852b855","61307e8da8947a4470ab96927891d93b1e3f4c619a38a8a4783376e29215b93d","{""f"":""raf"",""v"":""1.0"",""rdr"":[{""c"":""CDM"",""u"":""FeatureConfiguration""}],""ad"":{""class"":""content"",""collections"":[],""entityId"":""FX:124117A5"",""itemPropertyManifest"":{},""items"":[{""entityId"":""FV_35681102_0"",""featureId"":35681102,""featureOptions"":2,""properties"":{},""tracking"":{""events"":[{""id"":""impression""},{""id"":""conversion""},{""id"":""opportunity""}],""parameterized"":[]},""triggers"":[],""variant"":0}],""properties"":{},""propertyManifest"":{},""tracking"":{""events"":[{""id"":""impression""}],""parameterized"":[]},""triggers"":[]}..."
"FeatureConfig.json|47557358|PAYLOAD_50653031_1","FeatureConfig.json","/settings/v3.0/WaaS/FeatureManagement","PAYLOAD_50653031_1","0","FX:1304E767","","47557358","4","0","3","","","","","","","e3b0c44298fc1c149afbf4c8996fb92427ae41e4649b934ca495991b7852b855","44136fa355b3678a1146ad16f7e8649e94fb4fc21fe77e8310c060f61caaff8a","284d1be20bfa5cfc9b9a27c3b15f44a85390b76334612e3a02c4c7c34f059625","{""ad"":{""entityId"":""FX:1304E767"",""items"":[{""featureId"":47557358,""featureOptions"":4,""ct"":3,""variant"":0,""metadata"":{},""ctOverride"":null}]},""prm"":{""_id"":""0""}}"
"FeatureConfig.json|49309588|PAYLOAD_50868514_1","FeatureConfig.json","/settings/v3.0/WaaS/FeatureManagement","PAYLOAD_50868514_1","CX_b563a2103a0c4fc896d4757a31a6cc94","FX:13083122","FV_49309588_0","49309588","2","0","3","4","","2024-06-25T00:35:20","9999-12-31T23:59:59","0","3600","44136fa355b3678a1146ad16f7e8649e94fb4fc21fe77e8310c060f61caaff8a","44136fa355b3678a1146ad16f7e8649e94fb4fc21fe77e8310c060f61caaff8a","4f8618381c84d01caf96a2eb7de7fcc0aeb2b70daaea28469245410a12609ada","{""f"":""raf"",""v"":""1.0"",""rdr"":[{""c"":""CDM"",""u"":""FeatureConfiguration""}],""ad"":{""class"":""content"",""collections"":[],""entityId"":""FX:13083122"",""itemPropertyManifest"":{},""items"":[{""entityId"":""FV_49309588_0"",""featureId"":49309588,""featureOptions"":2,""ct"":3,""priority"":4,""properties"":{},""tracking"":{""events"":[{""id"":""impression""},{""id"":""conversion""},{""id"":""opportunity""}],""parameterized"":[]},""triggers"":[],""variant"":0,""metadata"":{},""ctOverride"":null}],""properties"":{},""propertyManifest"":{},""tracking"":{""events"":[{""i..."
"FeatureConfig.json|49577493|PAYLOAD_51956272_1","FeatureConfig.json","/settings/v3.0/WaaS/FeatureManagement","PAYLOAD_51956272_1","CX_0f89e07276fa4942bf8301630e484db6","FX:1318CA30","FV_49577493_0","49577493","2","0","0","4","","2024-06-25T00:35:34","9999-12-31T23:59:59","0","3600","44136fa355b3678a1146ad16f7e8649e94fb4fc21fe77e8310c060f61caaff8a","44136fa355b3678a1146ad16f7e8649e94fb4fc21fe77e8310c060f61caaff8a","976e276fb12ea1278390cb6cd31942ef3206dd9192d0516e7cbbf8fbfae60c28","{""f"":""raf"",""v"":""1.0"",""rdr"":[{""c"":""CDM"",""u"":""FeatureConfiguration""}],""ad"":{""class"":""content"",""collections"":[],""entityId"":""FX:1318CA30"",""itemPropertyManifest"":{},""items"":[{""entityId"":""FV_49577493_0"",""featureId"":49577493,""featureOptions"":2,""ct"":0,""priority"":4,""properties"":{},""tracking"":{""events"":[{""id"":""impression""},{""id"":""conversion""},{""id"":""opportunity""}],""parameterized"":[]},""triggers"":[],""variant"":0,""metadata"":{},""ctOverride"":null}],""properties"":{},""propertyManifest"":{},""tracking"":{""events"":[{""i..."
"FeatureConfig.json|49239926|PAYLOAD_51956462_1","FeatureConfig.json","/settings/v3.0/WaaS/FeatureManagement","PAYLOAD_51956462_1","CX_c060906944284bb0b0796a59f3cba1f7","FX:1318CAEE","FV_49239926_0","49239926","2","0","3","4","","2024-06-25T00:35:15","9999-12-31T23:59:59","0","3600","44136fa355b3678a1146ad16f7e8649e94fb4fc21fe77e8310c060f61caaff8a","44136fa355b3678a1146ad16f7e8649e94fb4fc21fe77e8310c060f61caaff8a","a807b466ee0d6c025d9c21b094d568ec777c520cfb23754430f20f562f578800","{""f"":""raf"",""v"":""1.0"",""rdr"":[{""c"":""CDM"",""u"":""FeatureConfiguration""}],""ad"":{""class"":""content"",""collections"":[],""entityId"":""FX:1318CAEE"",""itemPropertyManifest"":{},""items"":[{""entityId"":""FV_49239926_0"",""featureId"":49239926,""featureOptions"":2,""ct"":3,""priority"":4,""properties"":{},""tracking"":{""events"":[{""id"":""impression""},{""id"":""conversion""},{""id"":""opportunity""}],""parameterized"":[]},""triggers"":[],""variant"":0,""metadata"":{},""ctOverride"":null}],""properties"":{},""propertyManifest"":{},""tracking"":{""events"":[{""i..."
"FeatureConfig.json|49615603|PAYLOAD_51956463_1","FeatureConfig.json","/settings/v3.0/WaaS/FeatureManagement","PAYLOAD_51956463_1","CX_f59cde2faf3143a8a26d3af231244d92","FX:1318CAEF","FV_49615603_0","49615603","2","0","3","4","","2024-06-25T00:35:28","9999-12-31T23:59:59","0","3600","44136fa355b3678a1146ad16f7e8649e94fb4fc21fe77e8310c060f61caaff8a","44136fa355b3678a1146ad16f7e8649e94fb4fc21fe77e8310c060f61caaff8a","5b601d003c400090d1d1c493b480040bb421740f1630c70b412102358b80742a","{""f"":""raf"",""v"":""1.0"",""rdr"":[{""c"":""CDM"",""u"":""FeatureConfiguration""}],""ad"":{""class"":""content"",""collections"":[],""entityId"":""FX:1318CAEF"",""itemPropertyManifest"":{},""items"":[{""entityId"":""FV_49615603_0"",""featureId"":49615603,""featureOptions"":2,""ct"":3,""priority"":4,""properties"":{},""tracking"":{""events"":[{""id"":""impression""},{""id"":""conversion""},{""id"":""opportunity""}],""parameterized"":[]},""triggers"":[],""variant"":0,""metadata"":{},""ctOverride"":null}],""properties"":{},""propertyManifest"":{},""tracking"":{""events"":[{""i..."
"FeatureConfig.json|49204591|PAYLOAD_51956717_1","FeatureConfig.json","/settings/v3.0/WaaS/FeatureManagement","PAYLOAD_51956717_1","CX_f8e760aaa11a4f149f4016fdeab30417","FX:1318CBED","FV_49204591_0","49204591","2","0","3","4","","2024-06-25T00:35:25","9999-12-31T23:59:59","0","3600","44136fa355b3678a1146ad16f7e8649e94fb4fc21fe77e8310c060f61caaff8a","44136fa355b3678a1146ad16f7e8649e94fb4fc21fe77e8310c060f61caaff8a","5aec6460fa44d7bfa1ef1ae2f80aef4010f2edc7afcb95bb2ee59e6957b5fec0","{""f"":""raf"",""v"":""1.0"",""rdr"":[{""c"":""CDM"",""u"":""FeatureConfiguration""}],""ad"":{""class"":""content"",""collections"":[],""entityId"":""FX:1318CBED"",""itemPropertyManifest"":{},""items"":[{""entityId"":""FV_49204591_0"",""featureId"":49204591,""featureOptions"":2,""ct"":3,""priority"":4,""properties"":{},""tracking"":{""events"":[{""id"":""impression""},{""id"":""conversion""},{""id"":""opportunity""}],""parameterized"":[]},""triggers"":[],""variant"":0,""metadata"":{},""ctOverride"":null}],""properties"":{},""propertyManifest"":{},""tracking"":{""events"":[{""i..."
"FeatureConfig.json|50762615|PAYLOAD_51956721_1","FeatureConfig.json","/settings/v3.0/WaaS/FeatureManagement","PAYLOAD_51956721_1","CX_c3079c2da7e047cebeed88abc9193b71","FX:1318CBF1","FV_50762615_0","50762615","2","0","3","4","","2024-06-25T00:35:31","9999-12-31T23:59:59","0","3600","44136fa355b3678a1146ad16f7e8649e94fb4fc21fe77e8310c060f61caaff8a","44136fa355b3678a1146ad16f7e8649e94fb4fc21fe77e8310c060f61caaff8a","2c020eb84992f2a105c29a38b41a393fee375791106d686cb5e2402eb1b79a03","{""f"":""raf"",""v"":""1.0"",""rdr"":[{""c"":""CDM"",""u"":""FeatureConfiguration""}],""ad"":{""class"":""content"",""collections"":[],""entityId"":""FX:1318CBF1"",""itemPropertyManifest"":{},""items"":[{""entityId"":""FV_50762615_0"",""featureId"":50762615,""featureOptions"":2,""ct"":3,""priority"":4,""properties"":{},""tracking"":{""events"":[{""id"":""impression""},{""id"":""conversion""},{""id"":""opportunity""}],""parameterized"":[]},""triggers"":[],""variant"":0,""metadata"":{},""ctOverride"":null}],""properties"":{},""propertyManifest"":{},""tracking"":{""events"":[{""i..."
"FeatureConfig.json|19194309|PAYLOAD_53392223_1","FeatureConfig.json","/settings/v3.0/WaaS/FeatureManagement","PAYLOAD_53392223_1","3","FX:132EB35F","","19194309","4","0","1","","","","","","","e3b0c44298fc1c149afbf4c8996fb92427ae41e4649b934ca495991b7852b855","44136fa355b3678a1146ad16f7e8649e94fb4fc21fe77e8310c060f61caaff8a","52ef9969eb054d2e5be4e4144b3f33dca963eeae763f03c7084754287708442e","{""ad"":{""entityId"":""FX:132EB35F"",""items"":[{""featureId"":19194309,""featureOptions"":4,""ct"":1,""variant"":0,""metadata"":{},""ctOverride"":null}]},""prm"":{""_id"":""3""}}"
"FeatureConfig.json|48780814|PAYLOAD_53661598_1","FeatureConfig.json","/settings/v3.0/WaaS/FeatureManagement","PAYLOAD_53661598_1","0","FX:1332CF9E","","48780814","4","0","0","","","","","","","e3b0c44298fc1c149afbf4c8996fb92427ae41e4649b934ca495991b7852b855","44136fa355b3678a1146ad16f7e8649e94fb4fc21fe77e8310c060f61caaff8a","e0082797e43b7189d4cf7af77ecd92dd191af0653258be023d4875d486fe95f1","{""ad"":{""entityId"":""FX:1332CF9E"",""items"":[{""featureId"":48780814,""featureOptions"":4,""ct"":0,""variant"":0,""metadata"":{},""ctOverride"":null}]},""prm"":{""_id"":""0""}}"
"FeatureConfig.json|51850502|PAYLOAD_54345913_2","FeatureConfig.json","/settings/v3.0/WaaS/FeatureManagement","PAYLOAD_54345913_2","0","FX:233D40B9","","51850502","4","2","0","","","","","","","e3b0c44298fc1c149afbf4c8996fb92427ae41e4649b934ca495991b7852b855","44136fa355b3678a1146ad16f7e8649e94fb4fc21fe77e8310c060f61caaff8a","6148870f34189445d781dc3cab64f43436396990fee7d6aff8996cab4700f41a","{""ad"":{""entityId"":""FX:233D40B9"",""items"":[{""featureId"":51850502,""featureOptions"":4,""ct"":0,""variant"":2,""metadata"":{},""ctOverride"":null}]},""prm"":{""_id"":""0""}}"
"FeatureConfig.json|52800232|PAYLOAD_54725421_1","FeatureConfig.json","/settings/v3.0/WaaS/FeatureManagement","PAYLOAD_54725421_1","0","FX:13430B2D","","52800232","2","0","3","","","","","","","e3b0c44298fc1c149afbf4c8996fb92427ae41e4649b934ca495991b7852b855","44136fa355b3678a1146ad16f7e8649e94fb4fc21fe77e8310c060f61caaff8a","7a23fe5b5e3e028510fc25211e32d1038b73ab96b40096dd718745b4812c1f98","{""ad"":{""entityId"":""FX:13430B2D"",""items"":[{""featureId"":52800232,""featureOptions"":2,""ct"":3,""variant"":0,""metadata"":{},""ctOverride"":null}]},""prm"":{""_id"":""0""}}"
"FeatureConfig.json|53536518|PAYLOAD_54756951_1","FeatureConfig.json","/settings/v3.0/WaaS/FeatureManagement","PAYLOAD_54756951_1","0","FX:13438657","","53536518","2","0","1","","","","","","","e3b0c44298fc1c149afbf4c8996fb92427ae41e4649b934ca495991b7852b855","44136fa355b3678a1146ad16f7e8649e94fb4fc21fe77e8310c060f61caaff8a","3bb3bfc4396a6335380e0b83c1aac0b33b7d3386d621465c91f8bdcca0188939","{""ad"":{""entityId"":""FX:13438657"",""items"":[{""featureId"":53536518,""featureOptions"":2,""ct"":1,""variant"":0,""metadata"":{},""ctOverride"":null}]},""prm"":{""_id"":""0""}}"
"FeatureConfig.json|44030954|PAYLOAD_54960574_1","FeatureConfig.json","/settings/v3.0/WaaS/FeatureManagement","PAYLOAD_54960574_1","0","FX:1346A1BE","","44030954","2","0","3","","","","","","","e3b0c44298fc1c149afbf4c8996fb92427ae41e4649b934ca495991b7852b855","44136fa355b3678a1146ad16f7e8649e94fb4fc21fe77e8310c060f61caaff8a","33c6c490ee63839c09e0c08bac2fc6701366d619bc6963c2a2b6b0104c460302","{""ad"":{""entityId"":""FX:1346A1BE"",""items"":[{""featureId"":44030954,""featureOptions"":2,""ct"":3,""variant"":0,""metadata"":{},""ctOverride"":null}]},""prm"":{""_id"":""0""}}"
"FeatureConfig.json|54642374|PAYLOAD_55343483_1","FeatureConfig.json","/settings/v3.0/WaaS/FeatureManagement","PAYLOAD_55343483_1","0","FX:134C797B","","54642374","4","0","0","","","","","","","e3b0c44298fc1c149afbf4c8996fb92427ae41e4649b934ca495991b7852b855","44136fa355b3678a1146ad16f7e8649e94fb4fc21fe77e8310c060f61caaff8a","e5402a008210ebdbb551c358dd4c3f6334c8e83650e3c937b07704b4030564ac","{""ad"":{""entityId"":""FX:134C797B"",""items"":[{""featureId"":54642374,""featureOptions"":4,""ct"":0,""variant"":0,""metadata"":{},""ctOverride"":null}]},""prm"":{""_id"":""0""}}"
"FeatureConfig.json|48525682|PAYLOAD_55387125_1","FeatureConfig.json","/settings/v3.0/WaaS/FeatureManagement","PAYLOAD_55387125_1","0","FX:134D23F5","","48525682","2","0","3","","","","","","","e3b0c44298fc1c149afbf4c8996fb92427ae41e4649b934ca495991b7852b855","44136fa355b3678a1146ad16f7e8649e94fb4fc21fe77e8310c060f61caaff8a","84ebd4d57c8f0bc142c8797032601fd647b7fea025b2fad5b5689f164c77675e","{""ad"":{""entityId"":""FX:134D23F5"",""items"":[{""featureId"":48525682,""featureOptions"":2,""ct"":3,""variant"":0,""metadata"":{},""ctOverride"":null}]},""prm"":{""_id"":""0""}}"
"FeatureConfig.json|49527529|PAYLOAD_55392586_1","FeatureConfig.json","/settings/v3.0/WaaS/FeatureManagement","PAYLOAD_55392586_1","0","FX:134D394A","","49527529","2","0","3","","","","","","","e3b0c44298fc1c149afbf4c8996fb92427ae41e4649b934ca495991b7852b855","44136fa355b3678a1146ad16f7e8649e94fb4fc21fe77e8310c060f61caaff8a","d98e5b5a50c474e79d317d75d0fe0eac646f848801ca54bf427d46b078e4abba","{""ad"":{""entityId"":""FX:134D394A"",""items"":[{""featureId"":49527529,""featureOptions"":2,""ct"":3,""variant"":0,""metadata"":{},""ctOverride"":null}]},""prm"":{""_id"":""0""}}"
"FeatureConfig.json|50879031|PAYLOAD_55482592_1","FeatureConfig.json","/settings/v3.0/WaaS/FeatureManagement","PAYLOAD_55482592_1","0","FX:134E98E0","","50879031","2","0","3","","","","","","","e3b0c44298fc1c149afbf4c8996fb92427ae41e4649b934ca495991b7852b855","44136fa355b3678a1146ad16f7e8649e94fb4fc21fe77e8310c060f61caaff8a","35457603dbb9dc553e446415c8b0aea4f280a1145c8d1a2b2c997b5db386a6c7","{""ad"":{""entityId"":""FX:134E98E0"",""items"":[{""featureId"":50879031,""featureOptions"":2,""ct"":3,""variant"":0,""metadata"":{},""ctOverride"":null}]},""prm"":{""_id"":""0""}}"
"FeatureConfig.json|47268464|PAYLOAD_55551771_1","FeatureConfig.json","/settings/v3.0/WaaS/FeatureManagement","PAYLOAD_55551771_1","0","FX:134FA71B","","47268464","8","1","0","","","","","","","e3b0c44298fc1c149afbf4c8996fb92427ae41e4649b934ca495991b7852b855","44136fa355b3678a1146ad16f7e8649e94fb4fc21fe77e8310c060f61caaff8a","423b00f57f6a0bde041e3557ae7e0494d7cb52623ab5011baa90ef2149dc0ef4","{""ad"":{""entityId"":""FX:134FA71B"",""items"":[{""featureId"":47268464,""featureOptions"":8,""ct"":0,""variant"":1,""metadata"":{},""ctOverride"":null}]},""prm"":{""_id"":""0""}}"
"FeatureConfig.json|55257892|PAYLOAD_55552204_1","FeatureConfig.json","/settings/v3.0/WaaS/FeatureManagement","PAYLOAD_55552204_1","0","FX:134FA8CC","","55257892","4","0","0","","","","","","","e3b0c44298fc1c149afbf4c8996fb92427ae41e4649b934ca495991b7852b855","44136fa355b3678a1146ad16f7e8649e94fb4fc21fe77e8310c060f61caaff8a","1cc7182d4cce19fcfd015348d77e54c94fa3f5df07d4dd8856b741138f470aed","{""ad"":{""entityId"":""FX:134FA8CC"",""items"":[{""featureId"":55257892,""featureOptions"":4,""ct"":0,""variant"":0,""metadata"":{},""ctOverride"":null}]},""prm"":{""_id"":""0""}}"
"FeatureConfig.json|54157537|PAYLOAD_55565306_1","FeatureConfig.json","/settings/v3.0/WaaS/FeatureManagement","PAYLOAD_55565306_1","0","FX:134FDBFA","","54157537","2","0","1","","","","","","","e3b0c44298fc1c149afbf4c8996fb92427ae41e4649b934ca495991b7852b855","44136fa355b3678a1146ad16f7e8649e94fb4fc21fe77e8310c060f61caaff8a","11efad41b598fba37d945496a6067ff3c3e087635a6372c82b58335e8a3e8056","{""ad"":{""entityId"":""FX:134FDBFA"",""items"":[{""featureId"":54157537,""featureOptions"":2,""ct"":1,""variant"":0,""metadata"":{},""ctOverride"":null}]},""prm"":{""_id"":""0""}}"
"FeatureConfig.json|55258236|PAYLOAD_55718832_1","FeatureConfig.json","/settings/v3.0/WaaS/FeatureManagement","PAYLOAD_55718832_1","0","FX:135233B0","","55258236","4","0","0","","","","","","","e3b0c44298fc1c149afbf4c8996fb92427ae41e4649b934ca495991b7852b855","44136fa355b3678a1146ad16f7e8649e94fb4fc21fe77e8310c060f61caaff8a","2f2344f5d5d1897218be380ba830eb88cd0b6e10bb8e6b9b9f2da6fdf15e8118","{""ad"":{""entityId"":""FX:135233B0"",""items"":[{""featureId"":55258236,""featureOptions"":4,""ct"":0,""variant"":0,""metadata"":{},""ctOverride"":null}]},""prm"":{""_id"":""0""}}"
"FeatureConfig.json|55733275|PAYLOAD_55847336_1","FeatureConfig.json","/settings/v3.0/WaaS/FeatureManagement","PAYLOAD_55847336_1","0","FX:135429A8","","55733275","4","0","0","","","","","","","e3b0c44298fc1c149afbf4c8996fb92427ae41e4649b934ca495991b7852b855","44136fa355b3678a1146ad16f7e8649e94fb4fc21fe77e8310c060f61caaff8a","831362467782b9052a68eae077873b7c5077b7d18c8a78b19b34e22db6d9b9b6","{""ad"":{""entityId"":""FX:135429A8"",""items"":[{""featureId"":55733275,""featureOptions"":4,""ct"":0,""variant"":0,""metadata"":{},""ctOverride"":null}]},""prm"":{""_id"":""0""}}"
"FeatureConfig.json|53421989|PAYLOAD_55949857_1","FeatureConfig.json","/settings/v3.0/WaaS/FeatureManagement","PAYLOAD_55949857_1","0","FX:1355BA21","","53421989","2","0","3","","","","","","","e3b0c44298fc1c149afbf4c8996fb92427ae41e4649b934ca495991b7852b855","44136fa355b3678a1146ad16f7e8649e94fb4fc21fe77e8310c060f61caaff8a","a57ef1137607c94382df4b7dcae71707bb632056e11519b88e10837b39b5b1c1","{""ad"":{""entityId"":""FX:1355BA21"",""items"":[{""featureId"":53421989,""featureOptions"":2,""ct"":3,""variant"":0,""metadata"":{},""ctOverride"":null}]},""prm"":{""_id"":""0""}}"
"FeatureConfig.json|48822452|PAYLOAD_56013155_1","FeatureConfig.json","/settings/v3.0/WaaS/FeatureManagement","PAYLOAD_56013155_1","0","FX:1356B163","","48822452","2","0","3","","","","","","","e3b0c44298fc1c149afbf4c8996fb92427ae41e4649b934ca495991b7852b855","44136fa355b3678a1146ad16f7e8649e94fb4fc21fe77e8310c060f61caaff8a","dec3e9d587f5b9cacc7825d15f4487c60925cfb0e464d53ca4747efbc6d87177","{""ad"":{""entityId"":""FX:1356B163"",""items"":[{""featureId"":48822452,""featureOptions"":2,""ct"":3,""variant"":0,""metadata"":{},""ctOverride"":null}]},""prm"":{""_id"":""0""}}"
"FeatureConfig.json|54627442|PAYLOAD_56036143_1","FeatureConfig.json","/settings/v3.0/WaaS/FeatureManagement","PAYLOAD_56036143_1","0","FX:13570B2F","","54627442","2","0","3","","","","","","","e3b0c44298fc1c149afbf4c8996fb92427ae41e4649b934ca495991b7852b855","44136fa355b3678a1146ad16f7e8649e94fb4fc21fe77e8310c060f61caaff8a","50fbe6c8c58b920eac7e306a69059428cb17c67b84639c0c47ec8a70799906df","{""ad"":{""entityId"":""FX:13570B2F"",""items"":[{""featureId"":54627442,""featureOptions"":2,""ct"":3,""variant"":0,""metadata"":{},""ctOverride"":null}]},""prm"":{""_id"":""0""}}"
"FeatureConfig.json|43572908|PAYLOAD_56036150_1","FeatureConfig.json","/settings/v3.0/WaaS/FeatureManagement","PAYLOAD_56036150_1","0","FX:13570B36","","43572908","2","0","3","","","","","","","e3b0c44298fc1c149afbf4c8996fb92427ae41e4649b934ca495991b7852b855","44136fa355b3678a1146ad16f7e8649e94fb4fc21fe77e8310c060f61caaff8a","4c2184a8615c29980dd34608645234e25b2afd6b10a9e8dc102744e62242a9a8","{""ad"":{""entityId"":""FX:13570B36"",""items"":[{""featureId"":43572908,""featureOptions"":2,""ct"":3,""variant"":0,""metadata"":{},""ctOverride"":null}]},""prm"":{""_id"":""0""}}"
"FeatureConfig.json|53308487|PAYLOAD_56036156_1","FeatureConfig.json","/settings/v3.0/WaaS/FeatureManagement","PAYLOAD_56036156_1","0","FX:13570B3C","","53308487","2","0","3","","","","","","","e3b0c44298fc1c149afbf4c8996fb92427ae41e4649b934ca495991b7852b855","44136fa355b3678a1146ad16f7e8649e94fb4fc21fe77e8310c060f61caaff8a","ac8cdf9333c225569a9d02c44063ccca7ea99f506761af0e44f34e12f8fb64b9","{""ad"":{""entityId"":""FX:13570B3C"",""items"":[{""featureId"":53308487,""featureOptions"":2,""ct"":3,""variant"":0,""metadata"":{},""ctOverride"":null}]},""prm"":{""_id"":""0""}}"
"FeatureConfig.json|51153219|PAYLOAD_56036161_1","FeatureConfig.json","/settings/v3.0/WaaS/FeatureManagement","PAYLOAD_56036161_1","0","FX:13570B41","","51153219","2","0","3","","","","","","","e3b0c44298fc1c149afbf4c8996fb92427ae41e4649b934ca495991b7852b855","44136fa355b3678a1146ad16f7e8649e94fb4fc21fe77e8310c060f61caaff8a","51dd53062a688392e9595ad24c873a1e0778d242172a51f334ced59796929174","{""ad"":{""entityId"":""FX:13570B41"",""items"":[{""featureId"":51153219,""featureOptions"":2,""ct"":3,""variant"":0,""metadata"":{},""ctOverride"":null}]},""prm"":{""_id"":""0""}}"
"FeatureConfig.json|46852388|PAYLOAD_56140615_1","FeatureConfig.json","/settings/v3.0/WaaS/FeatureManagement","PAYLOAD_56140615_1","0","FX:1358A347","","46852388","2","0","3","","","","","","","e3b0c44298fc1c149afbf4c8996fb92427ae41e4649b934ca495991b7852b855","44136fa355b3678a1146ad16f7e8649e94fb4fc21fe77e8310c060f61caaff8a","cf9d93d68ca55f65dacb9ade2c5d59b3ccd2363753d0cdcba59f5dab14c06336","{""ad"":{""entityId"":""FX:1358A347"",""items"":[{""featureId"":46852388,""featureOptions"":2,""ct"":3,""variant"":0,""metadata"":{},""ctOverride"":null}]},""prm"":{""_id"":""0""}}"
"FeatureConfig.json|50783360|PAYLOAD_56191312_1","FeatureConfig.json","/settings/v3.0/WaaS/FeatureManagement","PAYLOAD_56191312_1","0","FX:13596950","","50783360","2","0","3","","","","","","","e3b0c44298fc1c149afbf4c8996fb92427ae41e4649b934ca495991b7852b855","44136fa355b3678a1146ad16f7e8649e94fb4fc21fe77e8310c060f61caaff8a","533deb37bd45072e8a70433744b157d4a8d9b7aca55af8e33af386cd86decb6e","{""ad"":{""entityId"":""FX:13596950"",""items"":[{""featureId"":50783360,""featureOptions"":2,""ct"":3,""variant"":0,""metadata"":{},""ctOverride"":null}]},""prm"":{""_id"":""0""}}"
"FeatureConfig.json|53814925|PAYLOAD_56205514_1","FeatureConfig.json","/settings/v3.0/WaaS/FeatureManagement","PAYLOAD_56205514_1","0","FX:1359A0CA","","53814925","2","0","3","","","","","","","e3b0c44298fc1c149afbf4c8996fb92427ae41e4649b934ca495991b7852b855","44136fa355b3678a1146ad16f7e8649e94fb4fc21fe77e8310c060f61caaff8a","b233be3ce404d4a59bca113ca8514ab33924f16222b99e1411b51aff3b290145","{""ad"":{""entityId"":""FX:1359A0CA"",""items"":[{""featureId"":53814925,""featureOptions"":2,""ct"":3,""variant"":0,""metadata"":{},""ctOverride"":null}]},""prm"":{""_id"":""0""}}"
"FeatureConfig.json|51566757|PAYLOAD_56228665_1","FeatureConfig.json","/settings/v3.0/WaaS/FeatureManagement","PAYLOAD_56228665_1","0","FX:1359FB39","","51566757","2","0","3","","","","","","","e3b0c44298fc1c149afbf4c8996fb92427ae41e4649b934ca495991b7852b855","44136fa355b3678a1146ad16f7e8649e94fb4fc21fe77e8310c060f61caaff8a","3ecffab725b1e333eec59d65ef825a9ee95de374294be970592aa5452dbe7b94","{""ad"":{""entityId"":""FX:1359FB39"",""items"":[{""featureId"":51566757,""featureOptions"":2,""ct"":3,""variant"":0,""metadata"":{},""ctOverride"":null}]},""prm"":{""_id"":""0""}}"
"FeatureConfig.json|47961746|PAYLOAD_56239972_1","FeatureConfig.json","/settings/v3.0/WaaS/FeatureManagement","PAYLOAD_56239972_1","0","FX:135A2764","","47961746","4","0","0","","","","","","","e3b0c44298fc1c149afbf4c8996fb92427ae41e4649b934ca495991b7852b855","44136fa355b3678a1146ad16f7e8649e94fb4fc21fe77e8310c060f61caaff8a","95e56590f18abdca30c69d70b73a879b044c0d8a536f5254d006fc72a2cf6fda","{""ad"":{""entityId"":""FX:135A2764"",""items"":[{""featureId"":47961746,""featureOptions"":4,""ct"":0,""variant"":0,""metadata"":{},""ctOverride"":null}]},""prm"":{""_id"":""0""}}"
"FeatureConfig.json|54881606|PAYLOAD_56259853_1","FeatureConfig.json","/settings/v3.0/WaaS/FeatureManagement","PAYLOAD_56259853_1","0","FX:135A750D","","54881606","2","0","3","","","","","","","e3b0c44298fc1c149afbf4c8996fb92427ae41e4649b934ca495991b7852b855","44136fa355b3678a1146ad16f7e8649e94fb4fc21fe77e8310c060f61caaff8a","8e36182cf055c92ac88a0de20d317edea29ba6e4291cc4cabb2df86a4d79fe42","{""ad"":{""entityId"":""FX:135A750D"",""items"":[{""featureId"":54881606,""featureOptions"":2,""ct"":3,""variant"":0,""metadata"":{},""ctOverride"":null}]},""prm"":{""_id"":""0""}}"
"FeatureConfig.json|54418111|PAYLOAD_56321675_1","FeatureConfig.json","/settings/v3.0/WaaS/FeatureManagement","PAYLOAD_56321675_1","0","FX:135B668B","","54418111","2","0","3","","","","","","","e3b0c44298fc1c149afbf4c8996fb92427ae41e4649b934ca495991b7852b855","44136fa355b3678a1146ad16f7e8649e94fb4fc21fe77e8310c060f61caaff8a","95caa65c7e5abc3c13b8ae8342a5f02441c70a56fab7b68e03715537b389e122","{""ad"":{""entityId"":""FX:135B668B"",""items"":[{""featureId"":54418111,""featureOptions"":2,""ct"":3,""variant"":0,""metadata"":{},""ctOverride"":null}]},""prm"":{""_id"":""0""}}"
"FeatureConfig.json|55821866|PAYLOAD_56384011_1","FeatureConfig.json","/settings/v3.0/WaaS/FeatureManagement","PAYLOAD_56384011_1","0","FX:135C5A0B","","55821866","4","0","0","","","","","","","e3b0c44298fc1c149afbf4c8996fb92427ae41e4649b934ca495991b7852b855","44136fa355b3678a1146ad16f7e8649e94fb4fc21fe77e8310c060f61caaff8a","02a0bc90027201d04cf6f37084be202dc267cc52fc1d7c6d7da48e00493a5baf","{""ad"":{""entityId"":""FX:135C5A0B"",""items"":[{""featureId"":55821866,""featureOptions"":4,""ct"":0,""variant"":0,""metadata"":{},""ctOverride"":null}]},""prm"":{""_id"":""0""}}"
"FeatureConfig.json|43200402|PAYLOAD_56505603_1","FeatureConfig.json","/settings/v3.0/WaaS/FeatureManagement","PAYLOAD_56505603_1","0","FX:135E3503","","43200402","2","0","3","","0","","","","","e3b0c44298fc1c149afbf4c8996fb92427ae41e4649b934ca495991b7852b855","44136fa355b3678a1146ad16f7e8649e94fb4fc21fe77e8310c060f61caaff8a","71cb3187eccd84a6420d65e4502a366c1724996a22c861f79891eb205ca32876","{""ad"":{""entityId"":""FX:135E3503"",""items"":[{""featureId"":43200402,""featureOptions"":2,""ct"":3,""variant"":0,""metadata"":{},""ctOverride"":0}]},""prm"":{""_id"":""0""}}"
"FeatureConfig.json|53081723|PAYLOAD_56508047_1","FeatureConfig.json","/settings/v3.0/WaaS/FeatureManagement","PAYLOAD_56508047_1","0","FX:135E3E8F","","53081723","2","0","0","","","","","","","e3b0c44298fc1c149afbf4c8996fb92427ae41e4649b934ca495991b7852b855","44136fa355b3678a1146ad16f7e8649e94fb4fc21fe77e8310c060f61caaff8a","6902f0ed83dd46523eb9e971b8af96ec39d03452705e635cac9bc756d621a5e2","{""ad"":{""entityId"":""FX:135E3E8F"",""items"":[{""featureId"":53081723,""featureOptions"":2,""ct"":0,""variant"":0,""metadata"":{},""ctOverride"":null}]},""prm"":{""_id"":""0""}}"
"FeatureConfig.json|53250194|PAYLOAD_56521708_1","FeatureConfig.json","/settings/v3.0/WaaS/FeatureManagement","PAYLOAD_56521708_1","0","FX:135E73EC","","53250194","4","0","0","","","","","","","e3b0c44298fc1c149afbf4c8996fb92427ae41e4649b934ca495991b7852b855","44136fa355b3678a1146ad16f7e8649e94fb4fc21fe77e8310c060f61caaff8a","4cf348a07f8db8d3656b1ae6a66b810035b3ee59e5f4ba8d29f96403efaf90d5","{""ad"":{""entityId"":""FX:135E73EC"",""items"":[{""featureId"":53250194,""featureOptions"":4,""ct"":0,""variant"":0,""metadata"":{},""ctOverride"":null}]},""prm"":{""_id"":""0""}}"
"FeatureConfig.json|56392605|PAYLOAD_56522199_1","FeatureConfig.json","/settings/v3.0/WaaS/FeatureManagement","PAYLOAD_56522199_1","0","FX:135E75D7","","56392605","4","0","0","","","","","","","e3b0c44298fc1c149afbf4c8996fb92427ae41e4649b934ca495991b7852b855","44136fa355b3678a1146ad16f7e8649e94fb4fc21fe77e8310c060f61caaff8a","273b4b22714e9e5efbfbb594c3c95485e16186d55c40efcda41b3525d6c10f0d","{""ad"":{""entityId"":""FX:135E75D7"",""items"":[{""featureId"":56392605,""featureOptions"":4,""ct"":0,""variant"":0,""metadata"":{},""ctOverride"":null}]},""prm"":{""_id"":""0""}}"
"FeatureConfig.json|56392607|PAYLOAD_56522268_1","FeatureConfig.json","/settings/v3.0/WaaS/FeatureManagement","PAYLOAD_56522268_1","0","FX:135E761C","","56392607","4","0","0","","","","","","","e3b0c44298fc1c149afbf4c8996fb92427ae41e4649b934ca495991b7852b855","44136fa355b3678a1146ad16f7e8649e94fb4fc21fe77e8310c060f61caaff8a","d2bbb5cd4c43975607b1788e0b8840679c4635bb395abc0cb7f7d8d3f8414363","{""ad"":{""entityId"":""FX:135E761C"",""items"":[{""featureId"":56392607,""featureOptions"":4,""ct"":0,""variant"":0,""metadata"":{},""ctOverride"":null}]},""prm"":{""_id"":""0""}}"
"FeatureConfig.json|55182474|PAYLOAD_56630542_1","FeatureConfig.json","/settings/v3.0/WaaS/FeatureManagement","PAYLOAD_56630542_1","0","FX:13601D0E","","55182474","2","0","3","","","","","","","e3b0c44298fc1c149afbf4c8996fb92427ae41e4649b934ca495991b7852b855","44136fa355b3678a1146ad16f7e8649e94fb4fc21fe77e8310c060f61caaff8a","be3ec543e01711e8da5b77b9a1ffa04f680eb5118727e00623864b2bf67f7b2d","{""ad"":{""entityId"":""FX:13601D0E"",""items"":[{""featureId"":55182474,""featureOptions"":2,""ct"":3,""variant"":0,""metadata"":{},""ctOverride"":null}]},""prm"":{""_id"":""0""}}"
"FeatureConfig.json|54586575|PAYLOAD_56639465_1","FeatureConfig.json","/settings/v3.0/WaaS/FeatureManagement","PAYLOAD_56639465_1","0","FX:13603FE9","","54586575","2","0","3","","","","","","","e3b0c44298fc1c149afbf4c8996fb92427ae41e4649b934ca495991b7852b855","44136fa355b3678a1146ad16f7e8649e94fb4fc21fe77e8310c060f61caaff8a","e32217f56d22950c67b8752ff03f25ae07477947123902adcb3f8d01b27a770a","{""ad"":{""entityId"":""FX:13603FE9"",""items"":[{""featureId"":54586575,""featureOptions"":2,""ct"":3,""variant"":0,""metadata"":{},""ctOverride"":null}]},""prm"":{""_id"":""0""}}"
"FeatureConfig.json|48895077|PAYLOAD_56642688_1","FeatureConfig.json","/settings/v3.0/WaaS/FeatureManagement","PAYLOAD_56642688_1","0","FX:13604C80","","48895077","2","0","3","","","","","","","e3b0c44298fc1c149afbf4c8996fb92427ae41e4649b934ca495991b7852b855","44136fa355b3678a1146ad16f7e8649e94fb4fc21fe77e8310c060f61caaff8a","733ec33395aff37235762bcc19280b97684cdafd494f65d353b68e391d022dbd","{""ad"":{""entityId"":""FX:13604C80"",""items"":[{""featureId"":48895077,""featureOptions"":2,""ct"":3,""variant"":0,""metadata"":{},""ctOverride"":null}]},""prm"":{""_id"":""0""}}"
"FeatureConfig.json|53039167|PAYLOAD_56697503_1","FeatureConfig.json","/settings/v3.0/WaaS/FeatureManagement","PAYLOAD_56697503_1","0","FX:1361229F","","53039167","2","0","3","","","","","","","e3b0c44298fc1c149afbf4c8996fb92427ae41e4649b934ca495991b7852b855","44136fa355b3678a1146ad16f7e8649e94fb4fc21fe77e8310c060f61caaff8a","b315670950747c648708118c096bdd9d0865230799f7ad6e1ecea5bff92d3f94","{""ad"":{""entityId"":""FX:1361229F"",""items"":[{""featureId"":53039167,""featureOptions"":2,""ct"":3,""variant"":0,""metadata"":{},""ctOverride"":null}]},""prm"":{""_id"":""0""}}"
"FeatureConfig.json|52536226|PAYLOAD_56699976_1","FeatureConfig.json","/settings/v3.0/WaaS/FeatureManagement","PAYLOAD_56699976_1","0","FX:13612C48","","52536226","2","0","0","","","","","","","e3b0c44298fc1c149afbf4c8996fb92427ae41e4649b934ca495991b7852b855","44136fa355b3678a1146ad16f7e8649e94fb4fc21fe77e8310c060f61caaff8a","266aa11d5e00201cc2062e62e1561a870630077e0d986b163cf29ef1bcaf6f43","{""ad"":{""entityId"":""FX:13612C48"",""items"":[{""featureId"":52536226,""featureOptions"":2,""ct"":0,""variant"":0,""metadata"":{},""ctOverride"":null}]},""prm"":{""_id"":""0""}}"
"FeatureConfig.json|45738940|PAYLOAD_56730232_1","FeatureConfig.json","/settings/v3.0/WaaS/FeatureManagement","PAYLOAD_56730232_1","0","FX:1361A278","","45738940","2","0","3","","","","","","","e3b0c44298fc1c149afbf4c8996fb92427ae41e4649b934ca495991b7852b855","44136fa355b3678a1146ad16f7e8649e94fb4fc21fe77e8310c060f61caaff8a","e8a8f2e30fbf50e944be4f95c0d837ab768e24404f1a842d665229145c9b41ad","{""ad"":{""entityId"":""FX:1361A278"",""items"":[{""featureId"":45738940,""featureOptions"":2,""ct"":3,""variant"":0,""metadata"":{},""ctOverride"":null}]},""prm"":{""_id"":""0""}}"
"FeatureConfig.json|55537300|PAYLOAD_56755372_1","FeatureConfig.json","/settings/v3.0/WaaS/FeatureManagement","PAYLOAD_56755372_1","0","FX:136204AC","","55537300","2","0","3","","","","","","","e3b0c44298fc1c149afbf4c8996fb92427ae41e4649b934ca495991b7852b855","44136fa355b3678a1146ad16f7e8649e94fb4fc21fe77e8310c060f61caaff8a","94e4891ae2fc972db34ad469290afe614939e368b64ac41cd334238a9b709621","{""ad"":{""entityId"":""FX:136204AC"",""items"":[{""featureId"":55537300,""featureOptions"":2,""ct"":3,""variant"":0,""metadata"":{},""ctOverride"":null}]},""prm"":{""_id"":""0""}}"
"FeatureConfig.json|52058799|PAYLOAD_56770262_1","FeatureConfig.json","/settings/v3.0/WaaS/FeatureManagement","PAYLOAD_56770262_1","0","FX:13623ED6","","52058799","4","0","0","","","","","","","e3b0c44298fc1c149afbf4c8996fb92427ae41e4649b934ca495991b7852b855","44136fa355b3678a1146ad16f7e8649e94fb4fc21fe77e8310c060f61caaff8a","9faedf941dd4afeb01bc0a88fbdea28ec558d0de39c5cbcb5b4aa6692b0e64bb","{""ad"":{""entityId"":""FX:13623ED6"",""items"":[{""featureId"":52058799,""featureOptions"":4,""ct"":0,""variant"":0,""metadata"":{},""ctOverride"":null}]},""prm"":{""_id"":""0""}}"
"FeatureConfig.json|44929832|PAYLOAD_56790199_1","FeatureConfig.json","/settings/v3.0/WaaS/FeatureManagement","PAYLOAD_56790199_1","0","FX:13628CB7","","44929832","2","0","3","","","","","","","e3b0c44298fc1c149afbf4c8996fb92427ae41e4649b934ca495991b7852b855","44136fa355b3678a1146ad16f7e8649e94fb4fc21fe77e8310c060f61caaff8a","6e14c0d851b02d9ce3ca51360dc445bf7c20e9d433a5f6783a2440c64b868443","{""ad"":{""entityId"":""FX:13628CB7"",""items"":[{""featureId"":44929832,""featureOptions"":2,""ct"":3,""variant"":0,""metadata"":{},""ctOverride"":null}]},""prm"":{""_id"":""0""}}"
"FeatureConfig.json|55385540|PAYLOAD_56846206_1","FeatureConfig.json","/settings/v3.0/WaaS/FeatureManagement","PAYLOAD_56846206_1","0","FX:1363677E","","55385540","2","0","3","","","","","","","e3b0c44298fc1c149afbf4c8996fb92427ae41e4649b934ca495991b7852b855","44136fa355b3678a1146ad16f7e8649e94fb4fc21fe77e8310c060f61caaff8a","48e78dd9d80ed754e2b33eaf4d80d5bac9e3ccecac1ae0ceed44c40d3474efb8","{""ad"":{""entityId"":""FX:1363677E"",""items"":[{""featureId"":55385540,""featureOptions"":2,""ct"":3,""variant"":0,""metadata"":{},""ctOverride"":null}]},""prm"":{""_id"":""0""}}"
"FeatureConfig.json|44574507|PAYLOAD_56877254_1","FeatureConfig.json","/settings/v3.0/WaaS/FeatureManagement","PAYLOAD_56877254_1","0","FX:1363E0C6","","44574507","4","0","0","","","","","","","e3b0c44298fc1c149afbf4c8996fb92427ae41e4649b934ca495991b7852b855","44136fa355b3678a1146ad16f7e8649e94fb4fc21fe77e8310c060f61caaff8a","03d5c188544391e6dd7c3658c8f803e24fd936809cd92f870df607416632c9a3","{""ad"":{""entityId"":""FX:1363E0C6"",""items"":[{""featureId"":44574507,""featureOptions"":4,""ct"":0,""variant"":0,""metadata"":{},""ctOverride"":null}]},""prm"":{""_id"":""0""}}"
"FeatureConfig.json|52973182|PAYLOAD_56880759_1","FeatureConfig.json","/settings/v3.0/WaaS/FeatureManagement","PAYLOAD_56880759_1","0","FX:1363EE77","","52973182","2","0","3","","","","","","","e3b0c44298fc1c149afbf4c8996fb92427ae41e4649b934ca495991b7852b855","44136fa355b3678a1146ad16f7e8649e94fb4fc21fe77e8310c060f61caaff8a","b3eac41375fae642c03c7c9e9aaed352e6031bd0ace83e4ed2223f0aff671c0d","{""ad"":{""entityId"":""FX:1363EE77"",""items"":[{""featureId"":52973182,""featureOptions"":2,""ct"":3,""variant"":0,""metadata"":{},""ctOverride"":null}]},""prm"":{""_id"":""0""}}"
"FeatureConfig.json|45286394|PAYLOAD_56895353_1","FeatureConfig.json","/settings/v3.0/WaaS/FeatureManagement","PAYLOAD_56895353_1","0","FX:13642779","","45286394","2","0","1","","","","","","","e3b0c44298fc1c149afbf4c8996fb92427ae41e4649b934ca495991b7852b855","44136fa355b3678a1146ad16f7e8649e94fb4fc21fe77e8310c060f61caaff8a","08326fc051c1d921fc6c6270eb601c169bf8e4cef517de6ac10cc24503db93b1","{""ad"":{""entityId"":""FX:13642779"",""items"":[{""featureId"":45286394,""featureOptions"":2,""ct"":1,""variant"":0,""metadata"":{},""ctOverride"":null}]},""prm"":{""_id"":""0""}}"
"FeatureConfig.json|51534709|PAYLOAD_56895354_1","FeatureConfig.json","/settings/v3.0/WaaS/FeatureManagement","PAYLOAD_56895354_1","0","FX:1364277A","","51534709","2","0","1","","","","","","","e3b0c44298fc1c149afbf4c8996fb92427ae41e4649b934ca495991b7852b855","44136fa355b3678a1146ad16f7e8649e94fb4fc21fe77e8310c060f61caaff8a","b9cc7c6fa3fa3ce06817e01f522707e746ce40f107b8d58297b4b9e5c71988da","{""ad"":{""entityId"":""FX:1364277A"",""items"":[{""featureId"":51534709,""featureOptions"":2,""ct"":1,""variant"":0,""metadata"":{},""ctOverride"":null}]},""prm"":{""_id"":""0""}}"
"FeatureConfig.json|54630686|PAYLOAD_56898053_1","FeatureConfig.json","/settings/v3.0/WaaS/FeatureManagement","PAYLOAD_56898053_1","0","FX:13643205","","54630686","4","0","0","","","","","","","e3b0c44298fc1c149afbf4c8996fb92427ae41e4649b934ca495991b7852b855","44136fa355b3678a1146ad16f7e8649e94fb4fc21fe77e8310c060f61caaff8a","c06d944996790a49d70ae2c281d01fb488b152c4b39fc779afcd3dc988281929","{""ad"":{""entityId"":""FX:13643205"",""items"":[{""featureId"":54630686,""featureOptions"":4,""ct"":0,""variant"":0,""metadata"":{},""ctOverride"":null}]},""prm"":{""_id"":""0""}}"
"FeatureConfig.json|54464903|PAYLOAD_56902719_1","FeatureConfig.json","/settings/v3.0/WaaS/FeatureManagement","PAYLOAD_56902719_1","0","FX:1364443F","","54464903","2","0","3","","","","","","","e3b0c44298fc1c149afbf4c8996fb92427ae41e4649b934ca495991b7852b855","44136fa355b3678a1146ad16f7e8649e94fb4fc21fe77e8310c060f61caaff8a","6fb1543973ed2a0c19fd33edffe1aedf76e4b699ecb278d3977043fe87facbe4","{""ad"":{""entityId"":""FX:1364443F"",""items"":[{""featureId"":54464903,""featureOptions"":2,""ct"":3,""variant"":0,""metadata"":{},""ctOverride"":null}]},""prm"":{""_id"":""0""}}"
"FeatureConfig.json|56856345|PAYLOAD_56915228_1","FeatureConfig.json","/settings/v3.0/WaaS/FeatureManagement","PAYLOAD_56915228_1","0","FX:1364751C","","56856345","4","0","0","","","","","","","e3b0c44298fc1c149afbf4c8996fb92427ae41e4649b934ca495991b7852b855","44136fa355b3678a1146ad16f7e8649e94fb4fc21fe77e8310c060f61caaff8a","e79596bb5fe35833cf3fe3de6305efc60f15b9df4d3f9c398d71150ed1a0b5db","{""ad"":{""entityId"":""FX:1364751C"",""items"":[{""featureId"":56856345,""featureOptions"":4,""ct"":0,""variant"":0,""metadata"":{},""ctOverride"":null}]},""prm"":{""_id"":""0""}}"
"FeatureConfig.json|56856220|PAYLOAD_56915244_1","FeatureConfig.json","/settings/v3.0/WaaS/FeatureManagement","PAYLOAD_56915244_1","0","FX:1364752C","","56856220","4","0","0","","","","","","","e3b0c44298fc1c149afbf4c8996fb92427ae41e4649b934ca495991b7852b855","44136fa355b3678a1146ad16f7e8649e94fb4fc21fe77e8310c060f61caaff8a","325baa02bec98e9302412bb5d6229bc122238721bcafda96bc211a410b4d3f3a","{""ad"":{""entityId"":""FX:1364752C"",""items"":[{""featureId"":56856220,""featureOptions"":4,""ct"":0,""variant"":0,""metadata"":{},""ctOverride"":null}]},""prm"":{""_id"":""0""}}"
"FeatureConfig.json|56258650|PAYLOAD_56923369_1","FeatureConfig.json","/settings/v3.0/WaaS/FeatureManagement","PAYLOAD_56923369_1","0","FX:136494E9","","56258650","2","0","3","","","","","","","e3b0c44298fc1c149afbf4c8996fb92427ae41e4649b934ca495991b7852b855","44136fa355b3678a1146ad16f7e8649e94fb4fc21fe77e8310c060f61caaff8a","86a84b341afd2cc42de6545d8053020b4078625c2dd486854360456b4f232523","{""ad"":{""entityId"":""FX:136494E9"",""items"":[{""featureId"":56258650,""featureOptions"":2,""ct"":3,""variant"":0,""metadata"":{},""ctOverride"":null}]},""prm"":{""_id"":""0""}}"
"FeatureConfig.json|51804928|PAYLOAD_57005792_1","FeatureConfig.json","/settings/v3.0/WaaS/FeatureManagement","PAYLOAD_57005792_1","0","FX:1365D6E0","","51804928","2","0","3","","","","","","","e3b0c44298fc1c149afbf4c8996fb92427ae41e4649b934ca495991b7852b855","44136fa355b3678a1146ad16f7e8649e94fb4fc21fe77e8310c060f61caaff8a","babb89cced11181ec41e7eda021a42059a97a90a89240396fe2901f257cf5dc5","{""ad"":{""entityId"":""FX:1365D6E0"",""items"":[{""featureId"":51804928,""featureOptions"":2,""ct"":3,""variant"":0,""metadata"":{},""ctOverride"":null}]},""prm"":{""_id"":""0""}}"
"FeatureConfig.json|54267862|PAYLOAD_57005793_1","FeatureConfig.json","/settings/v3.0/WaaS/FeatureManagement","PAYLOAD_57005793_1","0","FX:1365D6E1","","54267862","2","0","0","","","","","","","e3b0c44298fc1c149afbf4c8996fb92427ae41e4649b934ca495991b7852b855","44136fa355b3678a1146ad16f7e8649e94fb4fc21fe77e8310c060f61caaff8a","61df4ba88889b34b88967751febb70c18c18694c5b3375f9edb98c20e154df49","{""ad"":{""entityId"":""FX:1365D6E1"",""items"":[{""featureId"":54267862,""featureOptions"":2,""ct"":0,""variant"":0,""metadata"":{},""ctOverride"":null}]},""prm"":{""_id"":""0""}}"
"FeatureConfig.json|56326510|PAYLOAD_57018373_1","FeatureConfig.json","/settings/v3.0/WaaS/FeatureManagement","PAYLOAD_57018373_1","0","FX:13660805","","56326510","2","0","3","","","","","","","e3b0c44298fc1c149afbf4c8996fb92427ae41e4649b934ca495991b7852b855","44136fa355b3678a1146ad16f7e8649e94fb4fc21fe77e8310c060f61caaff8a","d4932a0f0d26338542d2196a37d9dad7c7f290661902f629b55e285253db83f3","{""ad"":{""entityId"":""FX:13660805"",""items"":[{""featureId"":56326510,""featureOptions"":2,""ct"":3,""variant"":0,""metadata"":{},""ctOverride"":null}]},""prm"":{""_id"":""0""}}"
"FeatureConfig.json|56220122|PAYLOAD_57084984_1","FeatureConfig.json","/settings/v3.0/WaaS/FeatureManagement","PAYLOAD_57084984_1","0","FX:13670C38","","56220122","2","0","3","","","","","","","e3b0c44298fc1c149afbf4c8996fb92427ae41e4649b934ca495991b7852b855","44136fa355b3678a1146ad16f7e8649e94fb4fc21fe77e8310c060f61caaff8a","172fdbe108363a245f7995cc030655f065fc6b83515bc5ce23bc40bde79f813b","{""ad"":{""entityId"":""FX:13670C38"",""items"":[{""featureId"":56220122,""featureOptions"":2,""ct"":3,""variant"":0,""metadata"":{},""ctOverride"":null}]},""prm"":{""_id"":""0""}}"
"FeatureConfig.json|56502042|PAYLOAD_57102053_1","FeatureConfig.json","/settings/v3.0/WaaS/FeatureManagement","PAYLOAD_57102053_1","0","FX:13674EE5","","56502042","4","0","0","","","","","","","e3b0c44298fc1c149afbf4c8996fb92427ae41e4649b934ca495991b7852b855","44136fa355b3678a1146ad16f7e8649e94fb4fc21fe77e8310c060f61caaff8a","92bbaf869601c93412cceea7db9cc1fe7e6df0a7aa1198dac1392928685e5523","{""ad"":{""entityId"":""FX:13674EE5"",""items"":[{""featureId"":56502042,""featureOptions"":4,""ct"":0,""variant"":0,""metadata"":{},""ctOverride"":null}]},""prm"":{""_id"":""0""}}"
"FeatureConfig.json|55011675|PAYLOAD_57122669_1","FeatureConfig.json","/settings/v3.0/WaaS/FeatureManagement","PAYLOAD_57122669_1","0","FX:13679F6D","","55011675","2","0","3","","","","","","","e3b0c44298fc1c149afbf4c8996fb92427ae41e4649b934ca495991b7852b855","44136fa355b3678a1146ad16f7e8649e94fb4fc21fe77e8310c060f61caaff8a","15e2c4802483acd4f1b12dfc9fbd577d7907df457e5cf87a79592f5ca921676e","{""ad"":{""entityId"":""FX:13679F6D"",""items"":[{""featureId"":55011675,""featureOptions"":2,""ct"":3,""variant"":0,""metadata"":{},""ctOverride"":null}]},""prm"":{""_id"":""0""}}"
"FeatureConfig.json|53858120|PAYLOAD_57152417_1","FeatureConfig.json","/settings/v3.0/WaaS/FeatureManagement","PAYLOAD_57152417_1","0","FX:136813A1","","53858120","2","0","1","","","","","","","e3b0c44298fc1c149afbf4c8996fb92427ae41e4649b934ca495991b7852b855","44136fa355b3678a1146ad16f7e8649e94fb4fc21fe77e8310c060f61caaff8a","94f392c525835e1f305344bf54a14d8024609f15f10b11733eb4f175cf173aee","{""ad"":{""entityId"":""FX:136813A1"",""items"":[{""featureId"":53858120,""featureOptions"":2,""ct"":1,""variant"":0,""metadata"":{},""ctOverride"":null}]},""prm"":{""_id"":""0""}}"
"FeatureConfig.json|54917906|PAYLOAD_57169058_1","FeatureConfig.json","/settings/v3.0/WaaS/FeatureManagement","PAYLOAD_57169058_1","0","FX:136854A2","","54917906","2","0","3","","","","","","","e3b0c44298fc1c149afbf4c8996fb92427ae41e4649b934ca495991b7852b855","44136fa355b3678a1146ad16f7e8649e94fb4fc21fe77e8310c060f61caaff8a","980ea7b1dc5b367f8adb7906680c06c3b187b1909eb31b02068835d111225d3a","{""ad"":{""entityId"":""FX:136854A2"",""items"":[{""featureId"":54917906,""featureOptions"":2,""ct"":3,""variant"":0,""metadata"":{},""ctOverride"":null}]},""prm"":{""_id"":""0""}}"
"FeatureConfig.json|55182690|PAYLOAD_57171112_1","FeatureConfig.json","/settings/v3.0/WaaS/FeatureManagement","PAYLOAD_57171112_1","0","FX:13685CA8","","55182690","2","0","3","","3","","","","","e3b0c44298fc1c149afbf4c8996fb92427ae41e4649b934ca495991b7852b855","44136fa355b3678a1146ad16f7e8649e94fb4fc21fe77e8310c060f61caaff8a","ab062b05ba2b7e611b53fc7db5e0d34d7cb8ed38fb22e9e47d2da2f16598483e","{""ad"":{""entityId"":""FX:13685CA8"",""items"":[{""featureId"":55182690,""featureOptions"":2,""ct"":3,""variant"":0,""metadata"":{},""ctOverride"":3}]},""prm"":{""_id"":""0""}}"
"FeatureConfig.json|51809855|PAYLOAD_57206962_1","FeatureConfig.json","/settings/v3.0/WaaS/FeatureManagement","PAYLOAD_57206962_1","0","FX:1368E8B2","","51809855","2","0","1","","","","","","","e3b0c44298fc1c149afbf4c8996fb92427ae41e4649b934ca495991b7852b855","44136fa355b3678a1146ad16f7e8649e94fb4fc21fe77e8310c060f61caaff8a","4d194c3d312d1165c2973342f23c51ec265ee3355f810ad2a22252f872f5eb84","{""ad"":{""entityId"":""FX:1368E8B2"",""items"":[{""featureId"":51809855,""featureOptions"":2,""ct"":1,""variant"":0,""metadata"":{},""ctOverride"":null}]},""prm"":{""_id"":""0""}}"
"FeatureConfig.json|56051176|PAYLOAD_57207007_1","FeatureConfig.json","/settings/v3.0/WaaS/FeatureManagement","PAYLOAD_57207007_1","0","FX:1368E8DF","","56051176","2","0","3","","","","","","","e3b0c44298fc1c149afbf4c8996fb92427ae41e4649b934ca495991b7852b855","44136fa355b3678a1146ad16f7e8649e94fb4fc21fe77e8310c060f61caaff8a","17b3b6291f4f736312718b0d91bf3b1917a4a9c0ddd91209f6c33278d6267174","{""ad"":{""entityId"":""FX:1368E8DF"",""items"":[{""featureId"":56051176,""featureOptions"":2,""ct"":3,""variant"":0,""metadata"":{},""ctOverride"":null}]},""prm"":{""_id"":""0""}}"
"FeatureConfig.json|56539790|PAYLOAD_57259682_1","FeatureConfig.json","/settings/v3.0/WaaS/FeatureManagement","PAYLOAD_57259682_1","0","FX:1369B6A2","","56539790","2","0","1","","","","","","","e3b0c44298fc1c149afbf4c8996fb92427ae41e4649b934ca495991b7852b855","44136fa355b3678a1146ad16f7e8649e94fb4fc21fe77e8310c060f61caaff8a","9a8896c624b9fa2527e44eaeeb628aa7d32d1a5835d0e1b87cd1e79738750fe2","{""ad"":{""entityId"":""FX:1369B6A2"",""items"":[{""featureId"":56539790,""featureOptions"":2,""ct"":1,""variant"":0,""metadata"":{},""ctOverride"":null}]},""prm"":{""_id"":""0""}}"
"FeatureConfig.json|47375114|PAYLOAD_57279966_1","FeatureConfig.json","/settings/v3.0/WaaS/FeatureManagement","PAYLOAD_57279966_1","0","FX:136A05DE","","47375114","2","0","0","","","","","","","e3b0c44298fc1c149afbf4c8996fb92427ae41e4649b934ca495991b7852b855","44136fa355b3678a1146ad16f7e8649e94fb4fc21fe77e8310c060f61caaff8a","4f39bbab2f2780c7e0eed736cdb78badada04d839680a2c6978b4d3647ee7956","{""ad"":{""entityId"":""FX:136A05DE"",""items"":[{""featureId"":47375114,""featureOptions"":2,""ct"":0,""variant"":0,""metadata"":{},""ctOverride"":null}]},""prm"":{""_id"":""0""}}"
"FeatureConfig.json|55823572|PAYLOAD_57294644_1","FeatureConfig.json","/settings/v3.0/WaaS/FeatureManagement","PAYLOAD_57294644_1","0","FX:136A3F34","","55823572","2","0","3","","","","","","","e3b0c44298fc1c149afbf4c8996fb92427ae41e4649b934ca495991b7852b855","44136fa355b3678a1146ad16f7e8649e94fb4fc21fe77e8310c060f61caaff8a","219d63aee327c8c0f24c58db4de90821c969ea7e4889bc236ae0f3e92ef19af0","{""ad"":{""entityId"":""FX:136A3F34"",""items"":[{""featureId"":55823572,""featureOptions"":2,""ct"":3,""variant"":0,""metadata"":{},""ctOverride"":null}]},""prm"":{""_id"":""0""}}"
"FeatureConfig.json|48559195|PAYLOAD_57306019_1","FeatureConfig.json","/settings/v3.0/WaaS/FeatureManagement","PAYLOAD_57306019_1","0","FX:136A6BA3","","48559195","4","0","0","","","","","","","e3b0c44298fc1c149afbf4c8996fb92427ae41e4649b934ca495991b7852b855","44136fa355b3678a1146ad16f7e8649e94fb4fc21fe77e8310c060f61caaff8a","3f48c486542f2ca0b845de458569e65d30d0f27f0c6cfd59d97b3d1cd3c904e9","{""ad"":{""entityId"":""FX:136A6BA3"",""items"":[{""featureId"":48559195,""featureOptions"":4,""ct"":0,""variant"":0,""metadata"":{},""ctOverride"":null}]},""prm"":{""_id"":""0""}}"
"FeatureConfig.json|48742963|PAYLOAD_57306037_1","FeatureConfig.json","/settings/v3.0/WaaS/FeatureManagement","PAYLOAD_57306037_1","0","FX:136A6BB5","","48742963","4","0","0","","","","","","","e3b0c44298fc1c149afbf4c8996fb92427ae41e4649b934ca495991b7852b855","44136fa355b3678a1146ad16f7e8649e94fb4fc21fe77e8310c060f61caaff8a","6af2dcea6738088d95a98231bd986b54dea0484a9b8361989e1bd93f0d5812ab","{""ad"":{""entityId"":""FX:136A6BB5"",""items"":[{""featureId"":48742963,""featureOptions"":4,""ct"":0,""variant"":0,""metadata"":{},""ctOverride"":null}]},""prm"":{""_id"":""0""}}"
"FeatureConfig.json|54756137|PAYLOAD_57368518_1","FeatureConfig.json","/settings/v3.0/WaaS/FeatureManagement","PAYLOAD_57368518_1","0","FX:136B5FC6","","54756137","2","0","3","","","","","","","e3b0c44298fc1c149afbf4c8996fb92427ae41e4649b934ca495991b7852b855","44136fa355b3678a1146ad16f7e8649e94fb4fc21fe77e8310c060f61caaff8a","9771b37cc0cc14a2609fea446575734310d84de539a8e677cc2f80ac2d12200e","{""ad"":{""entityId"":""FX:136B5FC6"",""items"":[{""featureId"":54756137,""featureOptions"":2,""ct"":3,""variant"":0,""metadata"":{},""ctOverride"":null}]},""prm"":{""_id"":""0""}}"
"FeatureConfig.json|56500437|PAYLOAD_57386149_1","FeatureConfig.json","/settings/v3.0/WaaS/FeatureManagement","PAYLOAD_57386149_1","0","FX:136BA4A5","","56500437","2","0","3","","","","","","","e3b0c44298fc1c149afbf4c8996fb92427ae41e4649b934ca495991b7852b855","44136fa355b3678a1146ad16f7e8649e94fb4fc21fe77e8310c060f61caaff8a","14af761f12133ab6b60fec97826d67cf7e0ef11669ec3b72d5fc4ab69f030a7e","{""ad"":{""entityId"":""FX:136BA4A5"",""items"":[{""featureId"":56500437,""featureOptions"":2,""ct"":3,""variant"":0,""metadata"":{},""ctOverride"":null}]},""prm"":{""_id"":""0""}}"
"FeatureConfig.json|56864294|PAYLOAD_57436245_1","FeatureConfig.json","/settings/v3.0/WaaS/FeatureManagement","PAYLOAD_57436245_1","0","FX:136C6855","","56864294","2","0","3","","","","","","","e3b0c44298fc1c149afbf4c8996fb92427ae41e4649b934ca495991b7852b855","44136fa355b3678a1146ad16f7e8649e94fb4fc21fe77e8310c060f61caaff8a","a83ca995444a132d322e097affd0ee475c3a3c8e7116a12a1843e2a444b04734","{""ad"":{""entityId"":""FX:136C6855"",""items"":[{""featureId"":56864294,""featureOptions"":2,""ct"":3,""variant"":0,""metadata"":{},""ctOverride"":null}]},""prm"":{""_id"":""0""}}"
"FeatureConfig.json|56777229|PAYLOAD_57509648_1","FeatureConfig.json","/settings/v3.0/WaaS/FeatureManagement","PAYLOAD_57509648_1","0","FX:136D8710","","56777229","2","0","0","","","","","","","e3b0c44298fc1c149afbf4c8996fb92427ae41e4649b934ca495991b7852b855","44136fa355b3678a1146ad16f7e8649e94fb4fc21fe77e8310c060f61caaff8a","e7e549c8af34a83422e76959403638afcd4d0ae41f70b4a1b5e15473e5bb8772","{""ad"":{""entityId"":""FX:136D8710"",""items"":[{""featureId"":56777229,""featureOptions"":2,""ct"":0,""variant"":0,""metadata"":{},""ctOverride"":null}]},""prm"":{""_id"":""0""}}"
"FeatureConfig.json|53086435|PAYLOAD_57524432_1","FeatureConfig.json","/settings/v3.0/WaaS/FeatureManagement","PAYLOAD_57524432_1","0","FX:136DC0D0","","53086435","18","0","3","","1","","","","","e3b0c44298fc1c149afbf4c8996fb92427ae41e4649b934ca495991b7852b855","44136fa355b3678a1146ad16f7e8649e94fb4fc21fe77e8310c060f61caaff8a","36ee00a79aa97ecac2412adc9e0cd1cd227ebf0f866f9eae2154fde53fc5eecf","{""ad"":{""entityId"":""FX:136DC0D0"",""items"":[{""featureId"":53086435,""featureOptions"":18,""ct"":3,""variant"":0,""rolloutType"":0,""metadata"":{},""ctOverride"":1}]},""prm"":{""_id"":""0""}}"
"FeatureConfig.json|39541095|PAYLOAD_57526524_1","FeatureConfig.json","/settings/v3.0/WaaS/FeatureManagement","PAYLOAD_57526524_1","0","FX:136DC8FC","","39541095","2","0","1","","","","","","","e3b0c44298fc1c149afbf4c8996fb92427ae41e4649b934ca495991b7852b855","44136fa355b3678a1146ad16f7e8649e94fb4fc21fe77e8310c060f61caaff8a","38cd5577965c1e56a625bf56f67a962e81840b8667b5c845804b6252e8e60e17","{""ad"":{""entityId"":""FX:136DC8FC"",""items"":[{""featureId"":39541095,""featureOptions"":2,""ct"":1,""variant"":0,""metadata"":{},""ctOverride"":null}]},""prm"":{""_id"":""0""}}"
"FeatureConfig.json|57159141|PAYLOAD_57637960_1","FeatureConfig.json","/settings/v3.0/WaaS/FeatureManagement","PAYLOAD_57637960_1","0","FX:136F7C48","","57159141","2","0","3","","","","","","","e3b0c44298fc1c149afbf4c8996fb92427ae41e4649b934ca495991b7852b855","44136fa355b3678a1146ad16f7e8649e94fb4fc21fe77e8310c060f61caaff8a","02845683168ac3a95529583f697ae62d735a33942e550b94192b989bd2145904","{""ad"":{""entityId"":""FX:136F7C48"",""items"":[{""featureId"":57159141,""featureOptions"":2,""ct"":3,""variant"":0,""metadata"":{},""ctOverride"":null}]},""prm"":{""_id"":""0""}}"
"FeatureConfig.json|55561310|PAYLOAD_57640346_1","FeatureConfig.json","/settings/v3.0/WaaS/FeatureManagement","PAYLOAD_57640346_1","0","FX:136F859A","","55561310","2","0","3","","","","","","","e3b0c44298fc1c149afbf4c8996fb92427ae41e4649b934ca495991b7852b855","44136fa355b3678a1146ad16f7e8649e94fb4fc21fe77e8310c060f61caaff8a","9b1d22f2b3c32320f94f0bdc96381da3ae5ad13cbce061bb4d9ff49b82122181","{""ad"":{""entityId"":""FX:136F859A"",""items"":[{""featureId"":55561310,""featureOptions"":2,""ct"":3,""variant"":0,""metadata"":{},""ctOverride"":null}]},""prm"":{""_id"":""0""}}"
"FeatureConfig.json|55346794|PAYLOAD_57707684_1","FeatureConfig.json","/settings/v3.0/WaaS/FeatureManagement","PAYLOAD_57707684_1","0","FX:13708CA4","","55346794","2","0","3","","","","","","","e3b0c44298fc1c149afbf4c8996fb92427ae41e4649b934ca495991b7852b855","44136fa355b3678a1146ad16f7e8649e94fb4fc21fe77e8310c060f61caaff8a","5e7402c77393cc3d621dece5c7f6877cefb8d33bc1ab0007ff7220e1bac4524a","{""ad"":{""entityId"":""FX:13708CA4"",""items"":[{""featureId"":55346794,""featureOptions"":2,""ct"":3,""variant"":0,""metadata"":{},""ctOverride"":null}]},""prm"":{""_id"":""0""}}"
"FeatureConfig.json|57297225|PAYLOAD_57710006_1","FeatureConfig.json","/settings/v3.0/WaaS/FeatureManagement","PAYLOAD_57710006_1","0","FX:137095B6","","57297225","2","0","3","","3","","","","","e3b0c44298fc1c149afbf4c8996fb92427ae41e4649b934ca495991b7852b855","44136fa355b3678a1146ad16f7e8649e94fb4fc21fe77e8310c060f61caaff8a","73e0be8d1cf373866906203012d354632568962a731c70d0957b9e6e15dcd638","{""ad"":{""entityId"":""FX:137095B6"",""items"":[{""featureId"":57297225,""featureOptions"":2,""ct"":3,""variant"":0,""metadata"":{},""ctOverride"":3}]},""prm"":{""_id"":""0""}}"
"FeatureConfig.json|56769308|PAYLOAD_57803319_1","FeatureConfig.json","/settings/v3.0/WaaS/FeatureManagement","PAYLOAD_57803319_1","0","FX:13720237","","56769308","2","0","3","","","","","","","e3b0c44298fc1c149afbf4c8996fb92427ae41e4649b934ca495991b7852b855","44136fa355b3678a1146ad16f7e8649e94fb4fc21fe77e8310c060f61caaff8a","ba1bff62c24bd79732e03d41a8f010bf67a2fc265704db7926dad803979084c0","{""ad"":{""entityId"":""FX:13720237"",""items"":[{""featureId"":56769308,""featureOptions"":2,""ct"":3,""variant"":0,""metadata"":{},""ctOverride"":null}]},""prm"":{""_id"":""0""}}"
"FeatureConfig.json|55522082|PAYLOAD_57853896_1","FeatureConfig.json","/settings/v3.0/WaaS/FeatureManagement","PAYLOAD_57853896_1","0","FX:1372C7C8","","55522082","2","0","3","","","","","","","e3b0c44298fc1c149afbf4c8996fb92427ae41e4649b934ca495991b7852b855","44136fa355b3678a1146ad16f7e8649e94fb4fc21fe77e8310c060f61caaff8a","3d2d7ad4cad1a2cd0fc9bfebdc358efed15a84f9180b83414115f9c172e7f6e8","{""ad"":{""entityId"":""FX:1372C7C8"",""items"":[{""featureId"":55522082,""featureOptions"":2,""ct"":3,""variant"":0,""metadata"":{},""ctOverride"":null}]},""prm"":{""_id"":""0""}}"
"FeatureConfig.json|56854165|PAYLOAD_57895708_1","FeatureConfig.json","/settings/v3.0/WaaS/FeatureManagement","PAYLOAD_57895708_1","0","FX:13736B1C","","56854165","2","0","3","","","","","","","e3b0c44298fc1c149afbf4c8996fb92427ae41e4649b934ca495991b7852b855","44136fa355b3678a1146ad16f7e8649e94fb4fc21fe77e8310c060f61caaff8a","f6564bb520695270ce46090d0f5cedab90f12895553504ddf6088b94820d8ffc","{""ad"":{""entityId"":""FX:13736B1C"",""items"":[{""featureId"":56854165,""featureOptions"":2,""ct"":3,""variant"":0,""metadata"":{},""ctOverride"":null}]},""prm"":{""_id"":""0""}}"
"FeatureConfig.json|57246082|PAYLOAD_58038731_1","FeatureConfig.json","/settings/v3.0/WaaS/FeatureManagement","PAYLOAD_58038731_1","0","FX:137599CB","","57246082","2","0","1","","","","","","","e3b0c44298fc1c149afbf4c8996fb92427ae41e4649b934ca495991b7852b855","44136fa355b3678a1146ad16f7e8649e94fb4fc21fe77e8310c060f61caaff8a","d024f52b3f67b55c0ae7a03f2ad8ca9cf63af50e3ecd7f18287a2defee3afe67","{""ad"":{""entityId"":""FX:137599CB"",""items"":[{""featureId"":57246082,""featureOptions"":2,""ct"":1,""variant"":0,""metadata"":{},""ctOverride"":null}]},""prm"":{""_id"":""0""}}"
"FeatureConfig.json|57246157|PAYLOAD_58038978_1","FeatureConfig.json","/settings/v3.0/WaaS/FeatureManagement","PAYLOAD_58038978_1","0","FX:13759AC2","","57246157","2","0","1","","","","","","","e3b0c44298fc1c149afbf4c8996fb92427ae41e4649b934ca495991b7852b855","44136fa355b3678a1146ad16f7e8649e94fb4fc21fe77e8310c060f61caaff8a","29fbc8337f2e29b0f365bf6313ae6de305e9297e01467c750f6b3224fb634319","{""ad"":{""entityId"":""FX:13759AC2"",""items"":[{""featureId"":57246157,""featureOptions"":2,""ct"":1,""variant"":0,""metadata"":{},""ctOverride"":null}]},""prm"":{""_id"":""0""}}"
"FeatureConfig.json|57469498|PAYLOAD_58096282_1","FeatureConfig.json","/settings/v3.0/WaaS/FeatureManagement","PAYLOAD_58096282_1","0","FX:13767A9A","","57469498","2","0","3","","","","","","","e3b0c44298fc1c149afbf4c8996fb92427ae41e4649b934ca495991b7852b855","44136fa355b3678a1146ad16f7e8649e94fb4fc21fe77e8310c060f61caaff8a","4c71a7843f66d9b06c6f5cdf9e4ec8728a0151cbe7105e308173055502fcd274","{""ad"":{""entityId"":""FX:13767A9A"",""items"":[{""featureId"":57469498,""featureOptions"":2,""ct"":3,""variant"":0,""metadata"":{},""ctOverride"":null}]},""prm"":{""_id"":""0""}}"
"FeatureConfig.json|56094336|PAYLOAD_58108460_1","FeatureConfig.json","/settings/v3.0/WaaS/FeatureManagement","PAYLOAD_58108460_1","0","FX:1376AA2C","","56094336","4","0","0","","","","","","","e3b0c44298fc1c149afbf4c8996fb92427ae41e4649b934ca495991b7852b855","44136fa355b3678a1146ad16f7e8649e94fb4fc21fe77e8310c060f61caaff8a","a3a9b215384505405330b1cb81eab39c253b36043c35d0f1a7c0778fa538073b","{""ad"":{""entityId"":""FX:1376AA2C"",""items"":[{""featureId"":56094336,""featureOptions"":4,""ct"":0,""variant"":0,""metadata"":{},""ctOverride"":null}]},""prm"":{""_id"":""0""}}"
"FeatureConfig.json|56174134|PAYLOAD_58108498_1","FeatureConfig.json","/settings/v3.0/WaaS/FeatureManagement","PAYLOAD_58108498_1","0","FX:1376AA52","","56174134","4","0","0","","","","","","","e3b0c44298fc1c149afbf4c8996fb92427ae41e4649b934ca495991b7852b855","44136fa355b3678a1146ad16f7e8649e94fb4fc21fe77e8310c060f61caaff8a","d08f35118ff84444ddea0e4ffc0cea4ccf9f4c80765d2e52f2ffdacbca94dabc","{""ad"":{""entityId"":""FX:1376AA52"",""items"":[{""featureId"":56174134,""featureOptions"":4,""ct"":0,""variant"":0,""metadata"":{},""ctOverride"":null}]},""prm"":{""_id"":""0""}}"
"FeatureConfig.json|41073112|PAYLOAD_58128648_1","FeatureConfig.json","/settings/v3.0/WaaS/FeatureManagement","PAYLOAD_58128648_1","0","FX:1376F908","","41073112","4","0","0","","","","","","","e3b0c44298fc1c149afbf4c8996fb92427ae41e4649b934ca495991b7852b855","44136fa355b3678a1146ad16f7e8649e94fb4fc21fe77e8310c060f61caaff8a","8e6b842b940f85cdbe2e054bdd180fcd2439a3d9e1e91d76f39d2ce772e5f0f3","{""ad"":{""entityId"":""FX:1376F908"",""items"":[{""featureId"":41073112,""featureOptions"":4,""ct"":0,""variant"":0,""metadata"":{},""ctOverride"":null}]},""prm"":{""_id"":""0""}}"
"FeatureConfig.json|55357339|PAYLOAD_58129601_1","FeatureConfig.json","/settings/v3.0/WaaS/FeatureManagement","PAYLOAD_58129601_1","0","FX:1376FCC1","","55357339","4","0","0","","","","","","","e3b0c44298fc1c149afbf4c8996fb92427ae41e4649b934ca495991b7852b855","44136fa355b3678a1146ad16f7e8649e94fb4fc21fe77e8310c060f61caaff8a","0d394876a789c7322a789939de602a2e367d6881b2d103b2a49688c7df984e6a","{""ad"":{""entityId"":""FX:1376FCC1"",""items"":[{""featureId"":55357339,""featureOptions"":4,""ct"":0,""variant"":0,""metadata"":{},""ctOverride"":null}]},""prm"":{""_id"":""0""}}"
"FeatureConfig.json|56791125|PAYLOAD_58129671_1","FeatureConfig.json","/settings/v3.0/WaaS/FeatureManagement","PAYLOAD_58129671_1","0","FX:1376FD07","","56791125","4","0","0","","","","","","","e3b0c44298fc1c149afbf4c8996fb92427ae41e4649b934ca495991b7852b855","44136fa355b3678a1146ad16f7e8649e94fb4fc21fe77e8310c060f61caaff8a","28696d42186fe3a3c591472b88689d018d36c1912a9c44a863c777195a3d41ca","{""ad"":{""entityId"":""FX:1376FD07"",""items"":[{""featureId"":56791125,""featureOptions"":4,""ct"":0,""variant"":0,""metadata"":{},""ctOverride"":null}]},""prm"":{""_id"":""0""}}"
"FeatureConfig.json|56115452|PAYLOAD_58129688_1","FeatureConfig.json","/settings/v3.0/WaaS/FeatureManagement","PAYLOAD_58129688_1","0","FX:1376FD18","","56115452","4","0","0","","","","","","","e3b0c44298fc1c149afbf4c8996fb92427ae41e4649b934ca495991b7852b855","44136fa355b3678a1146ad16f7e8649e94fb4fc21fe77e8310c060f61caaff8a","c910511371b135a11208c00fbc589753c2cbd50c00f72ef497b89319df6e24a0","{""ad"":{""entityId"":""FX:1376FD18"",""items"":[{""featureId"":56115452,""featureOptions"":4,""ct"":0,""variant"":0,""metadata"":{},""ctOverride"":null}]},""prm"":{""_id"":""0""}}"
"FeatureConfig.json|56904074|PAYLOAD_58129722_1","FeatureConfig.json","/settings/v3.0/WaaS/FeatureManagement","PAYLOAD_58129722_1","0","FX:1376FD3A","","56904074","4","0","0","","","","","","","e3b0c44298fc1c149afbf4c8996fb92427ae41e4649b934ca495991b7852b855","44136fa355b3678a1146ad16f7e8649e94fb4fc21fe77e8310c060f61caaff8a","a9e065bab3da9c366596a1fd145ec8529552853b7ab05fa475721feccba967c4","{""ad"":{""entityId"":""FX:1376FD3A"",""items"":[{""featureId"":56904074,""featureOptions"":4,""ct"":0,""variant"":0,""metadata"":{},""ctOverride"":null}]},""prm"":{""_id"":""0""}}"
"FeatureConfig.json|54315747|PAYLOAD_58129752_1","FeatureConfig.json","/settings/v3.0/WaaS/FeatureManagement","PAYLOAD_58129752_1","0","FX:1376FD58","","54315747","4","0","0","","","","","","","e3b0c44298fc1c149afbf4c8996fb92427ae41e4649b934ca495991b7852b855","44136fa355b3678a1146ad16f7e8649e94fb4fc21fe77e8310c060f61caaff8a","dc5228345408e24f8925d7a9271791fdfcf91b40b7eb8dde2242dac9be6197f7","{""ad"":{""entityId"":""FX:1376FD58"",""items"":[{""featureId"":54315747,""featureOptions"":4,""ct"":0,""variant"":0,""metadata"":{},""ctOverride"":null}]},""prm"":{""_id"":""0""}}"
"FeatureConfig.json|56541436|PAYLOAD_58185352_1","FeatureConfig.json","/settings/v3.0/WaaS/FeatureManagement","PAYLOAD_58185352_1","0","FX:1377D688","","56541436","2","0","3","","","","","","","e3b0c44298fc1c149afbf4c8996fb92427ae41e4649b934ca495991b7852b855","44136fa355b3678a1146ad16f7e8649e94fb4fc21fe77e8310c060f61caaff8a","673ccad3d82a08797cd079a7aa3b077a8d92a713cb8d72de405d1c72fe916e3e","{""ad"":{""entityId"":""FX:1377D688"",""items"":[{""featureId"":56541436,""featureOptions"":2,""ct"":3,""variant"":0,""metadata"":{},""ctOverride"":null}]},""prm"":{""_id"":""0""}}"
"FeatureConfig.json|56018875|PAYLOAD_58205100_1","FeatureConfig.json","/settings/v3.0/WaaS/FeatureManagement","PAYLOAD_58205100_1","0","FX:137823AC","","56018875","2","0","3","","","","","","","e3b0c44298fc1c149afbf4c8996fb92427ae41e4649b934ca495991b7852b855","44136fa355b3678a1146ad16f7e8649e94fb4fc21fe77e8310c060f61caaff8a","e3b822cc9d4b583eb443efb1dad20c89267187c8ed8f25cb031285ffc3b2ce59","{""ad"":{""entityId"":""FX:137823AC"",""items"":[{""featureId"":56018875,""featureOptions"":2,""ct"":3,""variant"":0,""metadata"":{},""ctOverride"":null}]},""prm"":{""_id"":""0""}}"
"FeatureConfig.json|44574505|PAYLOAD_58301351_1","FeatureConfig.json","/settings/v3.0/WaaS/FeatureManagement","PAYLOAD_58301351_1","0","FX:13799BA7","","44574505","4","0","0","","","","","","","e3b0c44298fc1c149afbf4c8996fb92427ae41e4649b934ca495991b7852b855","44136fa355b3678a1146ad16f7e8649e94fb4fc21fe77e8310c060f61caaff8a","75064bad51f03571b35405395df65ceccff5ed8b9b6f45c23f517d843e22121f","{""ad"":{""entityId"":""FX:13799BA7"",""items"":[{""featureId"":44574505,""featureOptions"":4,""ct"":0,""variant"":0,""metadata"":{},""ctOverride"":null}]},""prm"":{""_id"":""0""}}"
"FeatureConfig.json|56963102|PAYLOAD_58322331_1","FeatureConfig.json","/settings/v3.0/WaaS/FeatureManagement","PAYLOAD_58322331_1","0","FX:1379ED9B","","56963102","2","0","3","","","","","","","e3b0c44298fc1c149afbf4c8996fb92427ae41e4649b934ca495991b7852b855","44136fa355b3678a1146ad16f7e8649e94fb4fc21fe77e8310c060f61caaff8a","40c675965568e92f765aa3c1a3b43ba1f49db62e165122b9db73e46a053be02f","{""ad"":{""entityId"":""FX:1379ED9B"",""items"":[{""featureId"":56963102,""featureOptions"":2,""ct"":3,""variant"":0,""metadata"":{},""ctOverride"":null}]},""prm"":{""_id"":""0""}}"
"FeatureConfig.json|58122380|PAYLOAD_58361760_1","FeatureConfig.json","/settings/v3.0/WaaS/FeatureManagement","PAYLOAD_58361760_1","0","FX:137A87A0","","58122380","4","0","0","","","","","","","e3b0c44298fc1c149afbf4c8996fb92427ae41e4649b934ca495991b7852b855","44136fa355b3678a1146ad16f7e8649e94fb4fc21fe77e8310c060f61caaff8a","e7a344d04d770c372c0b976c14d0670a0c9a57916acf032617d0b32d7d16bb32","{""ad"":{""entityId"":""FX:137A87A0"",""items"":[{""featureId"":58122380,""featureOptions"":4,""ct"":0,""variant"":0,""metadata"":{},""ctOverride"":null}]},""prm"":{""_id"":""0""}}"
"FeatureConfig.json|47081492|PAYLOAD_58362125_1","FeatureConfig.json","/settings/v3.0/WaaS/FeatureManagement","PAYLOAD_58362125_1","0","FX:137A890D","","47081492","4","0","0","","","","","","","e3b0c44298fc1c149afbf4c8996fb92427ae41e4649b934ca495991b7852b855","44136fa355b3678a1146ad16f7e8649e94fb4fc21fe77e8310c060f61caaff8a","b8b5710e95778fab12c136117e00fa7bc628b123589c30ec094c89bed07ce69a","{""ad"":{""entityId"":""FX:137A890D"",""items"":[{""featureId"":47081492,""featureOptions"":4,""ct"":0,""variant"":0,""metadata"":{},""ctOverride"":null}]},""prm"":{""_id"":""0""}}"
"FeatureConfig.json|56349993|PAYLOAD_58364193_1","FeatureConfig.json","/settings/v3.0/WaaS/FeatureManagement","PAYLOAD_58364193_1","0","FX:137A9121","","56349993","2","0","3","","","","","","","e3b0c44298fc1c149afbf4c8996fb92427ae41e4649b934ca495991b7852b855","44136fa355b3678a1146ad16f7e8649e94fb4fc21fe77e8310c060f61caaff8a","6f34a6d87ae98e2fd076a345549f64baacbb74b5a01c0c89eff0b3d8bda1606e","{""ad"":{""entityId"":""FX:137A9121"",""items"":[{""featureId"":56349993,""featureOptions"":2,""ct"":3,""variant"":0,""metadata"":{},""ctOverride"":null}]},""prm"":{""_id"":""0""}}"
"FeatureConfig.json|57470233|PAYLOAD_58458908_1","FeatureConfig.json","/settings/v3.0/WaaS/FeatureManagement","PAYLOAD_58458908_1","0","FX:137C031C","","57470233","2","0","1","","","","","","","e3b0c44298fc1c149afbf4c8996fb92427ae41e4649b934ca495991b7852b855","44136fa355b3678a1146ad16f7e8649e94fb4fc21fe77e8310c060f61caaff8a","4eb4b6aa1d7d6ff344917993978ea122df2d4a7a0f06a6e53a428ee24b10b36a","{""ad"":{""entityId"":""FX:137C031C"",""items"":[{""featureId"":57470233,""featureOptions"":2,""ct"":1,""variant"":0,""metadata"":{},""ctOverride"":null}]},""prm"":{""_id"":""0""}}"
"FeatureConfig.json|53284194|PAYLOAD_58549965_1","FeatureConfig.json","/settings/v3.0/WaaS/FeatureManagement","PAYLOAD_58549965_1","0","FX:137D66CD","","53284194","2","0","3","","","","","","","e3b0c44298fc1c149afbf4c8996fb92427ae41e4649b934ca495991b7852b855","44136fa355b3678a1146ad16f7e8649e94fb4fc21fe77e8310c060f61caaff8a","d8e5078161d8aa862aaf401d2ef1ebac4694edf6683e1bc5acbec3afabda9571","{""ad"":{""entityId"":""FX:137D66CD"",""items"":[{""featureId"":53284194,""featureOptions"":2,""ct"":3,""variant"":0,""metadata"":{},""ctOverride"":null}]},""prm"":{""_id"":""0""}}"
"FeatureConfig.json|53814860|PAYLOAD_58567484_1","FeatureConfig.json","/settings/v3.0/WaaS/FeatureManagement","PAYLOAD_58567484_1","0","FX:137DAB3C","","53814860","2","0","3","","","","","","","e3b0c44298fc1c149afbf4c8996fb92427ae41e4649b934ca495991b7852b855","44136fa355b3678a1146ad16f7e8649e94fb4fc21fe77e8310c060f61caaff8a","d703eacaafa9a5998601a5efd9ec6e691784059a7f0eca2209b9efce374367de","{""ad"":{""entityId"":""FX:137DAB3C"",""items"":[{""featureId"":53814860,""featureOptions"":2,""ct"":3,""variant"":0,""metadata"":{},""ctOverride"":null}]},""prm"":{""_id"":""0""}}"
"FeatureConfig.json|57074914|PAYLOAD_58568680_1","FeatureConfig.json","/settings/v3.0/WaaS/FeatureManagement","PAYLOAD_58568680_1","0","FX:137DAFE8","","57074914","2","0","3","","3","","","","","e3b0c44298fc1c149afbf4c8996fb92427ae41e4649b934ca495991b7852b855","44136fa355b3678a1146ad16f7e8649e94fb4fc21fe77e8310c060f61caaff8a","b6cc902ba3dcb8616f1c3c7bb906553834548c32479036dd354ebc98c76be37b","{""ad"":{""entityId"":""FX:137DAFE8"",""items"":[{""featureId"":57074914,""featureOptions"":2,""ct"":3,""variant"":0,""metadata"":{},""ctOverride"":3}]},""prm"":{""_id"":""0""}}"
"FeatureConfig.json|57391481|PAYLOAD_58586269_1","FeatureConfig.json","/settings/v3.0/WaaS/FeatureManagement","PAYLOAD_58586269_1","0","FX:137DF49D","","57391481","4","0","0","","","","","","","e3b0c44298fc1c149afbf4c8996fb92427ae41e4649b934ca495991b7852b855","44136fa355b3678a1146ad16f7e8649e94fb4fc21fe77e8310c060f61caaff8a","3460380b2236d1b87738a5b18fdc4ef6e832fdf16b060c9a55da438a877b7ec4","{""ad"":{""entityId"":""FX:137DF49D"",""items"":[{""featureId"":57391481,""featureOptions"":4,""ct"":0,""variant"":0,""metadata"":{},""ctOverride"":null}]},""prm"":{""_id"":""0""}}"
"FeatureConfig.json|56007062|PAYLOAD_58646777_1","FeatureConfig.json","/settings/v3.0/WaaS/FeatureManagement","PAYLOAD_58646777_1","0","FX:137EE0F9","","56007062","2","0","3","","","","","","","e3b0c44298fc1c149afbf4c8996fb92427ae41e4649b934ca495991b7852b855","44136fa355b3678a1146ad16f7e8649e94fb4fc21fe77e8310c060f61caaff8a","60d664538a32310e1650064876e19e8ba39325314f367d0a004c7c4717913742","{""ad"":{""entityId"":""FX:137EE0F9"",""items"":[{""featureId"":56007062,""featureOptions"":2,""ct"":3,""variant"":0,""metadata"":{},""ctOverride"":null}]},""prm"":{""_id"":""0""}}"
"FeatureConfig.json|54267669|PAYLOAD_58671749_1","FeatureConfig.json","/settings/v3.0/WaaS/FeatureManagement","PAYLOAD_58671749_1","0","FX:137F4285","","54267669","2","0","3","","","","","","","e3b0c44298fc1c149afbf4c8996fb92427ae41e4649b934ca495991b7852b855","44136fa355b3678a1146ad16f7e8649e94fb4fc21fe77e8310c060f61caaff8a","d9f4e025a4e867faa031ec585c697676895e8ac428f4b0b95fe1c34523450cdd","{""ad"":{""entityId"":""FX:137F4285"",""items"":[{""featureId"":54267669,""featureOptions"":2,""ct"":3,""variant"":0,""metadata"":{},""ctOverride"":null}]},""prm"":{""_id"":""0""}}"
"FeatureConfig.json|53192840|PAYLOAD_58700754_1","FeatureConfig.json","/settings/v3.0/WaaS/FeatureManagement","PAYLOAD_58700754_1","0","FX:137FB3D2","","53192840","2","0","3","","","","","","","e3b0c44298fc1c149afbf4c8996fb92427ae41e4649b934ca495991b7852b855","44136fa355b3678a1146ad16f7e8649e94fb4fc21fe77e8310c060f61caaff8a","679ade0bbd8af9c853b564fefbc43a4d7abd1675d13504b7d48fa6a923058357","{""ad"":{""entityId"":""FX:137FB3D2"",""items"":[{""featureId"":53192840,""featureOptions"":2,""ct"":3,""variant"":0,""metadata"":{},""ctOverride"":null}]},""prm"":{""_id"":""0""}}"
"FeatureConfig.json|48052777|PAYLOAD_58700755_1","FeatureConfig.json","/settings/v3.0/WaaS/FeatureManagement","PAYLOAD_58700755_1","0","FX:137FB3D3","","48052777","2","0","3","","","","","","","e3b0c44298fc1c149afbf4c8996fb92427ae41e4649b934ca495991b7852b855","44136fa355b3678a1146ad16f7e8649e94fb4fc21fe77e8310c060f61caaff8a","26877e1904d3567a7e3d9718f3f969e14acf6da63f4f099840f7718744716629","{""ad"":{""entityId"":""FX:137FB3D3"",""items"":[{""featureId"":48052777,""featureOptions"":2,""ct"":3,""variant"":0,""metadata"":{},""ctOverride"":null}]},""prm"":{""_id"":""0""}}"
"FeatureConfig.json|51402841|PAYLOAD_58764498_1","FeatureConfig.json","/settings/v3.0/WaaS/FeatureManagement","PAYLOAD_58764498_1","0","FX:1380ACD2","","51402841","2","0","3","","","","","","","e3b0c44298fc1c149afbf4c8996fb92427ae41e4649b934ca495991b7852b855","44136fa355b3678a1146ad16f7e8649e94fb4fc21fe77e8310c060f61caaff8a","c956b54799c08abb3c3047ec9cf5c58f3859b026e1e4cd70b89d20774a3f9009","{""ad"":{""entityId"":""FX:1380ACD2"",""items"":[{""featureId"":51402841,""featureOptions"":2,""ct"":3,""variant"":0,""metadata"":{},""ctOverride"":null}]},""prm"":{""_id"":""0""}}"
"FeatureConfig.json|56659309|PAYLOAD_58773434_1","FeatureConfig.json","/settings/v3.0/WaaS/FeatureManagement","PAYLOAD_58773434_1","0","FX:1380CFBA","","56659309","2","0","0","","","","","","","e3b0c44298fc1c149afbf4c8996fb92427ae41e4649b934ca495991b7852b855","44136fa355b3678a1146ad16f7e8649e94fb4fc21fe77e8310c060f61caaff8a","09845434821d26ed29aa133cb03b878bac5ac72cc331ba79dbb3810cf57ceeac","{""ad"":{""entityId"":""FX:1380CFBA"",""items"":[{""featureId"":56659309,""featureOptions"":2,""ct"":0,""variant"":0,""metadata"":{},""ctOverride"":null}]},""prm"":{""_id"":""0""}}"
"FeatureConfig.json|56948487|PAYLOAD_58776401_1","FeatureConfig.json","/settings/v3.0/WaaS/FeatureManagement","PAYLOAD_58776401_1","0","FX:1380DB51","","56948487","2","0","0","","","","","","","e3b0c44298fc1c149afbf4c8996fb92427ae41e4649b934ca495991b7852b855","44136fa355b3678a1146ad16f7e8649e94fb4fc21fe77e8310c060f61caaff8a","a683109134b00939a1658812a75911293b53a9830d1e039631bbbfb77bab0a00","{""ad"":{""entityId"":""FX:1380DB51"",""items"":[{""featureId"":56948487,""featureOptions"":2,""ct"":0,""variant"":0,""metadata"":{},""ctOverride"":null}]},""prm"":{""_id"":""0""}}"
"FeatureConfig.json|58447903|PAYLOAD_58823851_1","FeatureConfig.json","/settings/v3.0/WaaS/FeatureManagement","PAYLOAD_58823851_1","0","FX:138194AB","","58447903","2","0","3","","","","","","","e3b0c44298fc1c149afbf4c8996fb92427ae41e4649b934ca495991b7852b855","44136fa355b3678a1146ad16f7e8649e94fb4fc21fe77e8310c060f61caaff8a","c056db9581a2b5c1491286729225e9b830cf666967632339376caa143fdc6aa1","{""ad"":{""entityId"":""FX:138194AB"",""items"":[{""featureId"":58447903,""featureOptions"":2,""ct"":3,""variant"":0,""metadata"":{},""ctOverride"":null}]},""prm"":{""_id"":""0""}}"
"FeatureConfig.json|45624632|PAYLOAD_58824023_1","FeatureConfig.json","/settings/v3.0/WaaS/FeatureManagement","PAYLOAD_58824023_1","0","FX:13819557","","45624632","2","0","3","","","","","","","e3b0c44298fc1c149afbf4c8996fb92427ae41e4649b934ca495991b7852b855","44136fa355b3678a1146ad16f7e8649e94fb4fc21fe77e8310c060f61caaff8a","e19006f0bf7f29e583832a7e98338c296975b685f18763b94cc9b3e37235bddd","{""ad"":{""entityId"":""FX:13819557"",""items"":[{""featureId"":45624632,""featureOptions"":2,""ct"":3,""variant"":0,""metadata"":{},""ctOverride"":null}]},""prm"":{""_id"":""0""}}"
"FeatureConfig.json|58092117|PAYLOAD_58951345_1","FeatureConfig.json","/settings/v3.0/WaaS/FeatureManagement","PAYLOAD_58951345_1","0","FX:138386B1","","58092117","2","0","3","","","","","","","e3b0c44298fc1c149afbf4c8996fb92427ae41e4649b934ca495991b7852b855","44136fa355b3678a1146ad16f7e8649e94fb4fc21fe77e8310c060f61caaff8a","12caa6e74b1e1234e084bd72126890826d2b96ac8d0b1b23a22908b912227d3b","{""ad"":{""entityId"":""FX:138386B1"",""items"":[{""featureId"":58092117,""featureOptions"":2,""ct"":3,""variant"":0,""metadata"":{},""ctOverride"":null}]},""prm"":{""_id"":""0""}}"
"FeatureConfig.json|57605810|PAYLOAD_58952060_1","FeatureConfig.json","/settings/v3.0/WaaS/FeatureManagement","PAYLOAD_58952060_1","0","FX:1383897C","","57605810","2","0","3","","","","","","","e3b0c44298fc1c149afbf4c8996fb92427ae41e4649b934ca495991b7852b855","44136fa355b3678a1146ad16f7e8649e94fb4fc21fe77e8310c060f61caaff8a","9ec9382db500f3205e7aae7e1adff496b933dfd82745e44f862641218f876037","{""ad"":{""entityId"":""FX:1383897C"",""items"":[{""featureId"":57605810,""featureOptions"":2,""ct"":3,""variant"":0,""metadata"":{},""ctOverride"":null}]},""prm"":{""_id"":""0""}}"
"FeatureConfig.json|55445215|PAYLOAD_58983859_1","FeatureConfig.json","/settings/v3.0/WaaS/FeatureManagement","PAYLOAD_58983859_1","0","FX:138405B3","","55445215","2","0","3","","","","","","","e3b0c44298fc1c149afbf4c8996fb92427ae41e4649b934ca495991b7852b855","44136fa355b3678a1146ad16f7e8649e94fb4fc21fe77e8310c060f61caaff8a","b7a3ea70ffc4a91fd1924d3e9da48fddf99ed4eacb36f71e083f144eea77af5d","{""ad"":{""entityId"":""FX:138405B3"",""items"":[{""featureId"":55445215,""featureOptions"":2,""ct"":3,""variant"":0,""metadata"":{},""ctOverride"":null}]},""prm"":{""_id"":""0""}}"
"FeatureConfig.json|56005157|PAYLOAD_58992466_1","FeatureConfig.json","/settings/v3.0/WaaS/FeatureManagement","PAYLOAD_58992466_1","0","FX:13842752","","56005157","2","0","1","","","","","","","e3b0c44298fc1c149afbf4c8996fb92427ae41e4649b934ca495991b7852b855","44136fa355b3678a1146ad16f7e8649e94fb4fc21fe77e8310c060f61caaff8a","e6d48a71766d6304b7d3b8affc0c53dd26b46aca718ecdd3d737936c0e9feb74","{""ad"":{""entityId"":""FX:13842752"",""items"":[{""featureId"":56005157,""featureOptions"":2,""ct"":1,""variant"":0,""metadata"":{},""ctOverride"":null}]},""prm"":{""_id"":""0""}}"
"FeatureConfig.json|55797161|PAYLOAD_59008387_1","FeatureConfig.json","/settings/v3.0/WaaS/FeatureManagement","PAYLOAD_59008387_1","0","FX:13846583","","55797161","2","0","3","","","","","","","e3b0c44298fc1c149afbf4c8996fb92427ae41e4649b934ca495991b7852b855","44136fa355b3678a1146ad16f7e8649e94fb4fc21fe77e8310c060f61caaff8a","9404b1155f6b371a627b867f865e91c517802de039f0f3c5e74a393efd8b6fe3","{""ad"":{""entityId"":""FX:13846583"",""items"":[{""featureId"":55797161,""featureOptions"":2,""ct"":3,""variant"":0,""metadata"":{},""ctOverride"":null}]},""prm"":{""_id"":""0""}}"
"FeatureConfig.json|38869220|PAYLOAD_59030693_1","FeatureConfig.json","/settings/v3.0/WaaS/FeatureManagement","PAYLOAD_59030693_1","0","FX:1384BCA5","","38869220","2","0","3","","","","","","","e3b0c44298fc1c149afbf4c8996fb92427ae41e4649b934ca495991b7852b855","44136fa355b3678a1146ad16f7e8649e94fb4fc21fe77e8310c060f61caaff8a","395db7790b682f518cba20b5d16846907ca10f06b3eb327306924b020202e3fd","{""ad"":{""entityId"":""FX:1384BCA5"",""items"":[{""featureId"":38869220,""featureOptions"":2,""ct"":3,""variant"":0,""metadata"":{},""ctOverride"":null}]},""prm"":{""_id"":""0""}}"
"FeatureConfig.json|57155075|PAYLOAD_59115151_1","FeatureConfig.json","/settings/v3.0/WaaS/FeatureManagement","PAYLOAD_59115151_1","0","FX:1386068F","","57155075","2","0","3","","","","","","","e3b0c44298fc1c149afbf4c8996fb92427ae41e4649b934ca495991b7852b855","44136fa355b3678a1146ad16f7e8649e94fb4fc21fe77e8310c060f61caaff8a","c8f56a091da231a0268ad714f2f5338abb9455fd6d2af5bc9c9ca2a75d98563a","{""ad"":{""entityId"":""FX:1386068F"",""items"":[{""featureId"":57155075,""featureOptions"":2,""ct"":3,""variant"":0,""metadata"":{},""ctOverride"":null}]},""prm"":{""_id"":""0""}}"
"FeatureConfig.json|57984728|PAYLOAD_59115349_1","FeatureConfig.json","/settings/v3.0/WaaS/FeatureManagement","PAYLOAD_59115349_1","0","FX:13860755","","57984728","2","0","3","","","","","","","e3b0c44298fc1c149afbf4c8996fb92427ae41e4649b934ca495991b7852b855","44136fa355b3678a1146ad16f7e8649e94fb4fc21fe77e8310c060f61caaff8a","fa0439b85d85678e144cadfc4c5daa3c62b24650cf04c806d1ed20f387ccbee8","{""ad"":{""entityId"":""FX:13860755"",""items"":[{""featureId"":57984728,""featureOptions"":2,""ct"":3,""variant"":0,""metadata"":{},""ctOverride"":null}]},""prm"":{""_id"":""0""}}"
"FeatureConfig.json|57929024|PAYLOAD_59126675_1","FeatureConfig.json","/settings/v3.0/WaaS/FeatureManagement","PAYLOAD_59126675_1","0","FX:13863393","","57929024","4","0","0","","","","","","","e3b0c44298fc1c149afbf4c8996fb92427ae41e4649b934ca495991b7852b855","44136fa355b3678a1146ad16f7e8649e94fb4fc21fe77e8310c060f61caaff8a","45808610093884cdb6abb758ce72eb8c226595e05fa89ea7717815b27b62726d","{""ad"":{""entityId"":""FX:13863393"",""items"":[{""featureId"":57929024,""featureOptions"":4,""ct"":0,""variant"":0,""metadata"":{},""ctOverride"":null}]},""prm"":{""_id"":""0""}}"
"FeatureConfig.json|53967125|PAYLOAD_59162659_1","FeatureConfig.json","/settings/v3.0/WaaS/FeatureManagement","PAYLOAD_59162659_1","0","FX:1386C023","","53967125","2","0","3","","","","","","","e3b0c44298fc1c149afbf4c8996fb92427ae41e4649b934ca495991b7852b855","44136fa355b3678a1146ad16f7e8649e94fb4fc21fe77e8310c060f61caaff8a","03212db61ac027ceaf990622ec8af82929aeff39a69aa281f8017b74a31a9596","{""ad"":{""entityId"":""FX:1386C023"",""items"":[{""featureId"":53967125,""featureOptions"":2,""ct"":3,""variant"":0,""metadata"":{},""ctOverride"":null}]},""prm"":{""_id"":""0""}}"
"FeatureConfig.json|55818758|PAYLOAD_59214073_1","FeatureConfig.json","/settings/v3.0/WaaS/FeatureManagement","PAYLOAD_59214073_1","0","FX:138788F9","","55818758","2","0","3","","","","","","","e3b0c44298fc1c149afbf4c8996fb92427ae41e4649b934ca495991b7852b855","44136fa355b3678a1146ad16f7e8649e94fb4fc21fe77e8310c060f61caaff8a","558822301c97d1f92eb04ff1e6b7185048475e54a2080763d9f2b4b87cf6f4bc","{""ad"":{""entityId"":""FX:138788F9"",""items"":[{""featureId"":55818758,""featureOptions"":2,""ct"":3,""variant"":0,""metadata"":{},""ctOverride"":null}]},""prm"":{""_id"":""0""}}"
"FeatureConfig.json|58270538|PAYLOAD_59257854_1","FeatureConfig.json","/settings/v3.0/WaaS/FeatureManagement","PAYLOAD_59257854_1","0","FX:138833FE","","58270538","4","0","0","","","","","","","e3b0c44298fc1c149afbf4c8996fb92427ae41e4649b934ca495991b7852b855","44136fa355b3678a1146ad16f7e8649e94fb4fc21fe77e8310c060f61caaff8a","06448bd5c4a087b4efbc4bf19a016ed5f957f9f10c22fdeea576eb3953e0be57","{""ad"":{""entityId"":""FX:138833FE"",""items"":[{""featureId"":58270538,""featureOptions"":4,""ct"":0,""variant"":0,""metadata"":{},""ctOverride"":null}]},""prm"":{""_id"":""0""}}"
"FeatureConfig.json|58987793|PAYLOAD_59257914_1","FeatureConfig.json","/settings/v3.0/WaaS/FeatureManagement","PAYLOAD_59257914_1","0","FX:1388343A","","58987793","4","0","0","","","","","","","e3b0c44298fc1c149afbf4c8996fb92427ae41e4649b934ca495991b7852b855","44136fa355b3678a1146ad16f7e8649e94fb4fc21fe77e8310c060f61caaff8a","c8c685ec0e3c68bb4b1c9959e435ccc2996dacd81d112f8048443a1e7e9c3127","{""ad"":{""entityId"":""FX:1388343A"",""items"":[{""featureId"":58987793,""featureOptions"":4,""ct"":0,""variant"":0,""metadata"":{},""ctOverride"":null}]},""prm"":{""_id"":""0""}}"
"FeatureConfig.json|58987797|PAYLOAD_59257989_1","FeatureConfig.json","/settings/v3.0/WaaS/FeatureManagement","PAYLOAD_59257989_1","0","FX:13883485","","58987797","4","0","0","","","","","","","e3b0c44298fc1c149afbf4c8996fb92427ae41e4649b934ca495991b7852b855","44136fa355b3678a1146ad16f7e8649e94fb4fc21fe77e8310c060f61caaff8a","9fed4c75122c0d9b7ac300a4cfc24a8442275afd9d2b0387d44c44fee94094a3","{""ad"":{""entityId"":""FX:13883485"",""items"":[{""featureId"":58987797,""featureOptions"":4,""ct"":0,""variant"":0,""metadata"":{},""ctOverride"":null}]},""prm"":{""_id"":""0""}}"
"FeatureConfig.json|59193772|PAYLOAD_59288687_1","FeatureConfig.json","/settings/v3.0/WaaS/FeatureManagement","PAYLOAD_59288687_1","0","FX:1388AC6F","","59193772","4","0","0","","","","","","","e3b0c44298fc1c149afbf4c8996fb92427ae41e4649b934ca495991b7852b855","44136fa355b3678a1146ad16f7e8649e94fb4fc21fe77e8310c060f61caaff8a","ef43073af80d57ad477ea1db43018dda35b0b3f8f3c156946c00025ab5efe3d8","{""ad"":{""entityId"":""FX:1388AC6F"",""items"":[{""featureId"":59193772,""featureOptions"":4,""ct"":0,""variant"":0,""metadata"":{},""ctOverride"":null}]},""prm"":{""_id"":""0""}}"
"FeatureConfig.json|58087685|PAYLOAD_59303923_1","FeatureConfig.json","/settings/v3.0/WaaS/FeatureManagement","PAYLOAD_59303923_1","0","FX:1388E7F3","","58087685","2","0","0","","","","","","","e3b0c44298fc1c149afbf4c8996fb92427ae41e4649b934ca495991b7852b855","44136fa355b3678a1146ad16f7e8649e94fb4fc21fe77e8310c060f61caaff8a","19520ff1a37435155bc3665f758de4519649152a94a2bdb30a483ddaab7c7563","{""ad"":{""entityId"":""FX:1388E7F3"",""items"":[{""featureId"":58087685,""featureOptions"":2,""ct"":0,""variant"":0,""metadata"":{},""ctOverride"":null}]},""prm"":{""_id"":""0""}}"
"FeatureConfig.json|58382298|PAYLOAD_59315870_1","FeatureConfig.json","/settings/v3.0/WaaS/FeatureManagement","PAYLOAD_59315870_1","0","FX:1389169E","","58382298","2","0","3","","","","","","","e3b0c44298fc1c149afbf4c8996fb92427ae41e4649b934ca495991b7852b855","44136fa355b3678a1146ad16f7e8649e94fb4fc21fe77e8310c060f61caaff8a","8ec6d463d9ea11bbb2e099def0f79829e626acaa00d67317cd5882fbe954790e","{""ad"":{""entityId"":""FX:1389169E"",""items"":[{""featureId"":58382298,""featureOptions"":2,""ct"":3,""variant"":0,""metadata"":{},""ctOverride"":null}]},""prm"":{""_id"":""0""}}"
"FeatureConfig.json|57053679|PAYLOAD_59355558_1","FeatureConfig.json","/settings/v3.0/WaaS/FeatureManagement","PAYLOAD_59355558_1","0","FX:1389B1A6","","57053679","2","0","0","","","","","","","e3b0c44298fc1c149afbf4c8996fb92427ae41e4649b934ca495991b7852b855","44136fa355b3678a1146ad16f7e8649e94fb4fc21fe77e8310c060f61caaff8a","012500b86ed0b9c6c9d71f8bbd1ace0d1174ff4ce75f82cf32f0880644ebe3e1","{""ad"":{""entityId"":""FX:1389B1A6"",""items"":[{""featureId"":57053679,""featureOptions"":2,""ct"":0,""variant"":0,""metadata"":{},""ctOverride"":null}]},""prm"":{""_id"":""0""}}"
"FeatureConfig.json|45172197|PAYLOAD_59357844_1","FeatureConfig.json","/settings/v3.0/WaaS/FeatureManagement","PAYLOAD_59357844_1","0","FX:1389BA94","","45172197","2","0","3","","","","","","","e3b0c44298fc1c149afbf4c8996fb92427ae41e4649b934ca495991b7852b855","44136fa355b3678a1146ad16f7e8649e94fb4fc21fe77e8310c060f61caaff8a","a37267566861c12940e5fd68f3231a1717e1c56fe45ff01f969e297b0a279fdb","{""ad"":{""entityId"":""FX:1389BA94"",""items"":[{""featureId"":45172197,""featureOptions"":2,""ct"":3,""variant"":0,""metadata"":{},""ctOverride"":null}]},""prm"":{""_id"":""0""}}"
"FeatureConfig.json|56943287|PAYLOAD_59425401_1","FeatureConfig.json","/settings/v3.0/WaaS/FeatureManagement","PAYLOAD_59425401_1","0","FX:138AC279","","56943287","2","0","1","","","","","","","e3b0c44298fc1c149afbf4c8996fb92427ae41e4649b934ca495991b7852b855","44136fa355b3678a1146ad16f7e8649e94fb4fc21fe77e8310c060f61caaff8a","5fcb490150e3ca1e481527754e5f228b5bff1b268fed9bae60f14e22d9ea12b8","{""ad"":{""entityId"":""FX:138AC279"",""items"":[{""featureId"":56943287,""featureOptions"":2,""ct"":1,""variant"":0,""metadata"":{},""ctOverride"":null}]},""prm"":{""_id"":""0""}}"
"FeatureConfig.json|55929979|PAYLOAD_59427028_1","FeatureConfig.json","/settings/v3.0/WaaS/FeatureManagement","PAYLOAD_59427028_1","0","FX:138AC8D4","","55929979","2","0","3","","","","","","","e3b0c44298fc1c149afbf4c8996fb92427ae41e4649b934ca495991b7852b855","44136fa355b3678a1146ad16f7e8649e94fb4fc21fe77e8310c060f61caaff8a","72c735b677455440ea40bfa430a58e995232f692d4c1e4e474ea031032a051d9","{""ad"":{""entityId"":""FX:138AC8D4"",""items"":[{""featureId"":55929979,""featureOptions"":2,""ct"":3,""variant"":0,""metadata"":{},""ctOverride"":null}]},""prm"":{""_id"":""0""}}"
"FeatureConfig.json|56090771|PAYLOAD_59427029_1","FeatureConfig.json","/settings/v3.0/WaaS/FeatureManagement","PAYLOAD_59427029_1","0","FX:138AC8D5","","56090771","2","0","3","","","","","","","e3b0c44298fc1c149afbf4c8996fb92427ae41e4649b934ca495991b7852b855","44136fa355b3678a1146ad16f7e8649e94fb4fc21fe77e8310c060f61caaff8a","92e11e5bcf0cdc2ab6867db9d32cd87d5835a36c8a17542dc988b5df1a117f52","{""ad"":{""entityId"":""FX:138AC8D5"",""items"":[{""featureId"":56090771,""featureOptions"":2,""ct"":3,""variant"":0,""metadata"":{},""ctOverride"":null}]},""prm"":{""_id"":""0""}}"
"FeatureConfig.json|58423728|PAYLOAD_59472293_1","FeatureConfig.json","/settings/v3.0/WaaS/FeatureManagement","PAYLOAD_59472293_1","0","FX:138B79A5","","58423728","2","0","1","","","","","","","e3b0c44298fc1c149afbf4c8996fb92427ae41e4649b934ca495991b7852b855","44136fa355b3678a1146ad16f7e8649e94fb4fc21fe77e8310c060f61caaff8a","7c151d619f515f2191b9e18a41ffe8a908d7b6076766d4ce668db557609dddee","{""ad"":{""entityId"":""FX:138B79A5"",""items"":[{""featureId"":58423728,""featureOptions"":2,""ct"":1,""variant"":0,""metadata"":{},""ctOverride"":null}]},""prm"":{""_id"":""0""}}"
"FeatureConfig.json|56106891|PAYLOAD_59710137_1","FeatureConfig.json","/settings/v3.0/WaaS/FeatureManagement","PAYLOAD_59710137_1","0","FX:138F1AB9","","56106891","2","0","3","","","","","","","e3b0c44298fc1c149afbf4c8996fb92427ae41e4649b934ca495991b7852b855","44136fa355b3678a1146ad16f7e8649e94fb4fc21fe77e8310c060f61caaff8a","738bd3059adad4d2850e0874f87e751ad13924256c10aad8c45019893be84943","{""ad"":{""entityId"":""FX:138F1AB9"",""items"":[{""featureId"":56106891,""featureOptions"":2,""ct"":3,""variant"":0,""metadata"":{},""ctOverride"":null}]},""prm"":{""_id"":""0""}}"
"FeatureConfig.json|59045330|PAYLOAD_59764245_1","FeatureConfig.json","/settings/v3.0/WaaS/FeatureManagement","PAYLOAD_59764245_1","0","FX:138FEE15","","59045330","2","0","3","","","","","","","e3b0c44298fc1c149afbf4c8996fb92427ae41e4649b934ca495991b7852b855","44136fa355b3678a1146ad16f7e8649e94fb4fc21fe77e8310c060f61caaff8a","364e362b672c41a4a31e588ea49d7b40a2da888b890a5870ec7499d7ee677bf7","{""ad"":{""entityId"":""FX:138FEE15"",""items"":[{""featureId"":59045330,""featureOptions"":2,""ct"":3,""variant"":0,""metadata"":{},""ctOverride"":null}]},""prm"":{""_id"":""0""}}"
"FeatureConfig.json|56305928|PAYLOAD_59765082_1","FeatureConfig.json","/settings/v3.0/WaaS/FeatureManagement","PAYLOAD_59765082_1","0","FX:138FF15A","","56305928","2","0","3","","","","","","","e3b0c44298fc1c149afbf4c8996fb92427ae41e4649b934ca495991b7852b855","44136fa355b3678a1146ad16f7e8649e94fb4fc21fe77e8310c060f61caaff8a","5c1edd1bf83fae93ef1df38a577e6ca14658b98ba20c6f7940606c0c0eed9244","{""ad"":{""entityId"":""FX:138FF15A"",""items"":[{""featureId"":56305928,""featureOptions"":2,""ct"":3,""variant"":0,""metadata"":{},""ctOverride"":null}]},""prm"":{""_id"":""0""}}"
"FeatureConfig.json|53713825|PAYLOAD_59784330_1","FeatureConfig.json","/settings/v3.0/WaaS/FeatureManagement","PAYLOAD_59784330_1","0","FX:13903C8A","","53713825","2","0","3","","","","","","","e3b0c44298fc1c149afbf4c8996fb92427ae41e4649b934ca495991b7852b855","44136fa355b3678a1146ad16f7e8649e94fb4fc21fe77e8310c060f61caaff8a","0858d3a73065622dda66c36610299fd6b6be1060590c549de91cf9f0e6742d23","{""ad"":{""entityId"":""FX:13903C8A"",""items"":[{""featureId"":53713825,""featureOptions"":2,""ct"":3,""variant"":0,""metadata"":{},""ctOverride"":null}]},""prm"":{""_id"":""0""}}"
"FeatureConfig.json|57610322|PAYLOAD_59801405_1","FeatureConfig.json","/settings/v3.0/WaaS/FeatureManagement","PAYLOAD_59801405_1","0","FX:13907F3D","","57610322","2","0","3","","","","","","","e3b0c44298fc1c149afbf4c8996fb92427ae41e4649b934ca495991b7852b855","44136fa355b3678a1146ad16f7e8649e94fb4fc21fe77e8310c060f61caaff8a","3092089297d02449b16b20092d207075ae7bcf7d24a236126bbd814ea6b7a1b4","{""ad"":{""entityId"":""FX:13907F3D"",""items"":[{""featureId"":57610322,""featureOptions"":2,""ct"":3,""variant"":0,""metadata"":{},""ctOverride"":null}]},""prm"":{""_id"":""0""}}"
"FeatureConfig.json|59361280|PAYLOAD_59910019_1","FeatureConfig.json","/settings/v3.0/WaaS/FeatureManagement","PAYLOAD_59910019_1","0","FX:13922783","","59361280","2","0","3","","","","","","","e3b0c44298fc1c149afbf4c8996fb92427ae41e4649b934ca495991b7852b855","44136fa355b3678a1146ad16f7e8649e94fb4fc21fe77e8310c060f61caaff8a","621631c172898b53425e93a9ff9baaf042cf541705a69d602829866b8fb2560a","{""ad"":{""entityId"":""FX:13922783"",""items"":[{""featureId"":59361280,""featureOptions"":2,""ct"":3,""variant"":0,""metadata"":{},""ctOverride"":null}]},""prm"":{""_id"":""0""}}"
"FeatureConfig.json|58570746|PAYLOAD_59910020_1","FeatureConfig.json","/settings/v3.0/WaaS/FeatureManagement","PAYLOAD_59910020_1","0","FX:13922784","","58570746","2","0","3","","","","","","","e3b0c44298fc1c149afbf4c8996fb92427ae41e4649b934ca495991b7852b855","44136fa355b3678a1146ad16f7e8649e94fb4fc21fe77e8310c060f61caaff8a","709c5e01a430844caed3d8e04a44854d61ec09df91808f5f00ec233b25576ace","{""ad"":{""entityId"":""FX:13922784"",""items"":[{""featureId"":58570746,""featureOptions"":2,""ct"":3,""variant"":0,""metadata"":{},""ctOverride"":null}]},""prm"":{""_id"":""0""}}"
"FeatureConfig.json|57785863|PAYLOAD_59960279_1","FeatureConfig.json","/settings/v3.0/WaaS/FeatureManagement","PAYLOAD_59960279_1","0","FX:1392EBD7","","57785863","2","0","3","","","","","","","e3b0c44298fc1c149afbf4c8996fb92427ae41e4649b934ca495991b7852b855","44136fa355b3678a1146ad16f7e8649e94fb4fc21fe77e8310c060f61caaff8a","f0f5b59220dd8e6a0871caae8e23937d98d4e3d78b4932b916e0cac108104186","{""ad"":{""entityId"":""FX:1392EBD7"",""items"":[{""featureId"":57785863,""featureOptions"":2,""ct"":3,""variant"":0,""metadata"":{},""ctOverride"":null}]},""prm"":{""_id"":""0""}}"
"FeatureConfig.json|49407484|PAYLOAD_59960568_1","FeatureConfig.json","/settings/v3.0/WaaS/FeatureManagement","PAYLOAD_59960568_1","0","FX:1392ECF8","","49407484","2","0","1","","","","","","","e3b0c44298fc1c149afbf4c8996fb92427ae41e4649b934ca495991b7852b855","44136fa355b3678a1146ad16f7e8649e94fb4fc21fe77e8310c060f61caaff8a","0e0e03c74314c066aaf48dd98d824d87c391c37ff786bcfeacd621a3eb258a71","{""ad"":{""entityId"":""FX:1392ECF8"",""items"":[{""featureId"":49407484,""featureOptions"":2,""ct"":1,""variant"":0,""metadata"":{},""ctOverride"":null}]},""prm"":{""_id"":""0""}}"
"FeatureConfig.json|59112334|PAYLOAD_59960733_1","FeatureConfig.json","/settings/v3.0/WaaS/FeatureManagement","PAYLOAD_59960733_1","0","FX:1392ED9D","","59112334","2","0","3","","","","","","","e3b0c44298fc1c149afbf4c8996fb92427ae41e4649b934ca495991b7852b855","44136fa355b3678a1146ad16f7e8649e94fb4fc21fe77e8310c060f61caaff8a","6734f3e488686795db86f3eee3db8dae08ddeed9a8958801788cc35e62099cfc","{""ad"":{""entityId"":""FX:1392ED9D"",""items"":[{""featureId"":59112334,""featureOptions"":2,""ct"":3,""variant"":0,""metadata"":{},""ctOverride"":null}]},""prm"":{""_id"":""0""}}"
"FeatureConfig.json|58349635|PAYLOAD_59963513_1","FeatureConfig.json","/settings/v3.0/WaaS/FeatureManagement","PAYLOAD_59963513_1","0","FX:1392F879","","58349635","2","0","3","","3","","","","","e3b0c44298fc1c149afbf4c8996fb92427ae41e4649b934ca495991b7852b855","44136fa355b3678a1146ad16f7e8649e94fb4fc21fe77e8310c060f61caaff8a","c5d889ed439c031f9484ad08b4c778629458bd2f5c30766efecd533eca38d8a1","{""ad"":{""entityId"":""FX:1392F879"",""items"":[{""featureId"":58349635,""featureOptions"":2,""ct"":3,""variant"":0,""metadata"":{},""ctOverride"":3}]},""prm"":{""_id"":""0""}}"
"FeatureConfig.json|56641116|PAYLOAD_59993067_1","FeatureConfig.json","/settings/v3.0/WaaS/FeatureManagement","PAYLOAD_59993067_1","0","FX:13936BEB","","56641116","2","0","3","","","","","","","e3b0c44298fc1c149afbf4c8996fb92427ae41e4649b934ca495991b7852b855","44136fa355b3678a1146ad16f7e8649e94fb4fc21fe77e8310c060f61caaff8a","944444ee1b30f6299199e2e3e12e7f2f10766987df3a59183cccbddf13f5b7d8","{""ad"":{""entityId"":""FX:13936BEB"",""items"":[{""featureId"":56641116,""featureOptions"":2,""ct"":3,""variant"":0,""metadata"":{},""ctOverride"":null}]},""prm"":{""_id"":""0""}}"
"FeatureConfig.json|58550079|PAYLOAD_60058597_1","FeatureConfig.json","/settings/v3.0/WaaS/FeatureManagement","PAYLOAD_60058597_1","0","FX:13946BE5","","58550079","2","0","3","","","","","","","e3b0c44298fc1c149afbf4c8996fb92427ae41e4649b934ca495991b7852b855","44136fa355b3678a1146ad16f7e8649e94fb4fc21fe77e8310c060f61caaff8a","c3f9b13107fe1e8744732842ee208ccc0fdde9bb0a377a9ec0a4d7fa6378d667","{""ad"":{""entityId"":""FX:13946BE5"",""items"":[{""featureId"":58550079,""featureOptions"":2,""ct"":3,""variant"":0,""metadata"":{},""ctOverride"":null}]},""prm"":{""_id"":""0""}}"
"FeatureConfig.json|58477524|PAYLOAD_60059814_1","FeatureConfig.json","/settings/v3.0/WaaS/FeatureManagement","PAYLOAD_60059814_1","0","FX:139470A6","","58477524","2","0","0","","","","","","","e3b0c44298fc1c149afbf4c8996fb92427ae41e4649b934ca495991b7852b855","44136fa355b3678a1146ad16f7e8649e94fb4fc21fe77e8310c060f61caaff8a","d6f43fe63f3b7e474b14f3c4d9ccf12fb37de606a74d92d4dc6ca2738b4f77cb","{""ad"":{""entityId"":""FX:139470A6"",""items"":[{""featureId"":58477524,""featureOptions"":2,""ct"":0,""variant"":0,""metadata"":{},""ctOverride"":null}]},""prm"":{""_id"":""0""}}"
"FeatureConfig.json|57805025|PAYLOAD_60091729_1","FeatureConfig.json","/settings/v3.0/WaaS/FeatureManagement","PAYLOAD_60091729_1","0","FX:1394ED51","","57805025","2","0","1","","","","","","","e3b0c44298fc1c149afbf4c8996fb92427ae41e4649b934ca495991b7852b855","44136fa355b3678a1146ad16f7e8649e94fb4fc21fe77e8310c060f61caaff8a","cac86d0027b168f543a1d27af8bd0be0d887ae9fbe3329951d87f616d00039b7","{""ad"":{""entityId"":""FX:1394ED51"",""items"":[{""featureId"":57805025,""featureOptions"":2,""ct"":1,""variant"":0,""metadata"":{},""ctOverride"":null}]},""prm"":{""_id"":""0""},""history"":{""_version"":""2025-11-07T00:19:45.1815038Z"",""expstate"":0}}"
"FeatureConfig.json|51721485|PAYLOAD_60091730_1","FeatureConfig.json","/settings/v3.0/WaaS/FeatureManagement","PAYLOAD_60091730_1","0","FX:1394ED52","","51721485","2","0","3","","","","","","","e3b0c44298fc1c149afbf4c8996fb92427ae41e4649b934ca495991b7852b855","44136fa355b3678a1146ad16f7e8649e94fb4fc21fe77e8310c060f61caaff8a","fb8bd724c9464c11d0f96ccf9003f681dea532405e3b313be0854dd8c41ba1c7","{""ad"":{""entityId"":""FX:1394ED52"",""items"":[{""featureId"":51721485,""featureOptions"":2,""ct"":3,""variant"":0,""metadata"":{},""ctOverride"":null}]},""prm"":{""_id"":""0""},""history"":{""_version"":""2025-11-07T00:24:18.5917672Z"",""expstate"":0}}"
"FeatureConfig.json|59112626|PAYLOAD_60180445_1","FeatureConfig.json","/settings/v3.0/WaaS/FeatureManagement","PAYLOAD_60180445_1","0","FX:139647DD","","59112626","2","0","3","","","","","","","e3b0c44298fc1c149afbf4c8996fb92427ae41e4649b934ca495991b7852b855","44136fa355b3678a1146ad16f7e8649e94fb4fc21fe77e8310c060f61caaff8a","88d73075ac7ffb374f14ee676a608ade8eccd5b21274e6d8693a8883e1b4bbdc","{""ad"":{""entityId"":""FX:139647DD"",""items"":[{""featureId"":59112626,""featureOptions"":2,""ct"":3,""variant"":0,""metadata"":{},""ctOverride"":null}]},""prm"":{""_id"":""0""},""history"":{""_version"":""2025-11-14T00:28:34.9473858Z"",""expstate"":0}}"
"FeatureConfig.json|59275076|PAYLOAD_60190364_1","FeatureConfig.json","/settings/v3.0/WaaS/FeatureManagement","PAYLOAD_60190364_1","0","FX:13966E9C","","59275076","2","0","3","","","","","","","e3b0c44298fc1c149afbf4c8996fb92427ae41e4649b934ca495991b7852b855","44136fa355b3678a1146ad16f7e8649e94fb4fc21fe77e8310c060f61caaff8a","c40de9b208f0466c65e37f85c0e26a6dbde1f1da39d44016b2d0c479cc81e280","{""ad"":{""entityId"":""FX:13966E9C"",""items"":[{""featureId"":59275076,""featureOptions"":2,""ct"":3,""variant"":0,""metadata"":{},""ctOverride"":null}]},""prm"":{""_id"":""0""},""history"":{""_version"":""2025-11-15T01:36:58.9284948Z"",""expstate"":0}}"
"FeatureConfig.json|55053776|PAYLOAD_60192365_1","FeatureConfig.json","/settings/v3.0/WaaS/FeatureManagement","PAYLOAD_60192365_1","0","FX:1396766D","","55053776","2","0","3","","","","","","","e3b0c44298fc1c149afbf4c8996fb92427ae41e4649b934ca495991b7852b855","44136fa355b3678a1146ad16f7e8649e94fb4fc21fe77e8310c060f61caaff8a","f40fc5e3bdc89d248d716599c59030d0b47648226f398cc62cd3aa314574585d","{""ad"":{""entityId"":""FX:1396766D"",""items"":[{""featureId"":55053776,""featureOptions"":2,""ct"":3,""variant"":0,""metadata"":{},""ctOverride"":null}]},""prm"":{""_id"":""0""},""history"":{""_version"":""2025-11-15T00:05:57.1551752Z"",""expstate"":0}}"
"FeatureConfig.json|58649900|PAYLOAD_60251063_1","FeatureConfig.json","/settings/v3.0/WaaS/FeatureManagement","PAYLOAD_60251063_1","0","FX:13975BB7","","58649900","2","0","3","","","","","","","e3b0c44298fc1c149afbf4c8996fb92427ae41e4649b934ca495991b7852b855","44136fa355b3678a1146ad16f7e8649e94fb4fc21fe77e8310c060f61caaff8a","2860bc9fe83bfad82fab52bb94745974cfc122324eac8cb83451a18339feb7a7","{""ad"":{""entityId"":""FX:13975BB7"",""items"":[{""featureId"":58649900,""featureOptions"":2,""ct"":3,""variant"":0,""metadata"":{},""ctOverride"":null}]},""prm"":{""_id"":""0""},""history"":{""_version"":""2025-11-20T01:07:52.9704185Z"",""expstate"":0}}"
"FeatureConfig.json|58286439|PAYLOAD_60263986_1","FeatureConfig.json","/settings/v3.0/WaaS/FeatureManagement","PAYLOAD_60263986_1","0","FX:13978E32","","58286439","2","0","3","","","","","","","e3b0c44298fc1c149afbf4c8996fb92427ae41e4649b934ca495991b7852b855","44136fa355b3678a1146ad16f7e8649e94fb4fc21fe77e8310c060f61caaff8a","05bde77e4ed5b354f79e7f77f42289bd97750e5b5551d06b02ab857d9fc07636","{""ad"":{""entityId"":""FX:13978E32"",""items"":[{""featureId"":58286439,""featureOptions"":2,""ct"":3,""variant"":0,""metadata"":{},""ctOverride"":null}]},""prm"":{""_id"":""0""},""history"":{""_version"":""2025-11-21T00:03:11.6992819Z"",""expstate"":0}}"
"FeatureConfig.json|57005088|PAYLOAD_60278824_1","FeatureConfig.json","/settings/v3.0/WaaS/FeatureManagement","PAYLOAD_60278824_1","0","FX:1397C828","","57005088","2","0","1","","","","","","","e3b0c44298fc1c149afbf4c8996fb92427ae41e4649b934ca495991b7852b855","44136fa355b3678a1146ad16f7e8649e94fb4fc21fe77e8310c060f61caaff8a","4acf855ec9f015e2e3fc312f966be7e2ff998ec696ffc501d8afe787452aaf01","{""ad"":{""entityId"":""FX:1397C828"",""items"":[{""featureId"":57005088,""featureOptions"":2,""ct"":1,""variant"":0,""metadata"":{},""ctOverride"":null}]},""prm"":{""_id"":""0""},""history"":{""_version"":""2025-11-21T18:01:07.6848599Z"",""expstate"":0}}"
"FeatureConfig.json|59107775|PAYLOAD_60295756_1","FeatureConfig.json","/settings/v3.0/WaaS/FeatureManagement","PAYLOAD_60295756_1","0","FX:13980A4C","","59107775","2","0","3","","","","","","","e3b0c44298fc1c149afbf4c8996fb92427ae41e4649b934ca495991b7852b855","44136fa355b3678a1146ad16f7e8649e94fb4fc21fe77e8310c060f61caaff8a","50457919a73f4b55849e7275a9e57343b964cc20bb458fae2eec68f11d67e76e","{""ad"":{""entityId"":""FX:13980A4C"",""items"":[{""featureId"":59107775,""featureOptions"":2,""ct"":3,""variant"":0,""metadata"":{},""ctOverride"":null}]},""prm"":{""_id"":""0""},""history"":{""_version"":""2025-11-22T02:17:47.3021855Z"",""expstate"":0}}"
"FeatureConfig.json|59686793|PAYLOAD_60295907_1","FeatureConfig.json","/settings/v3.0/WaaS/FeatureManagement","PAYLOAD_60295907_1","0","FX:13980AE3","","59686793","2","0","3","","","","","","","e3b0c44298fc1c149afbf4c8996fb92427ae41e4649b934ca495991b7852b855","44136fa355b3678a1146ad16f7e8649e94fb4fc21fe77e8310c060f61caaff8a","52c77ce9e8b11b936a3a5f2e9707d3e204e98e348522bd3ac7bbfe82310d2924","{""ad"":{""entityId"":""FX:13980AE3"",""items"":[{""featureId"":59686793,""featureOptions"":2,""ct"":3,""variant"":0,""metadata"":{},""ctOverride"":null}]},""prm"":{""_id"":""0""},""history"":{""_version"":""2025-11-22T02:21:31.066691Z"",""expstate"":0}}"
"FeatureConfig.json|56192390|PAYLOAD_60298041_1","FeatureConfig.json","/settings/v3.0/WaaS/FeatureManagement","PAYLOAD_60298041_1","0","FX:13981339","","56192390","2","0","3","","","","","","","e3b0c44298fc1c149afbf4c8996fb92427ae41e4649b934ca495991b7852b855","44136fa355b3678a1146ad16f7e8649e94fb4fc21fe77e8310c060f61caaff8a","062309ca67d8d64f98641a96525581661a118d5dbf0c121222286e2646b50feb","{""ad"":{""entityId"":""FX:13981339"",""items"":[{""featureId"":56192390,""featureOptions"":2,""ct"":3,""variant"":0,""metadata"":{},""ctOverride"":null}]},""prm"":{""_id"":""0""},""history"":{""_version"":""2025-11-22T03:30:51.340498Z"",""expstate"":0}}"
"FeatureConfig.json|57102626|PAYLOAD_60337516_1","FeatureConfig.json","/settings/v3.0/WaaS/FeatureManagement","PAYLOAD_60337516_1","0","FX:1398AD6C","","57102626","2","0","1","","","","","","","e3b0c44298fc1c149afbf4c8996fb92427ae41e4649b934ca495991b7852b855","44136fa355b3678a1146ad16f7e8649e94fb4fc21fe77e8310c060f61caaff8a","d21c0649eec21617bc0290cc8c62e9d716876ddd4bf4d9bdd47931a603396417","{""ad"":{""entityId"":""FX:1398AD6C"",""items"":[{""featureId"":57102626,""featureOptions"":2,""ct"":1,""variant"":0,""metadata"":{},""ctOverride"":null}]},""prm"":{""_id"":""0""},""history"":{""_version"":""2025-11-25T20:56:37.2886606Z"",""expstate"":0}}"
"FeatureConfig.json|59706734|PAYLOAD_60414157_1","FeatureConfig.json","/settings/v3.0/WaaS/FeatureManagement","PAYLOAD_60414157_1","0","FX:1399D8CD","","59706734","2","0","3","","","","","","","e3b0c44298fc1c149afbf4c8996fb92427ae41e4649b934ca495991b7852b855","44136fa355b3678a1146ad16f7e8649e94fb4fc21fe77e8310c060f61caaff8a","6c0e10790f0a538f572643b6a1858b4bb240ac811a46d915389de8b1d51ff3f8","{""ad"":{""entityId"":""FX:1399D8CD"",""items"":[{""featureId"":59706734,""featureOptions"":2,""ct"":3,""variant"":0,""metadata"":{},""ctOverride"":null}]},""prm"":{""_id"":""0""},""history"":{""_version"":""2025-12-02T20:08:21.465249Z"",""expstate"":0}}"
"FeatureConfig.json|56848077|PAYLOAD_60444173_1","FeatureConfig.json","/settings/v3.0/WaaS/FeatureManagement","PAYLOAD_60444173_1","0","FX:139A4E0D","","56848077","2","0","3","","","","","","","e3b0c44298fc1c149afbf4c8996fb92427ae41e4649b934ca495991b7852b855","44136fa355b3678a1146ad16f7e8649e94fb4fc21fe77e8310c060f61caaff8a","22922a9a795fa6fb24000be18ed069545e9d200bbc2fa5e1143b9269c3357fa7","{""ad"":{""entityId"":""FX:139A4E0D"",""items"":[{""featureId"":56848077,""featureOptions"":2,""ct"":3,""variant"":0,""metadata"":{},""ctOverride"":null}]},""prm"":{""_id"":""0""},""history"":{""_version"":""2025-12-05T01:22:58.8691416Z"",""expstate"":0}}"
"FeatureConfig.json|56794222|PAYLOAD_60483624_1","FeatureConfig.json","/settings/v3.0/WaaS/FeatureManagement","PAYLOAD_60483624_1","0","FX:139AE828","","56794222","2","0","3","","","","","","","e3b0c44298fc1c149afbf4c8996fb92427ae41e4649b934ca495991b7852b855","44136fa355b3678a1146ad16f7e8649e94fb4fc21fe77e8310c060f61caaff8a","33d0bfc2cdf863ebfd6f5667d7bc825be2876378b3c1a5281401b4de116b350f","{""ad"":{""entityId"":""FX:139AE828"",""items"":[{""featureId"":56794222,""featureOptions"":2,""ct"":3,""variant"":0,""metadata"":{},""ctOverride"":null}]},""prm"":{""_id"":""0""},""history"":{""_version"":""2025-12-09T20:57:17.9413428Z"",""expstate"":0}}"
"FeatureConfig.json|56848060|PAYLOAD_60510306_1","FeatureConfig.json","/settings/v3.0/WaaS/FeatureManagement","PAYLOAD_60510306_1","0","FX:139B5062","","56848060","2","0","1","","","","","","","e3b0c44298fc1c149afbf4c8996fb92427ae41e4649b934ca495991b7852b855","44136fa355b3678a1146ad16f7e8649e94fb4fc21fe77e8310c060f61caaff8a","2d7dc0027386bb3753d1034793fdc8ccdc8527d133e9820d89caeaba18a30c00","{""ad"":{""entityId"":""FX:139B5062"",""items"":[{""featureId"":56848060,""featureOptions"":2,""ct"":1,""variant"":0,""metadata"":{},""ctOverride"":null}]},""prm"":{""_id"":""0""},""history"":{""_version"":""2025-12-11T17:32:58.4237022Z"",""expstate"":0}}"
"FeatureConfig.json|49290270|PAYLOAD_60514380_1","FeatureConfig.json","/settings/v3.0/WaaS/FeatureManagement","PAYLOAD_60514380_1","0","FX:139B604C","","49290270","2","0","3","","","","","","","e3b0c44298fc1c149afbf4c8996fb92427ae41e4649b934ca495991b7852b855","44136fa355b3678a1146ad16f7e8649e94fb4fc21fe77e8310c060f61caaff8a","6d9fa04ca4189b3481422ac6ed547b64b85d7cdfc37d0266a50aa903517af13e","{""ad"":{""entityId"":""FX:139B604C"",""items"":[{""featureId"":49290270,""featureOptions"":2,""ct"":3,""variant"":0,""metadata"":{},""ctOverride"":null}]},""prm"":{""_id"":""0""},""history"":{""_version"":""2025-12-12T01:26:25.2977227Z"",""expstate"":0}}"
"FeatureConfig.json|59202163|PAYLOAD_60514972_1","FeatureConfig.json","/settings/v3.0/WaaS/FeatureManagement","PAYLOAD_60514972_1","0","FX:139B629C","","59202163","2","0","0","","","","","","","e3b0c44298fc1c149afbf4c8996fb92427ae41e4649b934ca495991b7852b855","44136fa355b3678a1146ad16f7e8649e94fb4fc21fe77e8310c060f61caaff8a","b534989a5e8b807e4924877c8af863a4b9ccf56ec4c5f7d1d17df1ca7d83e49b","{""ad"":{""entityId"":""FX:139B629C"",""items"":[{""featureId"":59202163,""featureOptions"":2,""ct"":0,""variant"":0,""metadata"":{},""ctOverride"":null}]},""prm"":{""_id"":""0""},""history"":{""_version"":""2025-12-12T03:01:46.0344684Z"",""expstate"":0}}"
"FeatureConfig.json|56625134|PAYLOAD_60515763_1","FeatureConfig.json","/settings/v3.0/WaaS/FeatureManagement","PAYLOAD_60515763_1","0","FX:139B65B3","","56625134","2","0","3","","","","","","","e3b0c44298fc1c149afbf4c8996fb92427ae41e4649b934ca495991b7852b855","44136fa355b3678a1146ad16f7e8649e94fb4fc21fe77e8310c060f61caaff8a","c489382c29aac709c050ae2c808bc593e5920b0752af2500068c876fc207e87b","{""ad"":{""entityId"":""FX:139B65B3"",""items"":[{""featureId"":56625134,""featureOptions"":2,""ct"":3,""variant"":0,""metadata"":{},""ctOverride"":null}]},""prm"":{""_id"":""0""},""history"":{""_version"":""2025-12-12T02:32:40.9696824Z"",""expstate"":0}}"
"FeatureConfig.json|54900690|PAYLOAD_60525534_1","FeatureConfig.json","/settings/v3.0/WaaS/FeatureManagement","PAYLOAD_60525534_1","0","FX:139B8BDE","","54900690","2","0","3","","","","","","","e3b0c44298fc1c149afbf4c8996fb92427ae41e4649b934ca495991b7852b855","44136fa355b3678a1146ad16f7e8649e94fb4fc21fe77e8310c060f61caaff8a","2f9e001b07a0f9a31d2ca3331bd10068a9b5dd95d153f569b36a9714a366d8a2","{""ad"":{""entityId"":""FX:139B8BDE"",""items"":[{""featureId"":54900690,""featureOptions"":2,""ct"":3,""variant"":0,""metadata"":{},""ctOverride"":null}]},""prm"":{""_id"":""0""},""history"":{""_version"":""2025-12-13T01:09:35.1298785Z"",""expstate"":0}}"
"FeatureConfig.json|58022816|PAYLOAD_60743282_1","FeatureConfig.json","/settings/v3.0/WaaS/FeatureManagement","PAYLOAD_60743282_1","0","FX:139EDE72","","58022816","2","0","3","","","","","","","e3b0c44298fc1c149afbf4c8996fb92427ae41e4649b934ca495991b7852b855","44136fa355b3678a1146ad16f7e8649e94fb4fc21fe77e8310c060f61caaff8a","e58e379c8a5d36995d0e814e1cb96f270036fe4c42065d835ce1c8f19f1b8b25","{""ad"":{""entityId"":""FX:139EDE72"",""items"":[{""featureId"":58022816,""featureOptions"":2,""ct"":3,""variant"":0,""metadata"":{},""ctOverride"":null}]},""prm"":{""_id"":""0""},""history"":{""_version"":""2026-01-13T20:57:57.3802071Z"",""expstate"":0}}"
"FeatureConfig.json|60352363|PAYLOAD_60747397_1","FeatureConfig.json","/settings/v3.0/WaaS/FeatureManagement","PAYLOAD_60747397_1","0","FX:139EEE85","","60352363","2","0","3","","","","","","","e3b0c44298fc1c149afbf4c8996fb92427ae41e4649b934ca495991b7852b855","44136fa355b3678a1146ad16f7e8649e94fb4fc21fe77e8310c060f61caaff8a","e11402abb581e0eb4ec4f3fd81045b76f729479eee20e4a7633bd64c01faafc6","{""ad"":{""entityId"":""FX:139EEE85"",""items"":[{""featureId"":60352363,""featureOptions"":2,""ct"":3,""variant"":0,""metadata"":{},""ctOverride"":null}]},""prm"":{""_id"":""0""},""history"":{""_version"":""2026-01-14T00:36:27.6376712Z"",""expstate"":0}}"
"FeatureConfig.json|58274572|PAYLOAD_60747851_1","FeatureConfig.json","/settings/v3.0/WaaS/FeatureManagement","PAYLOAD_60747851_1","0","FX:139EF04B","","58274572","2","0","1","","","","","","","e3b0c44298fc1c149afbf4c8996fb92427ae41e4649b934ca495991b7852b855","44136fa355b3678a1146ad16f7e8649e94fb4fc21fe77e8310c060f61caaff8a","85986bcb8c1feb0aceb09d8537384450acca32f093c67a74887cc696d56b845c","{""ad"":{""entityId"":""FX:139EF04B"",""items"":[{""featureId"":58274572,""featureOptions"":2,""ct"":1,""variant"":0,""metadata"":{},""ctOverride"":null}]},""prm"":{""_id"":""0""},""history"":{""_version"":""2026-01-14T00:40:16.3914339Z"",""expstate"":0}}"
"FeatureConfig.json|58421907|PAYLOAD_60780918_1","FeatureConfig.json","/settings/v3.0/WaaS/FeatureManagement","PAYLOAD_60780918_1","0","FX:139F7176","","58421907","2","0","1","","","","","","","e3b0c44298fc1c149afbf4c8996fb92427ae41e4649b934ca495991b7852b855","44136fa355b3678a1146ad16f7e8649e94fb4fc21fe77e8310c060f61caaff8a","69383c3e3eb55894e55963626e71d24f0ed01d2b3d4bf7b8440cd90ef71ae77b","{""ad"":{""entityId"":""FX:139F7176"",""items"":[{""featureId"":58421907,""featureOptions"":2,""ct"":1,""variant"":0,""metadata"":{},""ctOverride"":null}]},""prm"":{""_id"":""0""},""history"":{""_version"":""2026-01-30T19:19:47.6903705Z"",""expstate"":0}}"
"FeatureConfig.json|58445826|PAYLOAD_60904458_1","FeatureConfig.json","/settings/v3.0/WaaS/FeatureManagement","PAYLOAD_60904458_1","0","FX:13A1540A","","58445826","2","0","3","","","","","","","e3b0c44298fc1c149afbf4c8996fb92427ae41e4649b934ca495991b7852b855","44136fa355b3678a1146ad16f7e8649e94fb4fc21fe77e8310c060f61caaff8a","58b212604bd905194df6e4e3972b5b6ee2ab8c19feac00c39aab1c2306c0fc1b","{""ad"":{""entityId"":""FX:13A1540A"",""items"":[{""featureId"":58445826,""featureOptions"":2,""ct"":3,""variant"":0,""metadata"":{},""ctOverride"":null}]},""prm"":{""_id"":""0""},""history"":{""_version"":""2026-01-29T17:05:02.2929242Z"",""expstate"":0}}"
"FeatureConfig.json|57696949|PAYLOAD_60905530_1","FeatureConfig.json","/settings/v3.0/WaaS/FeatureManagement","PAYLOAD_60905530_1","0","FX:13A1583A","","57696949","2","0","0","","","","","","","e3b0c44298fc1c149afbf4c8996fb92427ae41e4649b934ca495991b7852b855","44136fa355b3678a1146ad16f7e8649e94fb4fc21fe77e8310c060f61caaff8a","8b1ba3a89e1027cf90ae28d3120bbd3c57af57f83238d902afbf3a1e651107cf","{""ad"":{""entityId"":""FX:13A1583A"",""items"":[{""featureId"":57696949,""featureOptions"":2,""ct"":0,""variant"":0,""metadata"":{},""ctOverride"":null}]},""prm"":{""_id"":""0""},""history"":{""_version"":""2026-01-29T19:57:22.9585175Z"",""expstate"":0}}"
"FeatureConfig.json|60243440|PAYLOAD_60918783_1","FeatureConfig.json","/settings/v3.0/WaaS/FeatureManagement","PAYLOAD_60918783_1","0","FX:13A18BFF","","60243440","2","0","3","","","","","","","e3b0c44298fc1c149afbf4c8996fb92427ae41e4649b934ca495991b7852b855","44136fa355b3678a1146ad16f7e8649e94fb4fc21fe77e8310c060f61caaff8a","e7efa066815c18a4255d7fa9edb8245b36ccb1f8e73e5293b7b123b0d4ada753","{""ad"":{""entityId"":""FX:13A18BFF"",""items"":[{""featureId"":60243440,""featureOptions"":2,""ct"":3,""variant"":0,""metadata"":{},""ctOverride"":null}]},""prm"":{""_id"":""0""},""history"":{""_version"":""2026-01-30T23:18:03.7465216Z"",""expstate"":0}}"
"FeatureConfig.json|59015030|PAYLOAD_60983909_1","FeatureConfig.json","/settings/v3.0/WaaS/FeatureManagement","PAYLOAD_60983909_1","0","FX:13A28A65","","59015030","2","0","3","","","","","","","e3b0c44298fc1c149afbf4c8996fb92427ae41e4649b934ca495991b7852b855","44136fa355b3678a1146ad16f7e8649e94fb4fc21fe77e8310c060f61caaff8a","b8ba0975d296423c116b81e737ddc27ad82d33b9d0f1b27c1eb51ce9e952d230","{""ad"":{""entityId"":""FX:13A28A65"",""items"":[{""featureId"":59015030,""featureOptions"":2,""ct"":3,""variant"":0,""metadata"":{},""ctOverride"":null}]},""prm"":{""_id"":""0""},""history"":{""_version"":""2026-02-06T00:33:24.4529642Z"",""expstate"":0}}"
"FeatureConfig.json|58536988|PAYLOAD_60983910_1","FeatureConfig.json","/settings/v3.0/WaaS/FeatureManagement","PAYLOAD_60983910_1","0","FX:13A28A66","","58536988","2","0","3","","","","","","","e3b0c44298fc1c149afbf4c8996fb92427ae41e4649b934ca495991b7852b855","44136fa355b3678a1146ad16f7e8649e94fb4fc21fe77e8310c060f61caaff8a","0c1a361d59029eedc28025b6e9e061ea8f7aee7796c9832d3fb4a5cd400be9f8","{""ad"":{""entityId"":""FX:13A28A66"",""items"":[{""featureId"":58536988,""featureOptions"":2,""ct"":3,""variant"":0,""metadata"":{},""ctOverride"":null}]},""prm"":{""_id"":""0""},""history"":{""_version"":""2026-02-06T00:26:54.3319165Z"",""expstate"":0}}"
"FeatureConfig.json|49642928|PAYLOAD_61011189_1","FeatureConfig.json","/settings/v3.0/WaaS/FeatureManagement","PAYLOAD_61011189_1","0","FX:13A2F4F5","","49642928","2","0","3","","","","","","","e3b0c44298fc1c149afbf4c8996fb92427ae41e4649b934ca495991b7852b855","44136fa355b3678a1146ad16f7e8649e94fb4fc21fe77e8310c060f61caaff8a","f0bd32c6aff83fa58bdc95ce90196a5ce241d8b08583a66eb325368b9737300c","{""ad"":{""entityId"":""FX:13A2F4F5"",""items"":[{""featureId"":49642928,""featureOptions"":2,""ct"":3,""variant"":0,""metadata"":{},""ctOverride"":null}]},""prm"":{""_id"":""0""},""history"":{""_version"":""2026-02-09T18:01:19.8532217Z"",""expstate"":0}}"
"FeatureConfig.json|60247407|PAYLOAD_61030290_1","FeatureConfig.json","/settings/v3.0/WaaS/FeatureManagement","PAYLOAD_61030290_1","0","FX:13A33F92","","60247407","2","0","1","","","","","","","e3b0c44298fc1c149afbf4c8996fb92427ae41e4649b934ca495991b7852b855","44136fa355b3678a1146ad16f7e8649e94fb4fc21fe77e8310c060f61caaff8a","b7a0df6156771cdcc566613e8a77a468f14a65d0d87af332224824d21e691e81","{""ad"":{""entityId"":""FX:13A33F92"",""items"":[{""featureId"":60247407,""featureOptions"":2,""ct"":1,""variant"":0,""metadata"":{},""ctOverride"":null}]},""prm"":{""_id"":""0""},""history"":{""_version"":""2026-02-11T15:43:25.0379226Z"",""expstate"":0}}"
"FeatureConfig.json|60730239|PAYLOAD_61054836_1","FeatureConfig.json","/settings/v3.0/WaaS/FeatureManagement","PAYLOAD_61054836_1","0","FX:13A39F74","","60730239","2","0","3","","","","","","","e3b0c44298fc1c149afbf4c8996fb92427ae41e4649b934ca495991b7852b855","44136fa355b3678a1146ad16f7e8649e94fb4fc21fe77e8310c060f61caaff8a","0735f357d4523f98c0190c358fab909d6a9b5084f660af6c3432f18532479589","{""ad"":{""entityId"":""FX:13A39F74"",""items"":[{""featureId"":60730239,""featureOptions"":2,""ct"":3,""variant"":0,""metadata"":{},""ctOverride"":null}]},""prm"":{""_id"":""0""},""history"":{""_version"":""2026-02-12T23:44:37.7144952Z"",""expstate"":0}}"
"FeatureConfig.json|60428706|PAYLOAD_61055275_1","FeatureConfig.json","/settings/v3.0/WaaS/FeatureManagement","PAYLOAD_61055275_1","0","FX:13A3A12B","","60428706","2","0","3","","","","","","","e3b0c44298fc1c149afbf4c8996fb92427ae41e4649b934ca495991b7852b855","44136fa355b3678a1146ad16f7e8649e94fb4fc21fe77e8310c060f61caaff8a","fe7d5f60c52307cc44b0861115ac398b2f660ccdfdd0ce05e0764c99789f476e","{""ad"":{""entityId"":""FX:13A3A12B"",""items"":[{""featureId"":60428706,""featureOptions"":2,""ct"":3,""variant"":0,""metadata"":{},""ctOverride"":null}]},""prm"":{""_id"":""0""},""history"":{""_version"":""2026-02-13T00:20:15.3943945Z"",""expstate"":0}}"
"FeatureConfig.json|58936720|PAYLOAD_61109243_1","FeatureConfig.json","/settings/v3.0/WaaS/FeatureManagement","PAYLOAD_61109243_1","0","FX:13A473FB","","58936720","2","0","1","","","","","","","e3b0c44298fc1c149afbf4c8996fb92427ae41e4649b934ca495991b7852b855","44136fa355b3678a1146ad16f7e8649e94fb4fc21fe77e8310c060f61caaff8a","e3fe2320220d8418fe3259a8aab08a835c271453c9c160e61aa96732f6ffb8be","{""ad"":{""entityId"":""FX:13A473FB"",""items"":[{""featureId"":58936720,""featureOptions"":2,""ct"":1,""variant"":0,""metadata"":{},""ctOverride"":null}]},""prm"":{""_id"":""0""},""history"":{""_version"":""2026-02-18T22:48:39.9664924Z"",""expstate"":0}}"
"FeatureConfig.json|60314197|PAYLOAD_61168806_1","FeatureConfig.json","/settings/v3.0/WaaS/FeatureManagement","PAYLOAD_61168806_1","0","FX:13A55CA6","","60314197","18","0","3","","","","","","","e3b0c44298fc1c149afbf4c8996fb92427ae41e4649b934ca495991b7852b855","44136fa355b3678a1146ad16f7e8649e94fb4fc21fe77e8310c060f61caaff8a","019935f9a57ee0e19e936ef035048c0f2160b40a257d00a675f7e8479d7ae049","{""ad"":{""entityId"":""FX:13A55CA6"",""items"":[{""featureId"":60314197,""featureOptions"":18,""ct"":3,""variant"":0,""rolloutType"":0,""metadata"":{},""ctOverride"":null}]},""prm"":{""_id"":""0""},""history"":{""_version"":""2026-02-24T19:50:29.721913Z"",""expstate"":0}}"
"FeatureConfig.json|60415611|PAYLOAD_61191057_1","FeatureConfig.json","/settings/v3.0/WaaS/FeatureManagement","PAYLOAD_61191057_1","0","FX:13A5B391","","60415611","2","0","3","","","","","","","e3b0c44298fc1c149afbf4c8996fb92427ae41e4649b934ca495991b7852b855","44136fa355b3678a1146ad16f7e8649e94fb4fc21fe77e8310c060f61caaff8a","79bd8c1c12710571f7f3eeae3524df3d4bf04d98588c7dc4ce536bf511bd2605","{""ad"":{""entityId"":""FX:13A5B391"",""items"":[{""featureId"":60415611,""featureOptions"":2,""ct"":3,""variant"":0,""metadata"":{},""ctOverride"":null}]},""prm"":{""_id"":""0""},""history"":{""_version"":""2026-02-26T17:07:07.733568Z"",""expstate"":0}}"
"FeatureConfig.json|60582403|PAYLOAD_61200765_1","FeatureConfig.json","/settings/v3.0/WaaS/FeatureManagement","PAYLOAD_61200765_1","0","FX:13A5D97D","","60582403","2","0","3","","","","","","","e3b0c44298fc1c149afbf4c8996fb92427ae41e4649b934ca495991b7852b855","44136fa355b3678a1146ad16f7e8649e94fb4fc21fe77e8310c060f61caaff8a","ac7a6b57b3d69827bf9fa97f1ca1b96ab6eb0eeea3c15001eeb49bd9591a37bb","{""ad"":{""entityId"":""FX:13A5D97D"",""items"":[{""featureId"":60582403,""featureOptions"":2,""ct"":3,""variant"":0,""metadata"":{},""ctOverride"":null}]},""prm"":{""_id"":""0""},""history"":{""_version"":""2026-02-27T00:37:01.3719518Z"",""expstate"":0}}"
"FeatureConfig.json|56201473|PAYLOAD_61203904_1","FeatureConfig.json","/settings/v3.0/WaaS/FeatureManagement","PAYLOAD_61203904_1","0","FX:13A5E5C0","","56201473","2","0","3","","","","","","","e3b0c44298fc1c149afbf4c8996fb92427ae41e4649b934ca495991b7852b855","44136fa355b3678a1146ad16f7e8649e94fb4fc21fe77e8310c060f61caaff8a","7573e20b838e413fde8c58ba21fabece9e3b02c69589a0b3902958a00132b510","{""ad"":{""entityId"":""FX:13A5E5C0"",""items"":[{""featureId"":56201473,""featureOptions"":2,""ct"":3,""variant"":0,""metadata"":{},""ctOverride"":null}]},""prm"":{""_id"":""0""},""history"":{""_version"":""2026-02-26T22:45:03.1829991Z"",""expstate"":0}}"
"FeatureConfig.json|59983138|PAYLOAD_61207739_1","FeatureConfig.json","/settings/v3.0/WaaS/FeatureManagement","PAYLOAD_61207739_1","0","FX:13A5F4BB","","59983138","2","0","3","","","","","","","e3b0c44298fc1c149afbf4c8996fb92427ae41e4649b934ca495991b7852b855","44136fa355b3678a1146ad16f7e8649e94fb4fc21fe77e8310c060f61caaff8a","1da841fc002b2d9d8c77682b499c72f637b32f1ec6a28e1aa614020edcb5a807","{""ad"":{""entityId"":""FX:13A5F4BB"",""items"":[{""featureId"":59983138,""featureOptions"":2,""ct"":3,""variant"":0,""metadata"":{},""ctOverride"":null}]},""prm"":{""_id"":""0""},""history"":{""_version"":""2026-02-27T00:24:35.562308Z"",""expstate"":0}}"
"FeatureConfig.json|60312401|PAYLOAD_61272846_1","FeatureConfig.json","/settings/v3.0/WaaS/FeatureManagement","PAYLOAD_61272846_1","0","FX:13A6F30E","","60312401","2","0","1","","","","","","","e3b0c44298fc1c149afbf4c8996fb92427ae41e4649b934ca495991b7852b855","44136fa355b3678a1146ad16f7e8649e94fb4fc21fe77e8310c060f61caaff8a","eda04236d4ada4dcb944d2e4bbf7719592d1c2a92ce8b3d32e76bc32a1a5f5ba","{""ad"":{""entityId"":""FX:13A6F30E"",""items"":[{""featureId"":60312401,""featureOptions"":2,""ct"":1,""variant"":0,""metadata"":{},""ctOverride"":null}]},""prm"":{""_id"":""0""},""history"":{""_version"":""2026-03-03T19:20:17.9760485Z"",""expstate"":0}}"
"FeatureConfig.json|58432370|PAYLOAD_61273769_1","FeatureConfig.json","/settings/v3.0/WaaS/FeatureManagement","PAYLOAD_61273769_1","0","FX:13A6F6A9","","58432370","2","0","3","","","","","","","e3b0c44298fc1c149afbf4c8996fb92427ae41e4649b934ca495991b7852b855","44136fa355b3678a1146ad16f7e8649e94fb4fc21fe77e8310c060f61caaff8a","d180971b6b37700bd64c0a85ff0e93aed0114f6a989293372c7a9d396e19b150","{""ad"":{""entityId"":""FX:13A6F6A9"",""items"":[{""featureId"":58432370,""featureOptions"":2,""ct"":3,""variant"":0,""metadata"":{},""ctOverride"":null}]},""prm"":{""_id"":""0""},""history"":{""_version"":""2026-03-03T20:26:25.1560721Z"",""expstate"":0}}"
"FeatureConfig.json|53283713|PAYLOAD_61316366_1","FeatureConfig.json","/settings/v3.0/WaaS/FeatureManagement","PAYLOAD_61316366_1","0","FX:13A79D0E","","53283713","2","0","3","","","","","","","e3b0c44298fc1c149afbf4c8996fb92427ae41e4649b934ca495991b7852b855","44136fa355b3678a1146ad16f7e8649e94fb4fc21fe77e8310c060f61caaff8a","2aca0706ca15e62b35bcabd57370ba8cfb1c5ba5e50a320b217b3b8fe1b3ed11","{""ad"":{""entityId"":""FX:13A79D0E"",""items"":[{""featureId"":53283713,""featureOptions"":2,""ct"":3,""variant"":0,""metadata"":{},""ctOverride"":null}]},""prm"":{""_id"":""0""},""history"":{""_version"":""2026-03-06T01:21:49.9147695Z"",""expstate"":0}}"
"FeatureConfig.json|31081324|PAYLOAD_61316520_1","FeatureConfig.json","/settings/v3.0/WaaS/FeatureManagement","PAYLOAD_61316520_1","0","FX:13A79DA8","","31081324","2","0","1","","","","","","","e3b0c44298fc1c149afbf4c8996fb92427ae41e4649b934ca495991b7852b855","44136fa355b3678a1146ad16f7e8649e94fb4fc21fe77e8310c060f61caaff8a","91862cb889fd5af20f97714eb759e5b55f2cff6b8464ad2b3126d44d7fcf581b","{""ad"":{""entityId"":""FX:13A79DA8"",""items"":[{""featureId"":31081324,""featureOptions"":2,""ct"":1,""variant"":0,""metadata"":{},""ctOverride"":null}]},""prm"":{""_id"":""0""},""history"":{""_version"":""2026-03-06T01:04:19.565953Z"",""expstate"":0}}"
"FeatureConfig.json|56160586|PAYLOAD_61316560_1","FeatureConfig.json","/settings/v3.0/WaaS/FeatureManagement","PAYLOAD_61316560_1","0","FX:13A79DD0","","56160586","2","0","3","","","","","","","e3b0c44298fc1c149afbf4c8996fb92427ae41e4649b934ca495991b7852b855","44136fa355b3678a1146ad16f7e8649e94fb4fc21fe77e8310c060f61caaff8a","03889f8a67541b23f2bdcb5eb996fe25af35887ba578f0185ed4c991ac8a9607","{""ad"":{""entityId"":""FX:13A79DD0"",""items"":[{""featureId"":56160586,""featureOptions"":2,""ct"":3,""variant"":0,""metadata"":{},""ctOverride"":null}]},""prm"":{""_id"":""0""},""history"":{""_version"":""2026-03-06T01:14:06.9502964Z"",""expstate"":0}}"
"FeatureConfig.json|59867315|PAYLOAD_61359437_1","FeatureConfig.json","/settings/v3.0/WaaS/FeatureManagement","PAYLOAD_61359437_1","0","FX:13A8454D","","59867315","2","0","3","","3","","","","","e3b0c44298fc1c149afbf4c8996fb92427ae41e4649b934ca495991b7852b855","44136fa355b3678a1146ad16f7e8649e94fb4fc21fe77e8310c060f61caaff8a","5f5ca46c5a098c799cc8cfe663de6451b43218edb16c481e63f4a3dddc037eb5","{""ad"":{""entityId"":""FX:13A8454D"",""items"":[{""featureId"":59867315,""featureOptions"":2,""ct"":3,""variant"":0,""metadata"":{},""ctOverride"":3}]},""prm"":{""_id"":""0""},""history"":{""_version"":""2026-03-10T18:29:42.9062062Z"",""expstate"":0}}"
"FeatureConfig.json|60937815|PAYLOAD_61393394_1","FeatureConfig.json","/settings/v3.0/WaaS/FeatureManagement","PAYLOAD_61393394_1","0","FX:13A8C9F2","","60937815","2","0","3","","","","","","","e3b0c44298fc1c149afbf4c8996fb92427ae41e4649b934ca495991b7852b855","44136fa355b3678a1146ad16f7e8649e94fb4fc21fe77e8310c060f61caaff8a","ff74059be0a6687fe62b8d41e48de47e35089dd61caecc57bf05cad19fc22248","{""ad"":{""entityId"":""FX:13A8C9F2"",""items"":[{""featureId"":60937815,""featureOptions"":2,""ct"":3,""variant"":0,""metadata"":{},""ctOverride"":null}]},""prm"":{""_id"":""0""},""history"":{""_version"":""2026-03-12T23:24:03.3745248Z"",""expstate"":0}}"
"FeatureConfig.json|54634447|PAYLOAD_61488082_1","FeatureConfig.json","/settings/v3.0/WaaS/FeatureManagement","PAYLOAD_61488082_1","0","FX:13AA3BD2","","54634447","2","0","3","","","","","","","e3b0c44298fc1c149afbf4c8996fb92427ae41e4649b934ca495991b7852b855","44136fa355b3678a1146ad16f7e8649e94fb4fc21fe77e8310c060f61caaff8a","ced792ce50f325c4b9b6f0a146a68c97af5cfac9429b7c98c20fb111ce8d3432","{""ad"":{""entityId"":""FX:13AA3BD2"",""items"":[{""featureId"":54634447,""featureOptions"":2,""ct"":3,""variant"":0,""metadata"":{},""ctOverride"":null}]},""prm"":{""_id"":""0""},""history"":{""_version"":""2026-03-19T17:21:39.5572218Z"",""expstate"":0}}"
"FeatureConfig.json|51593804|PAYLOAD_61492478_1","FeatureConfig.json","/settings/v3.0/WaaS/FeatureManagement","PAYLOAD_61492478_1","0","FX:13AA4CFE","","51593804","2","0","3","","","","","","","e3b0c44298fc1c149afbf4c8996fb92427ae41e4649b934ca495991b7852b855","44136fa355b3678a1146ad16f7e8649e94fb4fc21fe77e8310c060f61caaff8a","c52949875c8275ed4fea96c7f3fd4d3ae16d7ec071b9703348ae3622955ca790","{""ad"":{""entityId"":""FX:13AA4CFE"",""items"":[{""featureId"":51593804,""featureOptions"":2,""ct"":3,""variant"":0,""metadata"":{},""ctOverride"":null}]},""prm"":{""_id"":""0""},""history"":{""_version"":""2026-03-20T00:19:17.1562642Z"",""expstate"":0}}"
"FeatureConfig.json|56298129|PAYLOAD_61493023_1","FeatureConfig.json","/settings/v3.0/WaaS/FeatureManagement","PAYLOAD_61493023_1","0","FX:13AA4F1F","","56298129","2","0","3","","","","","","","e3b0c44298fc1c149afbf4c8996fb92427ae41e4649b934ca495991b7852b855","44136fa355b3678a1146ad16f7e8649e94fb4fc21fe77e8310c060f61caaff8a","a6140da68b9c33af929f1d09fa19bcb7b27987009aa4d83375ecbd674a25a0bb","{""ad"":{""entityId"":""FX:13AA4F1F"",""items"":[{""featureId"":56298129,""featureOptions"":2,""ct"":3,""variant"":0,""metadata"":{},""ctOverride"":null}]},""prm"":{""_id"":""0""},""history"":{""_version"":""2026-03-19T22:59:01.4779885Z"",""expstate"":0}}"
"FeatureConfig.json|60279858|PAYLOAD_61555356_1","FeatureConfig.json","/settings/v3.0/WaaS/FeatureManagement","PAYLOAD_61555356_1","0","FX:13AB429C","","60279858","2","0","3","","","","","","","e3b0c44298fc1c149afbf4c8996fb92427ae41e4649b934ca495991b7852b855","44136fa355b3678a1146ad16f7e8649e94fb4fc21fe77e8310c060f61caaff8a","d7bf2bc74df898fd3cfa03131b0bec429517a073cca171e1f6a97444dd08f13f","{""ad"":{""entityId"":""FX:13AB429C"",""items"":[{""featureId"":60279858,""featureOptions"":2,""ct"":3,""variant"":0,""metadata"":{},""ctOverride"":null}]},""prm"":{""_id"":""0""},""history"":{""_version"":""2026-03-24T19:03:41.5727597Z"",""expstate"":0}}"
"FeatureConfig.json|52086568|PAYLOAD_61659778_1","FeatureConfig.json","/settings/v3.0/WaaS/FeatureManagement","PAYLOAD_61659778_1","0","FX:13ACDA82","","52086568","2","0","3","","","","","","","e3b0c44298fc1c149afbf4c8996fb92427ae41e4649b934ca495991b7852b855","44136fa355b3678a1146ad16f7e8649e94fb4fc21fe77e8310c060f61caaff8a","df46433a8bcf9ffa95ed8ea563228893bd8481bd250353aa4a3e76036c67cc5a","{""ad"":{""entityId"":""FX:13ACDA82"",""items"":[{""featureId"":52086568,""featureOptions"":2,""ct"":3,""variant"":0,""metadata"":{},""ctOverride"":null}]},""prm"":{""_id"":""0""},""history"":{""_version"":""2026-03-31T19:14:00.30747Z"",""expstate"":0}}"
"FeatureConfig.json|60770424|PAYLOAD_61678915_1","FeatureConfig.json","/settings/v3.0/WaaS/FeatureManagement","PAYLOAD_61678915_1","0","FX:13AD2543","","60770424","2","0","3","","","","","","","e3b0c44298fc1c149afbf4c8996fb92427ae41e4649b934ca495991b7852b855","44136fa355b3678a1146ad16f7e8649e94fb4fc21fe77e8310c060f61caaff8a","c0e8318bcbf5a2e02d4d300aebb05fff613ca89715b92ec5f83741a7515c3462","{""ad"":{""entityId"":""FX:13AD2543"",""items"":[{""featureId"":60770424,""featureOptions"":2,""ct"":3,""variant"":0,""metadata"":{},""ctOverride"":null}]},""prm"":{""_id"":""0""},""history"":{""_version"":""2026-04-01T22:15:08.0275604Z"",""expstate"":0}}"
"FeatureConfig.json|59872186|PAYLOAD_61741085_1","FeatureConfig.json","/settings/v3.0/WaaS/FeatureManagement","PAYLOAD_61741085_1","0","FX:13AE181D","","59872186","2","0","3","","3","","","","","e3b0c44298fc1c149afbf4c8996fb92427ae41e4649b934ca495991b7852b855","44136fa355b3678a1146ad16f7e8649e94fb4fc21fe77e8310c060f61caaff8a","65e5f28e07cd9cfe579f029e791eaf44a947624ddbb7165c01b7450dcc6e3011","{""ad"":{""entityId"":""FX:13AE181D"",""items"":[{""featureId"":59872186,""featureOptions"":2,""ct"":3,""variant"":0,""metadata"":{},""ctOverride"":3}]},""prm"":{""_id"":""0""},""history"":{""_version"":""2026-04-07T02:12:41.8485957Z"",""expState"":0}}"
"FeatureConfig.json|54794917|PAYLOAD_61751831_1","FeatureConfig.json","/settings/v3.0/WaaS/FeatureManagement","PAYLOAD_61751831_1","0","FX:13AE4217","","54794917","2","0","3","","","","","","","e3b0c44298fc1c149afbf4c8996fb92427ae41e4649b934ca495991b7852b855","44136fa355b3678a1146ad16f7e8649e94fb4fc21fe77e8310c060f61caaff8a","6540a084a55e4f296bad08293b1956e7ce7dab4b43c02974ec14855c0961b534","{""ad"":{""entityId"":""FX:13AE4217"",""items"":[{""featureId"":54794917,""featureOptions"":2,""ct"":3,""variant"":0,""metadata"":{},""ctOverride"":null}]},""prm"":{""_id"":""0""},""history"":{""_version"":""2026-04-07T19:12:28.6307081Z"",""expState"":0}}"
"FeatureConfig.json|56135360|PAYLOAD_61756456_1","FeatureConfig.json","/settings/v3.0/WaaS/FeatureManagement","PAYLOAD_61756456_1","0","FX:13AE5428","","56135360","2","0","3","","","","","","","e3b0c44298fc1c149afbf4c8996fb92427ae41e4649b934ca495991b7852b855","44136fa355b3678a1146ad16f7e8649e94fb4fc21fe77e8310c060f61caaff8a","ead44b147021b4e9c43a9eacd37f0eb116353af4c08693433e42c5e697656a4d","{""ad"":{""entityId"":""FX:13AE5428"",""items"":[{""featureId"":56135360,""featureOptions"":2,""ct"":3,""variant"":0,""metadata"":{},""ctOverride"":null}]},""prm"":{""_id"":""0""},""history"":{""_version"":""2026-04-08T02:41:23.0959761Z"",""expState"":0}}"
"FeatureConfig.json|61293116|PAYLOAD_61822578_1","FeatureConfig.json","/settings/v3.0/WaaS/FeatureManagement","PAYLOAD_61822578_1","0","FX:13AF5672","","61293116","4","0","3","","","","","","","e3b0c44298fc1c149afbf4c8996fb92427ae41e4649b934ca495991b7852b855","44136fa355b3678a1146ad16f7e8649e94fb4fc21fe77e8310c060f61caaff8a","1a505e140b123c21f211b20e7a1ac4696f891de2f175ead163fe4a12cc10fb9e","{""ad"":{""entityId"":""FX:13AF5672"",""items"":[{""featureId"":61293116,""featureOptions"":4,""ct"":3,""variant"":0,""metadata"":{},""ctOverride"":null}]},""prm"":{""_id"":""0""},""history"":{""_version"":""2026-04-13T19:53:37.3231556Z"",""expState"":0}}"
"FeatureConfig.json|59162572|PAYLOAD_61838136_1","FeatureConfig.json","/settings/v3.0/WaaS/FeatureManagement","PAYLOAD_61838136_1","0","FX:13AF9338","","59162572","2","0","3","","","","","","","e3b0c44298fc1c149afbf4c8996fb92427ae41e4649b934ca495991b7852b855","44136fa355b3678a1146ad16f7e8649e94fb4fc21fe77e8310c060f61caaff8a","7642b3e547f8437a580fdb50339fbf3903a209b366d6113b989e62584259b220","{""ad"":{""entityId"":""FX:13AF9338"",""items"":[{""featureId"":59162572,""featureOptions"":2,""ct"":3,""variant"":0,""metadata"":{},""ctOverride"":null}]},""prm"":{""_id"":""0""},""history"":{""_version"":""2026-04-14T18:45:38.5775947Z"",""expState"":0}}"
"FeatureConfig.json|54237799|PAYLOAD_61838137_1","FeatureConfig.json","/settings/v3.0/WaaS/FeatureManagement","PAYLOAD_61838137_1","0","FX:13AF9339","","54237799","2","0","3","","","","","","","e3b0c44298fc1c149afbf4c8996fb92427ae41e4649b934ca495991b7852b855","44136fa355b3678a1146ad16f7e8649e94fb4fc21fe77e8310c060f61caaff8a","039350b4efd49dc773382909d3d27e96cccf9420dd03a0e1d184855753efe34d","{""ad"":{""entityId"":""FX:13AF9339"",""items"":[{""featureId"":54237799,""featureOptions"":2,""ct"":3,""variant"":0,""metadata"":{},""ctOverride"":null}]},""prm"":{""_id"":""0""},""history"":{""_version"":""2026-04-14T18:27:29.1925591Z"",""expState"":0}}"
"FeatureConfig.json|59306570|PAYLOAD_61872423_1","FeatureConfig.json","/settings/v3.0/WaaS/FeatureManagement","PAYLOAD_61872423_1","0","FX:13B01927","","59306570","2","0","3","","","","","","","e3b0c44298fc1c149afbf4c8996fb92427ae41e4649b934ca495991b7852b855","44136fa355b3678a1146ad16f7e8649e94fb4fc21fe77e8310c060f61caaff8a","fc8860802ff3bda4e113919eec70950fefa85a2a323ee0ccc333485e16881b84","{""ad"":{""entityId"":""FX:13B01927"",""items"":[{""featureId"":59306570,""featureOptions"":2,""ct"":3,""variant"":0,""metadata"":{},""ctOverride"":null}]},""prm"":{""_id"":""0""},""history"":{""_version"":""2026-04-16T19:15:08.9321596Z"",""expState"":0}}"
"FeatureConfig.json|56955488|PAYLOAD_61930382_1","FeatureConfig.json","/settings/v3.0/WaaS/FeatureManagement","PAYLOAD_61930382_1","0","FX:13B0FB8E","","56955488","2","0","3","","","","","","","e3b0c44298fc1c149afbf4c8996fb92427ae41e4649b934ca495991b7852b855","44136fa355b3678a1146ad16f7e8649e94fb4fc21fe77e8310c060f61caaff8a","9fcb03d4a8b7c76c483bfcad63409242d26532f98e51385ed6291c56aebddf69","{""ad"":{""entityId"":""FX:13B0FB8E"",""items"":[{""featureId"":56955488,""featureOptions"":2,""ct"":3,""variant"":0,""metadata"":{},""ctOverride"":null}]},""prm"":{""_id"":""0""},""history"":{""_version"":""2026-04-21T22:12:03.7561831Z"",""expState"":0}}"
"FeatureConfig.json|61372722|PAYLOAD_61930384_1","FeatureConfig.json","/settings/v3.0/WaaS/FeatureManagement","PAYLOAD_61930384_1","0","FX:13B0FB90","","61372722","2","0","1","","","","","","","e3b0c44298fc1c149afbf4c8996fb92427ae41e4649b934ca495991b7852b855","44136fa355b3678a1146ad16f7e8649e94fb4fc21fe77e8310c060f61caaff8a","1d0b48d8196ac40d80b73ffc2afb67b6c93d47a4911945f4284f88d863448753","{""ad"":{""entityId"":""FX:13B0FB90"",""items"":[{""featureId"":61372722,""featureOptions"":2,""ct"":1,""variant"":0,""metadata"":{},""ctOverride"":null}]},""prm"":{""_id"":""0""},""history"":{""_version"":""2026-04-21T21:36:09.6631962Z"",""expState"":0}}"
"FeatureConfig.json|61504011|PAYLOAD_61947058_1","FeatureConfig.json","/settings/v3.0/WaaS/FeatureManagement","PAYLOAD_61947058_1","0","FX:13B13CB2","","61504011","2","0","3","","","","","","","e3b0c44298fc1c149afbf4c8996fb92427ae41e4649b934ca495991b7852b855","44136fa355b3678a1146ad16f7e8649e94fb4fc21fe77e8310c060f61caaff8a","ed4759fd9f7b6cda38be633e2e7625227b2c9bd855d73034362d7f4e7300e0fa","{""ad"":{""entityId"":""FX:13B13CB2"",""items"":[{""featureId"":61504011,""featureOptions"":2,""ct"":3,""variant"":0,""metadata"":{},""ctOverride"":null}]},""prm"":{""_id"":""0""},""history"":{""_version"":""2026-04-22T20:10:03.3838455Z"",""expState"":0}}"
"FeatureConfig.json|59893834|PAYLOAD_61948638_1","FeatureConfig.json","/settings/v3.0/WaaS/FeatureManagement","PAYLOAD_61948638_1","0","FX:13B142DE","","59893834","2","0","3","","","","","","","e3b0c44298fc1c149afbf4c8996fb92427ae41e4649b934ca495991b7852b855","44136fa355b3678a1146ad16f7e8649e94fb4fc21fe77e8310c060f61caaff8a","0a94fbd215db378eca6e7d288cd591b1505495caacb6fbe78567ee26a6ae0b33","{""ad"":{""entityId"":""FX:13B142DE"",""items"":[{""featureId"":59893834,""featureOptions"":2,""ct"":3,""variant"":0,""metadata"":{},""ctOverride"":null}]},""prm"":{""_id"":""0""},""history"":{""_version"":""2026-04-22T21:28:15.0057283Z"",""expState"":0}}"
"FeatureConfig.json|61481157|PAYLOAD_62185322_1","FeatureConfig.json","/settings/v3.0/WaaS/FeatureManagement","PAYLOAD_62185322_1","0","FX:13B4DF6A","","61481157","2","0","3","","","","","","","e3b0c44298fc1c149afbf4c8996fb92427ae41e4649b934ca495991b7852b855","44136fa355b3678a1146ad16f7e8649e94fb4fc21fe77e8310c060f61caaff8a","2a6dbcd2c2c98fa3bf0cfd3c365819ff896561370bbb8fdf811a783f1b9d583d","{""ad"":{""entityId"":""FX:13B4DF6A"",""items"":[{""featureId"":61481157,""featureOptions"":2,""ct"":3,""variant"":0,""metadata"":{},""ctOverride"":null}]},""prm"":{""_id"":""0""},""history"":{""_version"":""2026-05-07T23:15:01.9016988Z"",""expState"":0}}"
"FeatureConfig.json|56414822|PAYLOAD_62248409_1","FeatureConfig.json","/settings/v3.0/WaaS/FeatureManagement","PAYLOAD_62248409_1","0","FX:13B5D5D9","","56414822","2","0","3","","","","","","","e3b0c44298fc1c149afbf4c8996fb92427ae41e4649b934ca495991b7852b855","44136fa355b3678a1146ad16f7e8649e94fb4fc21fe77e8310c060f61caaff8a","9f0eac2979b5cae2f9af8b8ed187d51f5980bc264011d3e9c778ab14e32d22aa","{""ad"":{""entityId"":""FX:13B5D5D9"",""items"":[{""featureId"":56414822,""featureOptions"":2,""ct"":3,""variant"":0,""metadata"":{},""ctOverride"":null}]},""prm"":{""_id"":""0""},""history"":{""_version"":""2026-05-12T23:56:24.6207603Z"",""expState"":0}}"
"FeatureConfig.json|55045381|PAYLOAD_62262005_1","FeatureConfig.json","/settings/v3.0/WaaS/FeatureManagement","PAYLOAD_62262005_1","0","FX:13B60AF5","","55045381","2","0","3","","","","","","","e3b0c44298fc1c149afbf4c8996fb92427ae41e4649b934ca495991b7852b855","44136fa355b3678a1146ad16f7e8649e94fb4fc21fe77e8310c060f61caaff8a","a5f92bafde25f28f2630032630c1a1a6b9d988f29172b8cdb69809be85fa3a32","{""ad"":{""entityId"":""FX:13B60AF5"",""items"":[{""featureId"":55045381,""featureOptions"":2,""ct"":3,""variant"":0,""metadata"":{},""ctOverride"":null}]},""prm"":{""_id"":""0""},""history"":{""_version"":""2026-05-13T22:55:49.2300787Z"",""expState"":0}}"
"FeatureConfig.json|62061341|PAYLOAD_62269533_1","FeatureConfig.json","/settings/v3.0/WaaS/FeatureManagement","PAYLOAD_62269533_1","0","FX:13B6285D","","62061341","2","0","3","","","","","","","e3b0c44298fc1c149afbf4c8996fb92427ae41e4649b934ca495991b7852b855","44136fa355b3678a1146ad16f7e8649e94fb4fc21fe77e8310c060f61caaff8a","21b7080f1970d1ed4766488bdbb2148ef9908b05aab1a2a0119e2225cf1b9daf","{""ad"":{""entityId"":""FX:13B6285D"",""items"":[{""featureId"":62061341,""featureOptions"":2,""ct"":3,""variant"":0,""metadata"":{},""ctOverride"":null}]},""prm"":{""_id"":""0""},""history"":{""_version"":""2026-05-14T14:32:06.3833353Z"",""expState"":0}}"
"FeatureConfig.json|38123866|PAYLOAD_62278288_1","FeatureConfig.json","/settings/v3.0/WaaS/FeatureManagement","PAYLOAD_62278288_1","0","FX:13B64A90","","38123866","2","0","1","","","","","","","e3b0c44298fc1c149afbf4c8996fb92427ae41e4649b934ca495991b7852b855","44136fa355b3678a1146ad16f7e8649e94fb4fc21fe77e8310c060f61caaff8a","afb9a1ef2efd034f5aedd34c4a5ceddbd5875c063ee7b33e2fc745d979f52397","{""ad"":{""entityId"":""FX:13B64A90"",""items"":[{""featureId"":38123866,""featureOptions"":2,""ct"":1,""variant"":0,""metadata"":{},""ctOverride"":null}]},""prm"":{""_id"":""0""},""history"":{""_version"":""2026-05-14T19:12:33.2367708Z"",""expState"":0}}"
"FeatureConfig.json|58761460|PAYLOAD_62281911_1","FeatureConfig.json","/settings/v3.0/WaaS/FeatureManagement","PAYLOAD_62281911_1","0","FX:13B658B7","","58761460","2","0","3","","","","","","","e3b0c44298fc1c149afbf4c8996fb92427ae41e4649b934ca495991b7852b855","44136fa355b3678a1146ad16f7e8649e94fb4fc21fe77e8310c060f61caaff8a","cb19ef1bd7c18a963e4424590ea312d2050cc5ddcbb26098cd7918b6b9f31d4f","{""ad"":{""entityId"":""FX:13B658B7"",""items"":[{""featureId"":58761460,""featureOptions"":2,""ct"":3,""variant"":0,""metadata"":{},""ctOverride"":null}]},""prm"":{""_id"":""0""},""history"":{""_version"":""2026-05-14T22:50:20.1938065Z"",""expState"":0}}"
"FeatureConfig.json|61289132|PAYLOAD_62348676_1","FeatureConfig.json","/settings/v3.0/WaaS/FeatureManagement","PAYLOAD_62348676_1","0","FX:13B75D84","","61289132","2","0","3","","","","","","","e3b0c44298fc1c149afbf4c8996fb92427ae41e4649b934ca495991b7852b855","44136fa355b3678a1146ad16f7e8649e94fb4fc21fe77e8310c060f61caaff8a","c2ec5ad3e996de2ae5942f901ae449a795c227f1063ed28ae19ee8b9d8e84f42","{""ad"":{""entityId"":""FX:13B75D84"",""items"":[{""featureId"":61289132,""featureOptions"":2,""ct"":3,""variant"":0,""metadata"":{},""ctOverride"":null}]},""prm"":{""_id"":""0""},""history"":{""_version"":""2026-05-19T18:17:43.0638498Z"",""expState"":0}}"
"FeatureConfig.json|60671347|PAYLOAD_62385257_1","FeatureConfig.json","/settings/v3.0/WaaS/FeatureManagement","PAYLOAD_62385257_1","0","FX:13B7EC69","","60671347","2","0","3","","","","","","","e3b0c44298fc1c149afbf4c8996fb92427ae41e4649b934ca495991b7852b855","44136fa355b3678a1146ad16f7e8649e94fb4fc21fe77e8310c060f61caaff8a","fbe864543485d761571286d4784b6f35bbbae271d1265eac54dfa4d7c10945fb","{""ad"":{""entityId"":""FX:13B7EC69"",""items"":[{""featureId"":60671347,""featureOptions"":2,""ct"":3,""variant"":0,""metadata"":{},""ctOverride"":null}]},""prm"":{""_id"":""0""},""history"":{""_version"":""2026-05-21T23:07:35.642285Z"",""expState"":0}}"
"FeatureConfig.json|61273983|PAYLOAD_62385258_1","FeatureConfig.json","/settings/v3.0/WaaS/FeatureManagement","PAYLOAD_62385258_1","0","FX:13B7EC6A","","61273983","2","0","3","","","","","","","e3b0c44298fc1c149afbf4c8996fb92427ae41e4649b934ca495991b7852b855","44136fa355b3678a1146ad16f7e8649e94fb4fc21fe77e8310c060f61caaff8a","4ba694560f59ee950d2bec126a1fb9316301db3da3851321063df258812758c6","{""ad"":{""entityId"":""FX:13B7EC6A"",""items"":[{""featureId"":61273983,""featureOptions"":2,""ct"":3,""variant"":0,""metadata"":{},""ctOverride"":null}]},""prm"":{""_id"":""0""},""history"":{""_version"":""2026-05-21T23:02:41.9139424Z"",""expState"":0}}"
"FeatureConfig.json|59294866|PAYLOAD_62395428_1","FeatureConfig.json","/settings/v3.0/WaaS/FeatureManagement","PAYLOAD_62395428_1","0","FX:13B81424","","59294866","2","0","3","","","","","","","e3b0c44298fc1c149afbf4c8996fb92427ae41e4649b934ca495991b7852b855","44136fa355b3678a1146ad16f7e8649e94fb4fc21fe77e8310c060f61caaff8a","6ca121aff9032b3a6adc9a732ab02696221993849d14a98b79165c9ba38d93fa","{""ad"":{""entityId"":""FX:13B81424"",""items"":[{""featureId"":59294866,""featureOptions"":2,""ct"":3,""variant"":0,""metadata"":{},""ctOverride"":null}]},""prm"":{""_id"":""0""},""history"":{""_version"":""2026-05-22T18:43:51.4059332Z"",""expState"":0}}"
"FeatureConfig.json|60245057|PAYLOAD_62437524_1","FeatureConfig.json","/settings/v3.0/WaaS/FeatureManagement","PAYLOAD_62437524_1","0","FX:13B8B894","","60245057","2","0","1","","","","","","","e3b0c44298fc1c149afbf4c8996fb92427ae41e4649b934ca495991b7852b855","44136fa355b3678a1146ad16f7e8649e94fb4fc21fe77e8310c060f61caaff8a","ab641b06cc8ba247b2dc31657bfa63798c6fd5df989a8537174052f894836cc0","{""ad"":{""entityId"":""FX:13B8B894"",""items"":[{""featureId"":60245057,""featureOptions"":2,""ct"":1,""variant"":0,""metadata"":{},""ctOverride"":null}]},""prm"":{""_id"":""0""},""history"":{""_version"":""2026-05-26T18:14:28.0652849Z"",""expState"":0}}"
"FeatureConfig.json|33393253|PAYLOAD_62472229_1","FeatureConfig.json","/settings/v3.0/WaaS/FeatureManagement","PAYLOAD_62472229_1","0","FX:13B94025","","33393253","2","0","3","","","","","","","e3b0c44298fc1c149afbf4c8996fb92427ae41e4649b934ca495991b7852b855","44136fa355b3678a1146ad16f7e8649e94fb4fc21fe77e8310c060f61caaff8a","0fc0bdaceae47afbeb3439185da1f794acd8c58a3b39d70c79e7b174e85edf61","{""ad"":{""entityId"":""FX:13B94025"",""items"":[{""featureId"":33393253,""featureOptions"":2,""ct"":3,""variant"":0,""metadata"":{},""ctOverride"":null}]},""prm"":{""_id"":""0""},""history"":{""_version"":""2026-05-28T23:22:27.9655073Z"",""expState"":0}}"
"FeatureConfig.json|59994706|PAYLOAD_62472232_1","FeatureConfig.json","/settings/v3.0/WaaS/FeatureManagement","PAYLOAD_62472232_1","0","FX:13B94028","","59994706","2","0","3","","","","","","","e3b0c44298fc1c149afbf4c8996fb92427ae41e4649b934ca495991b7852b855","44136fa355b3678a1146ad16f7e8649e94fb4fc21fe77e8310c060f61caaff8a","3c6903e083fdadbaba9d094279ac47446defa44d739c1d0d0da17987af940c64","{""ad"":{""entityId"":""FX:13B94028"",""items"":[{""featureId"":59994706,""featureOptions"":2,""ct"":3,""variant"":0,""metadata"":{},""ctOverride"":null}]},""prm"":{""_id"":""0""},""history"":{""_version"":""2026-05-28T23:31:40.2263985Z"",""expState"":0}}"
"FeatureConfig.json|58064553|PAYLOAD_62501742_1","FeatureConfig.json","/settings/v3.0/WaaS/FeatureManagement","PAYLOAD_62501742_1","0","FX:13B9B36E","","58064553","2","0","1","","","","","","","e3b0c44298fc1c149afbf4c8996fb92427ae41e4649b934ca495991b7852b855","44136fa355b3678a1146ad16f7e8649e94fb4fc21fe77e8310c060f61caaff8a","3e60b07e5e6ffd88bb0d52aa97cda523fe6bd57e9fe1af9ac58a21506f81d5b4","{""ad"":{""entityId"":""FX:13B9B36E"",""items"":[{""featureId"":58064553,""featureOptions"":2,""ct"":1,""variant"":0,""metadata"":{},""ctOverride"":null}]},""prm"":{""_id"":""0""},""history"":{""_version"":""2026-06-01T15:16:28.4274454Z"",""expState"":0}}"
"FeatureConfig.json|60566563|PAYLOAD_62541051_1","FeatureConfig.json","/settings/v3.0/WaaS/FeatureManagement","PAYLOAD_62541051_1","0","FX:13BA4CFB","","60566563","2","0","0","","","","","","","e3b0c44298fc1c149afbf4c8996fb92427ae41e4649b934ca495991b7852b855","44136fa355b3678a1146ad16f7e8649e94fb4fc21fe77e8310c060f61caaff8a","4dd81639fad927cc7a5ea57b9096e8e4e93d8109fb6287a7583ae63dd5bc234a","{""ad"":{""entityId"":""FX:13BA4CFB"",""items"":[{""featureId"":60566563,""featureOptions"":2,""ct"":0,""variant"":0,""metadata"":{},""ctOverride"":null}]},""prm"":{""_id"":""0""},""history"":{""_version"":""2026-06-02T19:35:15.5916412Z"",""_state"":0,""expState"":0}}"
"FeatureConfig.json|39543558|PAYLOAD_62580870_1","FeatureConfig.json","/settings/v3.0/WaaS/FeatureManagement","PAYLOAD_62580870_1","0","FX:13BAE886","","39543558","2","0","3","","","","","","","e3b0c44298fc1c149afbf4c8996fb92427ae41e4649b934ca495991b7852b855","44136fa355b3678a1146ad16f7e8649e94fb4fc21fe77e8310c060f61caaff8a","cb0797cfb8a89b388ab7d57126af1cb5bcc6c42b9c5ebbfca1ad913d1d7e91fe","{""ad"":{""entityId"":""FX:13BAE886"",""items"":[{""featureId"":39543558,""featureOptions"":2,""ct"":3,""variant"":0,""metadata"":{},""ctOverride"":null}]},""prm"":{""_id"":""0""},""history"":{""_version"":""2026-06-04T23:27:28.2948918Z"",""_state"":0,""expState"":0}}"
"FeatureConfig.json|58638708|PAYLOAD_62580927_1","FeatureConfig.json","/settings/v3.0/WaaS/FeatureManagement","PAYLOAD_62580927_1","0","FX:13BAE8BF","","58638708","2","0","3","","","","","","","e3b0c44298fc1c149afbf4c8996fb92427ae41e4649b934ca495991b7852b855","44136fa355b3678a1146ad16f7e8649e94fb4fc21fe77e8310c060f61caaff8a","cdf79100d29ba810c98376255694a53f406e441186f988728575b9034655d0a1","{""ad"":{""entityId"":""FX:13BAE8BF"",""items"":[{""featureId"":58638708,""featureOptions"":2,""ct"":3,""variant"":0,""metadata"":{},""ctOverride"":null}]},""prm"":{""_id"":""0""},""history"":{""_version"":""2026-06-04T23:46:47.0782629Z"",""_state"":0,""expState"":0}}"
"FeatureConfig.json|60192063|PAYLOAD_62581397_1","FeatureConfig.json","/settings/v3.0/WaaS/FeatureManagement","PAYLOAD_62581397_1","0","FX:13BAEA95","","60192063","2","0","3","","","","","","","e3b0c44298fc1c149afbf4c8996fb92427ae41e4649b934ca495991b7852b855","44136fa355b3678a1146ad16f7e8649e94fb4fc21fe77e8310c060f61caaff8a","fe4a4cf2b22536ca8bc0e62f2e5e4a6d8cf8079af885770d6236f7be19c264ae","{""ad"":{""entityId"":""FX:13BAEA95"",""items"":[{""featureId"":60192063,""featureOptions"":2,""ct"":3,""variant"":0,""metadata"":{},""ctOverride"":null}]},""prm"":{""_id"":""0""},""history"":{""_version"":""2026-06-04T23:59:05.4345004Z"",""_state"":0,""expState"":0}}"
"FeatureConfig.json|61276672|PAYLOAD_62597206_1","FeatureConfig.json","/settings/v3.0/WaaS/FeatureManagement","PAYLOAD_62597206_1","0","FX:13BB2856","","61276672","2","0","3","","","","","","","e3b0c44298fc1c149afbf4c8996fb92427ae41e4649b934ca495991b7852b855","44136fa355b3678a1146ad16f7e8649e94fb4fc21fe77e8310c060f61caaff8a","dfd95773c9949589f34cc8a0a159d50cc22ab21f5dd2a37893cf93ad15336643","{""ad"":{""entityId"":""FX:13BB2856"",""items"":[{""featureId"":61276672,""featureOptions"":2,""ct"":3,""variant"":0,""metadata"":{},""ctOverride"":null}]},""prm"":{""_id"":""0""},""history"":{""_version"":""2026-06-05T21:41:06.7543118Z"",""_state"":0,""expState"":0}}"
"FeatureConfig.json|60369042|PAYLOAD_62640657_1","FeatureConfig.json","/settings/v3.0/WaaS/FeatureManagement","PAYLOAD_62640657_1","0","FX:13BBD211","","60369042","2","0","3","","","","","","","e3b0c44298fc1c149afbf4c8996fb92427ae41e4649b934ca495991b7852b855","44136fa355b3678a1146ad16f7e8649e94fb4fc21fe77e8310c060f61caaff8a","09638430023b3b17e9dbc786651277f83caf985fa06a5b1d4f2eb792e85c9625","{""ad"":{""entityId"":""FX:13BBD211"",""items"":[{""featureId"":60369042,""featureOptions"":2,""ct"":3,""variant"":0,""metadata"":{},""ctOverride"":null}]},""prm"":{""_id"":""0""},""history"":{""_version"":""2026-06-09T19:17:36.7960997Z"",""_state"":0,""expState"":0}}"
"FeatureConfig.json|55334438|PAYLOAD_62640817_1","FeatureConfig.json","/settings/v3.0/WaaS/FeatureManagement","PAYLOAD_62640817_1","0","FX:13BBD2B1","","55334438","2","0","3","","","","","","","e3b0c44298fc1c149afbf4c8996fb92427ae41e4649b934ca495991b7852b855","44136fa355b3678a1146ad16f7e8649e94fb4fc21fe77e8310c060f61caaff8a","1c9d3c531862ff9e72d9c947d155b3b9fa54687733800242bcf492a092c361e4","{""ad"":{""entityId"":""FX:13BBD2B1"",""items"":[{""featureId"":55334438,""featureOptions"":2,""ct"":3,""variant"":0,""metadata"":{},""ctOverride"":null}]},""prm"":{""_id"":""0""},""history"":{""_version"":""2026-06-09T19:29:49.3882856Z"",""_state"":0,""expState"":0}}"
"FeatureConfig.json|60454642|PAYLOAD_62645306_1","FeatureConfig.json","/settings/v3.0/WaaS/FeatureManagement","PAYLOAD_62645306_1","0","FX:13BBE43A","","60454642","2","0","0","","","","","","","e3b0c44298fc1c149afbf4c8996fb92427ae41e4649b934ca495991b7852b855","44136fa355b3678a1146ad16f7e8649e94fb4fc21fe77e8310c060f61caaff8a","9a338522541bf36c5c9adf6a4d890856947db4572be1f539f5b8b2c30f9ea54e","{""ad"":{""entityId"":""FX:13BBE43A"",""items"":[{""featureId"":60454642,""featureOptions"":2,""ct"":0,""variant"":0,""metadata"":{},""ctOverride"":null}]},""prm"":{""_id"":""0""},""history"":{""_version"":""2026-06-10T00:08:37.2290358Z"",""_state"":0,""expState"":0}}"
