"Identity","SourceFile","QueryUrl","SettingName","ValueHash","ValuePreview"
"AppArchiving.json|INFREQUENTLYUSEDAPPINDAYS","AppArchiving.json","/settings/v3.0/WindowsApps/AppArchiving","INFREQUENTLYUSEDAPPINDAYS","c05204d076c56077c0cd2d1debe7ed7147d7f36e28e64ff2f22e21db5cf7aab6","""90"""
"AppArchiving.json|ISAPPARCHIVINGENABLED","AppArchiving.json","/settings/v3.0/WindowsApps/AppArchiving","ISAPPARCHIVINGENABLED","18d10c7d2b4b04aaf04254d1ae5d655a5dc0407cbcdd5a8c3986e985370f36ee","""true"""
"AppArchiving.json|MINIMUMDEVICEUPTIMEINMINUTES","AppArchiving.json","/settings/v3.0/WindowsApps/AppArchiving","MINIMUMDEVICEUPTIMEINMINUTES","06f886d030164644fb79f299f185ca500e1e0c1886bebdc66e098fcf04a5384e","""360"""
"AppArchiving.json|STUBIFICATIONTASKFREQUENCYINDAYS","AppArchiving.json","/settings/v3.0/WindowsApps/AppArchiving","STUBIFICATIONTASKFREQUENCYINDAYS","391552c099c101b131feaf24c5795a6a15bc8ec82015424e0d2b4274a369a0bf","""1"""
"ASAP_CloudPolicy.json|ACOUSTICSTELEMETRYENABLED","ASAP_CloudPolicy.json","/settings/v3.0/analog/ASAP_CloudPolicy","ACOUSTICSTELEMETRYENABLED","391552c099c101b131feaf24c5795a6a15bc8ec82015424e0d2b4274a369a0bf","""1"""
"ASAP_CloudPolicy.json|AGENTACTIVATIONALLOWEDAGENTSCONFIGURATION","ASAP_CloudPolicy.json","/settings/v3.0/analog/ASAP_CloudPolicy","AGENTACTIVATIONALLOWEDAGENTSCONFIGURATION","ce6d7023d50907893584225dcf4e5c40868562d59323445a028c36044b24a007","""Cortana,{A5A7C794-3D59-41DF-915F-19ACDA526FC9},1033,Microsoft.549981C3F5F10_8wekyb3d8bbwe!App,background,true,false;Alexa,{663CABB7-A1DF-41CE-8B77-E66F62351BC6},1033,57540AMZNMobileLLC.AmazonAlexa_22t9g3sebte08!App,background,true,false;Xiaowei Xiaowei,{8899AAD5-174B-4490-933B-06E2C5E8313C},2052,AD2F1837.19285F10D180_v10z8vjag6ke6!App,background,true,false;Contoso,{C0F1842F-D389-44D1-8420-A32A63B35568},1033,Microsoft.SDKSample.MVADLSSampleCS_8wekyb3d8bbwe!App,background,true,false;OK Beeb,{0DC3D0CD-8FC0-40F6-B3AB-A062FE218B70},2057,BBCMobileApps.beeb_wzgfedwv7gft2!App,background,true,false;OK Hololens,{4BB6090A-5AC6-49CB-984A-4289222E2C58},1033,Microsoft.Mixedrealityassistant_8wekyb3d8bbwe!..."
"ASAP_CloudPolicy.json|CLOUDIMPLICITSRTIMEOUTFORNOINTENT","ASAP_CloudPolicy.json","/settings/v3.0/analog/ASAP_CloudPolicy","CLOUDIMPLICITSRTIMEOUTFORNOINTENT","c914fe7118eab04d84e4eb4f8e60c763b9e7e7f801d528e0663a8678a2fc804b","""0;1500;50;1500;51;0;99;0;100;1500;"""
"ASAP_CloudPolicy.json|CLOUDPRIMARYENABLED","ASAP_CloudPolicy.json","/settings/v3.0/analog/ASAP_CloudPolicy","CLOUDPRIMARYENABLED","391552c099c101b131feaf24c5795a6a15bc8ec82015424e0d2b4274a369a0bf","""1"""
"ASAP_CloudPolicy.json|CLOUDSRTIMEOUTFORHOLOBAR","ASAP_CloudPolicy.json","/settings/v3.0/analog/ASAP_CloudPolicy","CLOUDSRTIMEOUTFORHOLOBAR","c914fe7118eab04d84e4eb4f8e60c763b9e7e7f801d528e0663a8678a2fc804b","""0;1500;50;1500;51;0;99;0;100;1500;"""
"ASAP_CloudPolicy.json|CLOUDSRTIMEOUTFORVOICEENABLEDSHELL","ASAP_CloudPolicy.json","/settings/v3.0/analog/ASAP_CloudPolicy","CLOUDSRTIMEOUTFORVOICEENABLEDSHELL","c914fe7118eab04d84e4eb4f8e60c763b9e7e7f801d528e0663a8678a2fc804b","""0;1500;50;1500;51;0;99;0;100;1500;"""
"ASAP_CloudPolicy.json|DEFAULTCLOUDSRTIMEOUT","ASAP_CloudPolicy.json","/settings/v3.0/analog/ASAP_CloudPolicy","DEFAULTCLOUDSRTIMEOUT","f8404774af8692def008446df390e5dbccbe651971c18bc86ec59def36bb1a9e","""0;5000;50;3000;100;1000;"""
"ASAP_CloudPolicy.json|DISABLECLOUDPRIMARYONMETERED","ASAP_CloudPolicy.json","/settings/v3.0/analog/ASAP_CloudPolicy","DISABLECLOUDPRIMARYONMETERED","98089e6d36f78e9766c9ea34d5acb3611f3a92cd81c5eb102095d924ffc7d08b","""0"""
"ASAP_CloudPolicy.json|DISCONNECTEDGOODLOCALCLOUDSRTIMEOUT","ASAP_CloudPolicy.json","/settings/v3.0/analog/ASAP_CloudPolicy","DISCONNECTEDGOODLOCALCLOUDSRTIMEOUT","692a366c819f021d9cb15ef76ffc37ee206c5288ed03c619a8cfa296bf70c3c1","""0;300;100;300;"""
"ASAP_CloudPolicy.json|DISCRETEDETECTIONENDADDITIONALMILLISECONDS","ASAP_CloudPolicy.json","/settings/v3.0/analog/ASAP_CloudPolicy","DISCRETEDETECTIONENDADDITIONALMILLISECONDS","5ac95f46dcda9e6a85f4d281cd691aea7b00846d8f8612d198d396136e9c5140","""500"""
"ASAP_CloudPolicy.json|DISCRETEDETECTIONSTARTADDITIONALMILLISECONDS ","ASAP_CloudPolicy.json","/settings/v3.0/analog/ASAP_CloudPolicy","DISCRETEDETECTIONSTARTADDITIONALMILLISECONDS ","637116a317aaf00163e5ae8e254bd0fa5625603b98429d84f87e5c8c5240e350","""2000"""
"ASAP_CloudPolicy.json|ESMAXPHRASELENGTH","ASAP_CloudPolicy.json","/settings/v3.0/analog/ASAP_CloudPolicy","ESMAXPHRASELENGTH","de040d4cfbeed414c618e8e2c0bf838eee32558b29e786335fda69a74b53cde4","""400000"""
"ASAP_CloudPolicy.json|USELOCALDICTATIONCOMMANDINTENT","ASAP_CloudPolicy.json","/settings/v3.0/analog/ASAP_CloudPolicy","USELOCALDICTATIONCOMMANDINTENT","98089e6d36f78e9766c9ea34d5acb3611f3a92cd81c5eb102095d924ffc7d08b","""0"""
"config.json|ENDPOINT.FCON","config.json","/settings/v3.0/OneSettings/Client","ENDPOINT.FCON","b95dd345e420bf37b48264838715ba95e7d1f79cbd584548c43013e262d5d2ef","{""Partner"":""WaaS"",""Feature"":""FeatureManagement"",""CtacAppId"":""CDM"",""StrictRefreshInterval"":true,""DeviceTicketOption"":2,""MigrateSettings"":true,""KnownEntityId"":""35681102"",""Payload"":{""PayloadHandler"":""FILE"",""Metadata"":{""Dir"":""%ProgramData%\\Microsoft\\Windows\\OneSettings"",""Name"":""FeatureConfig.json"",""NameBackup"":""FeatureConfig.bak.json""}},""Notification"":{""NotificationType"":""WNF"",""Metadata"":{""Data0"":2747009141,""Data1"":43319610}}}"
"config.json|ENDPOINT.MUSE","config.json","/settings/v3.0/OneSettings/Client","ENDPOINT.MUSE","7677f78cbf69c86819ba6c540e1f58cb256802f275daebfefbc5f4ddc74eec41","{""Partner"":""WSD"",""Feature"":""Muse"",""CtacAppId"":""Muse"",""StrictRefreshInterval"":true,""OnDemandOnly"":false,""Payload"":{""PayloadHandler"":""FILE"",""Metadata"":{""Dir"":""%ProgramData%\\Microsoft\\Windows\\OneSettings"",""Name"":""UsoSettings.json""}},""ShouldMigrate"":false,""Notification"":{""NotificationType"":""WNF"",""Metadata"":{""Data0"":2747017333,""Data1"":43319610}},""RefreshIntervals"":{""TargetingChange"":{""Normal"":5,""Costed"":5,""Battery"":5}}}"
"config.json|ENDPOINT.ASAPCP","config.json","/settings/v3.0/OneSettings/Client","ENDPOINT.ASAPCP","d022db6ed6fcf339e68d7c576787aae87416fe58c1d5061ffdf2f0cb0a03ff2e","{""Partner"":""analog"",""Feature"":""ASAP_CloudPolicy"",""DeviceTicketOption"":0,""CtacAppId"":""ASAP_CloudPolicy"",""StrictRefreshInterval"":true,""Payload"":{""PayloadHandler"":""FILE"",""Metadata"":{""Dir"":""%ProgramData%\\Microsoft\\Windows\\OneSettings"",""Name"":""ASAP_CloudPolicy.json""}}}"
"config.json|ENDPOINT.STORAGEGROVELER","config.json","/settings/v3.0/OneSettings/Client","ENDPOINT.STORAGEGROVELER","93a1fc369f413b1437f5ab6c7156cae3e8d68212e70e001407e5f2b71809ac1c","{""Partner"":""Storage"",""Feature"":""StorageGroveler"",""DeviceTicketOption"":0,""CtacAppId"":""STORAGEGROVELER"",""StrictRefreshInterval"":true,""MigrateSettings"":true,""Payload"":{""PayloadHandler"":""FILE"",""Metadata"":{""Dir"":""%ProgramData%\\Microsoft\\Windows\\OneSettings"",""Name"":""StorageGroveler.json""}}}"
"config.json|ENDPOINT.APPARCHIVING","config.json","/settings/v3.0/OneSettings/Client","ENDPOINT.APPARCHIVING","b93b6375e0f619a4cde4685b7149d8df166e75c7caa433b627c37343f9768518","{""Partner"":""WindowsApps"",""Feature"":""AppArchiving"",""CtacAppId"":""Default"",""MigrateSettings"":true,""DeviceTicketOption"":0,""StrictRefreshInterval"":true,""Payload"":{""PayloadHandler"":""FILE"",""Metadata"":{""Dir"":""%ProgramData%\\Microsoft\\Windows\\OneSettings"",""Name"":""AppArchiving.json""}}}"
"config.json|ENDPOINT.COAWOS","config.json","/settings/v3.0/OneSettings/Client","ENDPOINT.COAWOS","66ed429586887f4e932e0e9a13bad1bf8201174485a85147a207f4b8c753f990","{""Partner"":""Sustainability"",""Feature"":""CarbonAwareOS"",""CtacAppId"":""PHS"",""MigrateSettings"":true,""StrictRefreshInterval"":true,""Payload"":{""PayloadHandler"":""FILE"",""Metadata"":{""Dir"":""%ProgramData%\\Microsoft\\Windows\\OneSettings"",""Name"":""SustainabilityConfig.json""}},""Notification"":{""NotificationType"":""WNF"",""Metadata"":{""Data0"":2747027573,""Data1"":43319610}},""RefreshIntervals"":{""Default"":{""Normal"":1440,""Costed"":1440,""Battery"":1440},""OnDemand"":{""Normal"":60,""Costed"":1440,""Battery"":60},""TargetingChange"":{""Normal"":60,""Costed"":60,""Battery"":60}}}"
"config.json|ENDPOINT.COMPATDAPI","config.json","/settings/v3.0/OneSettings/Client","ENDPOINT.COMPATDAPI","53567126de53e1d1ed557864e090ee207ec315bc7aad8e6d3609754e12b40a2e","{""Partner"":""compat"",""Feature"":""DAPI"",""DeviceTicketOption"":1,""CtacAppId"":""CompatLogger"",""StrictRefreshInterval"":true,""Payload"":{""PayloadHandler"":""REGISTRY"",""Metadata"":{""Defaults"":{""FullPath"":""SOFTWARE\\Microsoft\\Windows NT\\CurrentVersion\\AppCompatFlags\\OneSettings\\DAPI"",""PersistedSourceId"":""AppCompatFlags""},""Settings"":{""DYNAPIENABLED"":{""ValueName"":""DynApiEnabled"",""RegValueType"":""REG_DWORD""},""DYNAPITRACELEVEL"":{""ValueName"":""DynApiTraceLevel"",""RegValueType"":""REG_DWORD""},""DYNAPISPS"":{""ValueName"":""DynApiSPS"",""RegValueType"":""REG_DWORD""},""DYNAPIFUL"":{""ValueName"":""DynApiFUL"",""RegValueType"":""REG_DWORD""},""DYNAPIWMINU"":{""ValueName"":""DynApiWMINU"",""RegValueType"":""REG_DWORD""},""DYNAPIUPPERIODMS"":{""Val..."
"config.json|ENDPOINT.COMPATDEVICECENSUS","config.json","/settings/v3.0/OneSettings/Client","ENDPOINT.COMPATDEVICECENSUS","50c8556cf3a2dcc83e590cdcee6c3e52d880259e43ac919f36e61bfaa95cf0aa","{""Partner"":""compat"",""Feature"":""census"",""DeviceTicketOption"":1,""CtacAppId"":""CompatLogger"",""StrictRefreshInterval"":true,""Payload"":{""PayloadHandler"":""REGISTRY"",""Metadata"":{""Defaults"":{""FullPath"":""SOFTWARE\\Microsoft\\Windows NT\\CurrentVersion\\AppCompatFlags\\OneSettings\\Census"",""PersistedSourceId"":""AppCompatFlags""},""Settings"":{""FULLSYNCINTERVAL"":{""ValueName"":""FullSyncInterval"",""RegValueType"":""REG_DWORD""},""BLOCKED_1"":{""ValueName"":""BLOCKED_1"",""RegValueType"":""REG_SZ""},""BLOCKED_2"":{""ValueName"":""BLOCKED_2"",""RegValueType"":""REG_SZ""},""BLOCKED_3"":{""ValueName"":""BLOCKED_3"",""RegValueType"":""REG_SZ""},""BLOCKED_4"":{""ValueName"":""BLOCKED_4"",""RegValueType"":""REG_SZ""},""BLOCKED_5"":{""ValueName"":""BLOCKED_5"",""RegVal..."
"config.json|ENDPOINT.COMPATHWREQEVAL","config.json","/settings/v3.0/OneSettings/Client","ENDPOINT.COMPATHWREQEVAL","68151b370eec1fd53528b9c916d8258a410d116c9b9b697f095c21de78b0dbdb","{""Partner"":""compat"",""Feature"":""HwReqEval"",""DeviceTicketOption"":1,""CtacAppId"":""CompatLogger"",""StrictRefreshInterval"":true,""Payload"":{""PayloadHandler"":""REGISTRY"",""Metadata"":{""Defaults"":{""FullPath"":""SOFTWARE\\Microsoft\\Windows NT\\CurrentVersion\\AppCompatFlags\\OneSettings\\HwReqEval"",""PersistedSourceId"":""AppCompatFlags""},""Settings"":{""BLOB"":{""ValueName"":""BLOB"",""RegValueType"":""REG_SZ""}}}}}"
"config.json|ENDPOINT.COMPATINSTALLTRACING","config.json","/settings/v3.0/OneSettings/Client","ENDPOINT.COMPATINSTALLTRACING","f464f26d9154caf66081cb5c0bd6d5f510c27e0c1cb89697b2cf031280df071e","{""Partner"":""compat"",""Feature"":""InstallTracing"",""DeviceTicketOption"":1,""CtacAppId"":""CompatLogger"",""StrictRefreshInterval"":false,""Payload"":{""PayloadHandler"":""REGISTRY"",""Metadata"":{""Defaults"":{""FullPath"":""SOFTWARE\\Microsoft\\Windows NT\\CurrentVersion\\AppCompatFlags\\OneSettings\\InstallTracing"",""PersistedSourceId"":""AppCompatFlags""},""Settings"":{""EnableMonitoring"":{""ValueName"":""EnableMonitoring"",""RegValueType"":""REG_DWORD"",""FullPath"":""SOFTWARE\\Microsoft\\Windows NT\\CurrentVersion\\AppCompatFlags\\OneSettings\\InstallTracing""},""ShouldSendUtc"":{""ValueName"":""ShouldSendUtc"",""RegValueType"":""REG_DWORD"",""FullPath"":""SOFTWARE\\Microsoft\\Windows NT\\CurrentVersion\\AppCompatFlags\\OneSettings\\Install..."
"config.json|ENDPOINT.COMPATLOGGER","config.json","/settings/v3.0/OneSettings/Client","ENDPOINT.COMPATLOGGER","d50e542fc47248e1b4729d9a94d417c8bf2855ea5fd33febca7db79caedbd42a","{""Partner"":""compat"",""Feature"":""encapsulation"",""DeviceTicketOption"":1,""CtacAppId"":""COMPATLOGGER"",""StrictRefreshInterval"":true,""Payload"":{""PayloadHandler"":""REGISTRY"",""Metadata"":{""Defaults"":{""FullPath"":""SOFTWARE\\Microsoft\\Windows NT\\CurrentVersion\\AppCompatFlags\\OneSettings\\Logger"",""PersistedSourceId"":""AppCompatFlags""},""Settings"":{""DYNAPIENABLED"":{""ValueName"":""DynApiEnabled"",""RegValueType"":""REG_DWORD""},""DYNAPITRACELEVEL"":{""ValueName"":""DynApiTraceLevel"",""RegValueType"":""REG_DWORD""},""DYNAPISPS"":{""ValueName"":""DynApiSPS"",""RegValueType"":""REG_DWORD""},""DYNAPIFUL"":{""ValueName"":""DynApiFUL"",""RegValueType"":""REG_DWORD""},""DYNAPIWMINU"":{""ValueName"":""DynApiWMINU"",""RegValueType"":""REG_DWORD""},""DYNAPIUPPERI..."
"config.json|ENDPOINT.COMPATPROVIDEREOS","config.json","/settings/v3.0/OneSettings/Client","ENDPOINT.COMPATPROVIDEREOS","96a567e186ad9ebacc5be88362859156bf0f7234a49f64f893bf118fbc650460","{""Partner"":""compat"",""Feature"":""ProviderEos"",""DeviceTicketOption"":1,""CtacAppId"":""CompatLogger"",""StrictRefreshInterval"":false,""Payload"":{""PayloadHandler"":""REGISTRY"",""Metadata"":{""Defaults"":{""FullPath"":""SOFTWARE\\Microsoft\\Windows NT\\CurrentVersion\\AppCompatFlags\\OneSettings\\ProviderEos"",""PersistedSourceId"":""AppCompatFlags""},""Settings"":{""aeinv.dll"":{""ValueName"":""aeinv.dll"",""RegValueType"":""REG_SZ""},""aepic.dll"":{""ValueName"":""aepic.dll"",""RegValueType"":""REG_SZ""},""aepic2.dll"":{""ValueName"":""aepic2.dll"",""RegValueType"":""REG_SZ""},""aepic3.dll"":{""ValueName"":""aepic3.dll"",""RegValueType"":""REG_SZ""},""aemarebackup.dll"":{""ValueName"":""aemarebackup.dll"",""RegValueType"":""REG_SZ""},""appraiser.dll"":{""ValueName"":""ap..."
"config.json|ENDPOINT.CORTANAUWP","config.json","/settings/v3.0/OneSettings/Client","ENDPOINT.CORTANAUWP","0a0c286ae6f1bea237ecc4a177763063206deaeb954ede12dba2f0e9f7c18e47","{""Partner"":""Cortana"",""Feature"":""CortanaUWP"",""DeviceTicketOption"":0,""CtacAppId"":""CortanaUWP"",""MigrateSettings"":true,""StrictRefreshInterval"":true,""Payload"":{""PayloadHandler"":""FILE"",""Metadata"":{""Dir"":""%ProgramData%\\Microsoft\\Windows\\OneSettings"",""Name"":""CortanaUWP.json""}}}"
"config.json|ENDPOINT.CTAC","config.json","/settings/v3.0/OneSettings/Client","ENDPOINT.CTAC","2a9eca75c31283b3ff13bb476cb6e8a371ddb3438abe72f03d576f6bd0a521d4","{""Partner"":""FlightSettings"",""Feature"":""FSService"",""DeviceTicketOption"":0,""CtacAppId"":""FSS"",""Payload"":{""PayloadHandler"":""FILE"",""Metadata"":{""Dir"":""%ProgramData%\\Microsoft\\Windows\\OneSettings"",""Name"":""CTAC.json""}}}"
"config.json|ENDPOINT.DBUPDATEBL","config.json","/settings/v3.0/OneSettings/Client","ENDPOINT.DBUPDATEBL","bcd6a25dae1e34a61dc3f95374ead12f33e051949f43690303978344c01c22fa","{""Partner"":""WSD-OSSEC"",""Feature"":""DB2023RolloutBlockList"",""CtacAppId"":""DBUPDATE"",""Payload"":{""PayloadHandler"":""FILE"",""Metadata"":{""Dir"":""%ProgramData%\\Microsoft\\Windows\\OneSettings"",""Name"":""DBUpdateBL.json""}}}"
"config.json|ENDPOINT.DSTSYNC","config.json","/settings/v3.0/OneSettings/Client","ENDPOINT.DSTSYNC","d573d9f3eb43479e32578f767345db2ba85cbadc982da0556508289b5fcb13c2","{""Partner"":""WSD"",""Feature"":""DST"",""CtacAppId"":""DSTSYNC"",""Payload"":{""PayloadHandler"":""FILE"",""Metadata"":{""Dir"":""%ProgramData%\\Microsoft\\Windows\\OneSettings"",""Name"":""DSTTZSYNC.json""}}}"
"config.json|ENDPOINT.DXDB","config.json","/settings/v3.0/OneSettings/Client","ENDPOINT.DXDB","27bb809822e5b3cf1e9820bf4ddb711c4d48112272cc240a3415c7d0b853fa68","{""Partner"":""sigma"",""Feature"":""DirectXDatabase"",""DeviceTicketOption"":0,""CtacAppId"":""DXDB"",""StrictRefreshInterval"":true,""Payload"":{""PayloadHandler"":""FILE"",""Metadata"":{""Dir"":""%ProgramData%\\Microsoft\\Windows\\OneSettings"",""Name"":""DirectXDbVersion.json""}},""Notification"":{""NotificationType"":""WNF"",""Metadata"":{""Data0"":2747015285,""Data1"":43319610}},""RefreshIntervals"":{""OnDemand"":{""Normal"":5,""Costed"":20160,""Battery"":5},""TargetingChange"":{""Normal"":5,""Costed"":5,""Battery"":5}}}"
"config.json|ENDPOINT.ECOSCORE","config.json","/settings/v3.0/OneSettings/Client","ENDPOINT.ECOSCORE","c0c814a6fd8f428297e386198234a7a89a92e88fa697848b02bffbc4b95b9ea9","{""Partner"":""Sustainability"",""Feature"":""EcoScore"",""CtacAppId"":""PHS"",""MigrateSettings"":true,""StrictRefreshInterval"":true,""Payload"":{""PayloadHandler"":""FILE"",""Metadata"":{""Dir"":""%ProgramData%\\Microsoft\\Windows\\OneSettings"",""Name"":""EcoScoreConfig.json""}},""RefreshIntervals"":{""Default"":{""Normal"":1440,""Costed"":1440,""Battery"":1440},""OnDemand"":{""Normal"":60,""Costed"":1440,""Battery"":60},""TargetingChange"":{""Normal"":60,""Costed"":60,""Battery"":60}}}"
"config.json|ENDPOINT.FTUNE","config.json","/settings/v3.0/OneSettings/Client","ENDPOINT.FTUNE","41ac52fed5cecfd547bf844e2ea6b2158a0453876558e9311fdeeaf99426e81e","{""Partner"":""WindowsConfiguration"",""Feature"":""RuntimeConfiguration"",""CtacAppId"":""CDM"",""DeviceTicketOption"":2,""UserTicketOption"":1,""MigrateSettings"":true,""StrictRefreshInterval"":true,""Payload"":{""PayloadHandler"":""FILE"",""Metadata"":{""Dir"":""%ProgramData%\\Microsoft\\Windows\\OneSettings"",""Name"":""FeatureTuning.json""}},""Notification"":{""NotificationType"":""WNF"",""Metadata"":{""Data0"":2747046005,""Data1"":43319610}}}"
"config.json|ENDPOINT.FILTERMANAGER","config.json","/settings/v3.0/OneSettings/Client","ENDPOINT.FILTERMANAGER","e156ab765ef9676b2a1e431b09c119b8557c0bfd034cc64b8795e2421623be30","{""Partner"":""Storage"",""Feature"":""FilterMgr"",""CtacAppId"":""FILTER_MANAGER"",""StrictRefreshInterval"":true,""OnDemandOnly"":false,""Payload"":{""PayloadHandler"":""REGISTRY"",""Metadata"":{""Defaults"":{""FullPath"":""SYSTEM\\CurrentControlSet\\Services\\FltMgr\\OneSettings\\"",""PersistedSourceId"":""FilterManagerOneSettings""},""Settings"":{""COUNTERSENABLED"":{""ValueName"":""CountersEnabled"",""RegValueType"":""REG_DWORD""},""COUNTERSSAMPLING"":{""ValueName"":""CountersSampling"",""RegValueType"":""REG_DWORD""}}}},""MigrateSettings"":false}"
"config.json|ENDPOINT.GAMEINPUT","config.json","/settings/v3.0/OneSettings/Client","ENDPOINT.GAMEINPUT","53a225f43caf535aebb197f87d71e3cfc3c06b5666331ae4cfed7d9339145226","{""Partner"":""XBox"",""Feature"":""GameInput"",""CtacAppId"":""GAMEINPUT"",""MigrateSettings"":true,""StrictRefreshInterval"":true,""Payload"":{""PayloadHandler"":""FILE"",""Metadata"":{""Dir"":""%ProgramData%\\Microsoft\\Windows\\OneSettings"",""Name"":""GameInput.json""}}}"
"config.json|ENDPOINT.GS","config.json","/settings/v3.0/OneSettings/Client","ENDPOINT.GS","efd055026ab4121f891d55118d72f5cc988684a158bd4babf98d5d005192167e","{""Partner"":""WindowsApps"",""Feature"":""GuidedSetup"",""CtacAppId"":""GS"",""MigrateSettings"":true,""Payload"":{""PayloadHandler"":""FILE"",""Metadata"":{""Dir"":""%ProgramData%\\Microsoft\\Windows\\OneSettings"",""Name"":""GS.json"",""NameBackup"":""GS.bak.json""}}}"
"config.json|ENDPOINT.IDSPCA","config.json","/settings/v3.0/OneSettings/Client","ENDPOINT.IDSPCA","2c8f6e2dc78f90dc180cea2cd485882a122ae29cbdaafc78fbf342680f1f131a","{""Partner"":""AppCompat"",""Feature"":""IdsPca"",""CtacAppId"":""IdsPca"",""DeviceTicketOption"":0,""MigrateSettings"":true,""StrictRefreshInterval"":true,""Payload"":{""PayloadHandler"":""FILE"",""Metadata"":{""Dir"":""%ProgramData%\\Microsoft\\Windows\\OneSettings"",""Name"":""IDSPCA.json""}}}"
"config.json|ENDPOINT.IRISCLIENT","config.json","/settings/v3.0/OneSettings/Client","ENDPOINT.IRISCLIENT","06b6a02ba882a2b215cf4d66f1f20cb558263f2977799d3901729d0cc756ead5","{""Partner"":""Windows"",""Feature"":""IrisClient"",""CtacAppId"":""IRISCLIENT"",""FGName"":""IrisClient"",""DeviceTicketOption"":2,""StrictRefreshInterval"":true,""Payload"":{""PayloadHandler"":""FILE"",""Metadata"":{""Dir"":""%ProgramData%\\Microsoft\\Windows\\OneSettings"",""Name"":""IrisClient.json"",""FlightType"":""IrisStaging""}}}"
"config.json|ENDPOINT.KNOWNGAMELIST","config.json","/settings/v3.0/OneSettings/Client","ENDPOINT.KNOWNGAMELIST","bcf780a613506315d7fcd4d3bcb060f7defb73026160081e7a53560c7b608460","{""Partner"":""Xbox"",""Feature"":""KnownGameList"",""DeviceTicketOption"":0,""CtacAppId"":""KnownGameList"",""StrictRefreshInterval"":true,""Payload"":{""PayloadHandler"":""REGISTRY"",""Metadata"":{""Defaults"":{""FullPath"":""SOFTWARE\\Microsoft\\KGL\\OneSettings""},""Settings"":{""URI"":{""ValueName"":""URI"",""RegValueType"":""REG_SZ""},""VERSION"":{""ValueName"":""Version"",""RegValueType"":""REG_DWORD""},""ACTIVATEONUPDATE"":{""ValueName"":""ActivateOnUpdate"",""RegValueType"":""REG_DWORD""},""HASH"":{""ValueName"":""Hash"",""RegValueType"":""REG_SZ""},""VERSIONCHECKTIMEOUT"":{""ValueName"":""VersionCheckTimeout"",""RegValueType"":""REG_DWORD""}}}}}"
"config.json|ENDPOINT.MICROSOFTSTORE","config.json","/settings/v3.0/OneSettings/Client","ENDPOINT.MICROSOFTSTORE","23a895943c74c4113cd9f025eac0cf2403b10104bceae545510733b8ca14f759","{""Partner"":""SCC"",""Feature"":""MicrosoftStore"",""CtacAppId"":""MicrosoftStore"",""MigrateSettings"":true,""DeviceTicketOption"":0,""Payload"":{""PayloadHandler"":""FILE"",""Metadata"":{""Dir"":""%ProgramData%\\Microsoft\\Windows\\OneSettings"",""Name"":""MicrosoftStore.json""}}}"
"config.json|ENDPOINT.MITIGATION","config.json","/settings/v3.0/OneSettings/Client","ENDPOINT.MITIGATION","5d9131b021bc91bd6586f31ac32e611e23727b0e79787bc8aea1c0f06a34277e","{""Partner"":""Waas"",""Feature"":""TroubleshootingSvc"",""CtacAppId"":""MITIGATION"",""StrictRefreshInterval"":true,""Payload"":{""PayloadHandler"":""FILE"",""Metadata"":{""Dir"":""%ProgramData%\\Microsoft\\Windows\\OneSettings"",""Name"":""TroubleshootingSvc.json"",""FlightType"":""TroubleshooterStaging""}},""Notification"":{""NotificationType"":""WNF"",""Metadata"":{""Data0"":2747013237,""Data1"":43319610}}}"
"config.json|ENDPOINT.NARRATORSCRIPTING","config.json","/settings/v3.0/OneSettings/Client","ENDPOINT.NARRATORSCRIPTING","0dd92bb101bbc6335e3139ff8024b806949ae4aa72be57b5565ad13586f8262c","{""Partner"":""WindowsAccessibility"",""Feature"":""NarratorScripting"",""DeviceTicketOption"":1,""CtacAppId"":""WU_STORE"",""StrictRefreshInterval"":true,""Payload"":{""PayloadHandler"":""FILE"",""Metadata"":{""Dir"":""%ProgramData%\\Microsoft\\Windows\\OneSettings"",""Name"":""NarratorScriptingPayload.json""}}}"
"config.json|ENDPOINT.OPENWITH","config.json","/settings/v3.0/OneSettings/Client","ENDPOINT.OPENWITH","941445a17cbd1c1e5c35b1c2ddc1ff161e7a6b6c71dee6c871a4ce1cd49feea1","{""Partner"":""WindowsDefaultSetting"",""Feature"":""OpenWith"",""CtacAppId"":""OPENWITH"",""StrictRefreshInterval"":true,""Payload"":{""PayloadHandler"":""FILE"",""Metadata"":{""Dir"":""%ProgramData%\\Microsoft\\Windows\\OneSettings"",""Name"":""OpenWithStoreOptions.json""}}}"
"config.json|ENDPOINT.RECYCLEANDTRADEIN","config.json","/settings/v3.0/OneSettings/Client","ENDPOINT.RECYCLEANDTRADEIN","09beec1a20f9803b20e1e3221a496033d266d271ce952a90805cd6ebc636ea63","{""Partner"":""Sustainability"",""Feature"":""RecycleAndTradeIn"",""CtacAppId"":""PHS"",""MigrateSettings"":true,""StrictRefreshInterval"":true,""Payload"":{""PayloadHandler"":""FILE"",""Metadata"":{""Dir"":""%ProgramData%\\Microsoft\\Windows\\OneSettings"",""Name"":""RecycleAndTradeInConfig.json""}},""RefreshIntervals"":{""Default"":{""Normal"":1440,""Costed"":1440,""Battery"":1440},""OnDemand"":{""Normal"":60,""Costed"":1440,""Battery"":60},""TargetingChange"":{""Normal"":60,""Costed"":60,""Battery"":60}}}"
"config.json|ENDPOINT.RESERVEMANAGER","config.json","/settings/v3.0/OneSettings/Client","ENDPOINT.RESERVEMANAGER","d51f4c37379df0d439356e2705dba096f61cecb97f176fcf5ce0c3384afeefce","{""Partner"":""WSD"",""Feature"":""ReserveManager"",""CtacAppId"":""RESERVE_MANAGER"",""StrictRefreshInterval"":true,""OnDemandOnly"":false,""Payload"":{""PayloadHandler"":""REGISTRY"",""Metadata"":{""Defaults"":{""FullPath"":""SOFTWARE\\Microsoft\\Windows\\CurrentVersion\\ReserveManager\\OneSettings"",""PersistedSourceId"":""ReserveManagerOneSettings""},""Settings"":{""DISABLEDELETES"":{""ValueName"":""DisableDeletes"",""RegValueType"":""REG_DWORD""},""USERFREESPACEBUFFER"":{""ValueName"":""UserFreeSpaceBuffer"",""RegValueType"":""REG_DWORD""},""DISABLESNAPSHOTSINRESERVES"":{""ValueName"":""DisableSnapshotsInReserves"",""RegValueType"":""REG_DWORD""}}}},""MigrateSettings"":false}"
"config.json|ENDPOINT.RUXIM","config.json","/settings/v3.0/OneSettings/Client","ENDPOINT.RUXIM","64d4a47f46b23ef29dbf12c91f5beaf7f3c8fc36a163e84e1f73a0f5d2032e46","{""Partner"":""WSD"",""Feature"":""RUXIM"",""CtacAppId"":""RUXIM"",""Payload"":{""PayloadHandler"":""FILE"",""Metadata"":{""Dir"":""%ProgramData%\\Microsoft\\Windows\\OneSettings"",""Name"":""RUXIM.json""}},""StrictRefreshInterval"":true}"
"config.json|ENDPOINT.SCCINSTALLSVC","config.json","/settings/v3.0/OneSettings/Client","ENDPOINT.SCCINSTALLSVC","9fc6d396a4a906a0d0aa7086fa64fab25b6c9b03ec5d164df25cb8bbd8dfcc3e","{""Partner"":""SCC"",""Feature"":""InstallService"",""CtacAppId"":""InstallService"",""MigrateSettings"":true,""DeviceTicketOption"":0,""Payload"":{""PayloadHandler"":""FILE"",""Metadata"":{""Dir"":""%ProgramData%\\Microsoft\\Windows\\OneSettings"",""Name"":""SCCInstallService.json""}}}"
"config.json|ENDPOINT.WSX","config.json","/settings/v3.0/OneSettings/Client","ENDPOINT.WSX","2a8119397e2c82fb106e74d349982375f98eb764d15b3008a3cf9756aa7aef6e","{""Partner"":""Windows"",""Feature"":""ServiceExperiences"",""CtacAppId"":""ServiceExperiences"",""MigrateSettings"":true,""StrictRefreshInterval"":true,""Payload"":{""PayloadHandler"":""FILE"",""Metadata"":{""Dir"":""%ProgramData%\\Microsoft\\Windows\\WSXPacks"",""Name"":""WSXPayload.json"",""FlightType"":""WSXStaging""}}}"
"config.json|ENDPOINT.SERVICINGCBS","config.json","/settings/v3.0/OneSettings/Client","ENDPOINT.SERVICINGCBS","321013416e48c784aeb49d70613d5bdf0148970ad3e003f0410e8583cb038a6b","{""Partner"":""WSD"",""Feature"":""Servicing"",""CtacAppId"":""SERVICING_CBS"",""StrictRefreshInterval"":true,""OnDemandOnly"":false,""Payload"":{""PayloadHandler"":""FILE"",""Metadata"":{""Dir"":""%ProgramData%\\Microsoft\\Windows\\OneSettings"",""Name"":""ServicingSettings.json""}},""MigrateSettings"":false}"
"config.json|ENDPOINT.SPEECHTOTEXT","config.json","/settings/v3.0/OneSettings/Client","ENDPOINT.SPEECHTOTEXT","3da910408f1a36377403d10c49a1025dd954cc6e29adb714396311102959db47","{""Partner"":""WindowsAccessibility"",""Feature"":""SpeechToText"",""CtacAppId"":""WU_STORE"",""DeviceTicketOption"":1,""Payload"":{""PayloadHandler"":""FILE"",""Metadata"":{""Dir"":""%ProgramData%\\Microsoft\\Windows\\OneSettings"",""Name"":""SpeechToTextPayload.json""}}}"
"config.json|ENDPOINT.TASKMGR","config.json","/settings/v3.0/OneSettings/Client","ENDPOINT.TASKMGR","a632a4ad51cda8eea047399c4fbe839626e3689ede9de07242b787c70e1b4ce1","{""Partner"":""DeviceHealth"",""Feature"":""TaskManager"",""CtacAppId"":""TaskManager"",""FGName"":""TaskManager"",""StrictRefreshInterval"":true,""Payload"":{""PayloadHandler"":""FILE"",""Metadata"":{""Dir"":""%ProgramData%\\Microsoft\\Windows\\OneSettings"",""Name"":""TaskManager.json""}},""Notification"":{""NotificationType"":""WNF"",""Metadata"":{""Data0"":2747029621,""Data1"":43319610}}}"
"config.json|ENDPOINT.TEXTTOSPEECH","config.json","/settings/v3.0/OneSettings/Client","ENDPOINT.TEXTTOSPEECH","4c649e3c0f53d64c8130a423cd9256d89bb08ad55a0351470b82b6fea998204d","{""Partner"":""WindowsAccessibility"",""Feature"":""TextToSpeech"",""CtacAppId"":""WU_STORE"",""Payload"":{""PayloadHandler"":""FILE"",""Metadata"":{""Dir"":""%ProgramData%\\Microsoft\\Windows\\OneSettings"",""Name"":""TextToSpeechPayload.json""}}}"
"config.json|ENDPOINT.UCPD","config.json","/settings/v3.0/OneSettings/Client","ENDPOINT.UCPD","62be1c2eff2ecbb308d24534c1782bd0582dbc24194995aa843f9672e61cb3f6","{""Partner"":""WindowsDefaultSetting"",""Feature"":""UCPD"",""CtacAppId"":""UCPD"",""StrictRefreshInterval"":true,""Payload"":{""PayloadHandler"":""REGISTRY"",""Metadata"":{""Defaults"":{""FullPath"":""SYSTEM\\CurrentControlSet\\Services\\UCPD\\DR""},""Settings"":{""V1"":{""ValueName"":""0000"",""RegValueType"":""REG_SZ""}}}}}"
"config.json|ENDPOINT.UECPL","config.json","/settings/v3.0/OneSettings/Client","ENDPOINT.UECPL","076cf636f1ebc8d89ad7f6e2c6717aa1f4ce1ad6503b0c9117d7957b6c80f387","{""Partner"":""WSD"",""Feature"":""UnexpectedCodepathLogging2"",""DeviceTicketOption"":0,""CtacAppId"":""UNEXPECTEDCODEPATHLOGGING"",""MigrateSettings"":true,""StrictRefreshInterval"":false,""Payload"":{""PayloadHandler"":""FILE"",""Metadata"":{""Dir"":""%ProgramData%\\Microsoft\\Windows\\OneSettings"",""Name"":""UnexpectedCodepathLogging.json""}},""Notification"":{""NotificationType"":""WNF"",""Metadata"":{""Data0"":2747041909,""Data1"":43319610}}}"
"config.json|ENDPOINT.UPDATEAGENT","config.json","/settings/v3.0/OneSettings/Client","ENDPOINT.UPDATEAGENT","4f397d54f7b4b33ee3e353c9592ecbe99c90853a55d39c17e5915e4d4c380224","{""Partner"":""WSD"",""Feature"":""UpdateAgent"",""CtacAppId"":""UpdateAgent"",""StrictRefreshInterval"":true,""OnDemandOnly"":true,""Payload"":{""PayloadHandler"":""FILE"",""Metadata"":{""Dir"":""%ProgramData%\\Microsoft\\Windows\\OneSettings"",""Name"":""UpdateAgentSettings.json""}},""ShouldMigrate"":false,""RefreshIntervals"":{""Default"":{""Normal"":5,""Costed"":5,""Battery"":5},""OnDemand"":{""Normal"":5,""Costed"":5,""Battery"":5},""TargetingChange"":{""Normal"":5,""Costed"":5,""Battery"":5}}}"
"config.json|ENDPOINT.UUS","config.json","/settings/v3.0/OneSettings/Client","ENDPOINT.UUS","6374ebfca699e0ec61c715bc6a7f3168f7ab82f17264ea59b6f241d35c212823","{""Partner"":""WSD"",""Feature"":""UUS"",""CtacAppId"":""UUS"",""StrictRefreshInterval"":true,""OnDemandOnly"":false,""Payload"":{""PayloadHandler"":""FILE"",""Metadata"":{""Dir"":""%ProgramData%\\Microsoft\\Windows\\OneSettings"",""Name"":""UusSettings.json""}},""ShouldMigrate"":false}"
"config.json|ENDPOINT.WAASASSESSMENT","config.json","/settings/v3.0/OneSettings/Client","ENDPOINT.WAASASSESSMENT","2c7b4a57569be01f60198225b130e320eb9a2798c0f3a055bbdcf81282b6887d","{""Partner"":""WSD"",""Feature"":""WAASASSESSMENT"",""CtacAppId"":""WAASASSESSMENT"",""Payload"":{""PayloadHandler"":""FILE"",""Metadata"":{""Dir"":""%ProgramData%\\Microsoft\\Windows\\OneSettings"",""Name"":""WaaSAssessmentSettings.json""}},""StrictRefreshInterval"":true}"
"config.json|ENDPOINT.WAASMEDIC","config.json","/settings/v3.0/OneSettings/Client","ENDPOINT.WAASMEDIC","5c6037582421df4b3ba9bbfe5e6def6a954e6c4af8c6fe31a7a9b45797b59710","{""Partner"":""WSD"",""Feature"":""WaasMedic"",""CtacAppId"":""WaasMedic"",""OnDemandOnly"":true,""Payload"":{""PayloadHandler"":""REGISTRY"",""Metadata"":{""Defaults"":{""FullPath"":""SYSTEM\\WaaS\\WaaSMedic\\OneSettings"",""PersistedSourceId"":""WaaS""},""Settings"":{""_DEFERASSESSMENTINTERVALINDAYS"":{""ValueName"":""_DeferAssessmentIntervalInDays"",""RegValueType"":""REG_DWORD""},""_FEATUREBACKUPASSESSMENTTHRESHOLD"":{""ValueName"":""_FeatureBackupAssessmentThreshold"",""RegValueType"":""REG_DWORD""},""_QUALITYBACKUPASSESSMENTTHRESHOLD"":{""ValueName"":""_QualityBackupAssessmentThreshold"",""RegValueType"":""REG_DWORD""},""_TERMINALERRORS"":{""ValueName"":""_TerminalErrors"",""RegValueType"":""REG_SZ""},""_TERMINALERRORTHRESHOLD"":{""ValueName"":""_TerminalErrorThr..."
"config.json|ENDPOINT.WCXSMARTOPTOUT","config.json","/settings/v3.0/OneSettings/Client","ENDPOINT.WCXSMARTOPTOUT","3936acd95ebdb45678d84078b443729aa604a20e56495ac0c980bb32ab3c31e4","{""Partner"":""WCX"",""Feature"":""SmartOptOut"",""CtacAppId"":""SmartOptOut"",""StrictRefreshInterval"":true,""Payload"":{""PayloadHandler"":""FILE"",""Metadata"":{""Dir"":""%ProgramData%\\Microsoft\\Windows\\OneSettings"",""Name"":""SmartOptOut.json"",""FlightType"":""SmartOptOutStaging""}},""Notification"":{""NotificationType"":""WNF"",""Metadata"":{""Data0"":2747031669,""Data1"":43319610}}}"
"config.json|ENDPOINT.WV2SETTINGS","config.json","/settings/v3.0/OneSettings/Client","ENDPOINT.WV2SETTINGS","fc0396c6f0b97e374778cb94f9587f2980d1089bb3f9db259372d6f4eb031b0b","{""Partner"":""WebView2RuntimeApps"",""Feature"":""WebView2RuntimeSelectorSignal"",""CtacAppId"":""WV2SETTINGS"",""MigrateSettings"":true,""StrictRefreshInterval"":true,""OnDemandOnly"":false,""Payload"":{""PayloadHandler"":""FILE"",""Metadata"":{""Dir"":""%ProgramData%\\Microsoft\\Windows\\OneSettings"",""Name"":""WV2Settings.json""}},""Notification"":{""NotificationType"":""WNF"",""Metadata"":{""Data0"":2747039861,""Data1"":43319610}}}"
"config.json|ENDPOINT.WHESVC_EXT","config.json","/settings/v3.0/OneSettings/Client","ENDPOINT.WHESVC_EXT","a48100416ae32d0904ff2f5c4babac218a1937a821ee07111a1c65693a863d5d","{""Partner"":""FunExp"",""Feature"":""WhesvcExtendedSettings"",""CtacAppId"":""WHESVC_EXT"",""MigrateSettings"":true,""StrictRefreshInterval"":true,""Payload"":{""PayloadHandler"":""FILE"",""Metadata"":{""Dir"":""%ProgramData%\\Microsoft\\Windows\\OneSettings"",""Name"":""WhesvcExtendedSettings.json""}},""Notification"":{""NotificationType"":""WNF"",""Metadata"":{""Data0"":2747052149,""Data1"":43319610}}}"
"config.json|ENDPOINT.WHESVC_MOD","config.json","/settings/v3.0/OneSettings/Client","ENDPOINT.WHESVC_MOD","a511991f3c54059d84b8288c163a8e3e40e2c3e93df8c82f3e1023f7f5d48ccd","{""Partner"":""FunExp"",""Feature"":""WhesvcModuleSettings"",""CtacAppId"":""WHESVC_MOD"",""MigrateSettings"":true,""StrictRefreshInterval"":true,""Payload"":{""PayloadHandler"":""FILE"",""Metadata"":{""Dir"":""%ProgramData%\\Microsoft\\Windows\\OneSettings"",""Name"":""WhesvcModuleSettings.json""}},""Notification"":{""NotificationType"":""WNF"",""Metadata"":{""Data0"":2747050101,""Data1"":43319610}}}"
"config.json|ENDPOINT.FSS","config.json","/settings/v3.0/OneSettings/Client","ENDPOINT.FSS","c33879949bd0c56d540bfcb1cb0e8869fb78b7fa184fc27a47fa2c796f76c386","{""Partner"":""FlightSettings"",""Feature"":""FSService"",""CtacAppId"":""FSS"",""OnDemandOnly"":true,""Payload"":{""PayloadHandler"":""REGISTRY"",""Metadata"":{""Defaults"":{""FullPath"":""SOFTWARE\\Microsoft\\WindowsSelfHost\\OneSettings"",""PersistedSourceId"":""FlightingOneSettings""},""Settings"":{""FLIGHTSETTINGSSERVICEURL"":{""ValueName"":""FlightSettingsServiceUrl""},""CONTACTFSS"":{""ValueName"":""ContactFSS""},""FLIGHTSETTINGSVERSION"":{""ValueName"":""FlightSettingsVersion"",""RegValueType"":""REG_DWORD""},""USESETTINGSEXPERIENCE"":{""FullPath"":""SOFTWARE\\Microsoft\\WindowsSelfHost\\Applicability"",""PersistedSourceId"":""FlightingApplicability"",""ValueName"":""UseSettingsExperience"",""RegValueType"":""REG_DWORD""},""ISBUILDUNSUPPORTED"":{""ValueName"":..."
"config.json|ENDPOINT.MLMOD","config.json","/settings/v3.0/OneSettings/Client","ENDPOINT.MLMOD","fb2faf08db9f4d3a2c408880635bb5f1f02550ec7235aa69e17e8a275954f087","{""Partner"":""Waas"",""Feature"":""Models"",""CtacAppId"":""MLMOD"",""StrictRefreshInterval"":true,""Payload"":{""PayloadHandler"":""FILE"",""Metadata"":{""Dir"":""%ProgramData%\\Microsoft\\Windows\\Models"",""Name"":""ModelPayload.json""}},""Notification"":{""NotificationType"":""WNF"",""Metadata"":{""Data0"":2747011189,""Data1"":43319610}}}"
"CortanaUWP.json|ALLOWINSTALLCORTANA","CortanaUWP.json","/settings/v3.0/Cortana/CortanaUWP","ALLOWINSTALLCORTANA","b5bea41b6c623f7c09f1bf24dcae58ebab3c0cdd90ad966bc43a45b44867e12b","true"
"CortanaUWP.json|INSTALLAPPFROMSTOREDELAYMINUTES","CortanaUWP.json","/settings/v3.0/Cortana/CortanaUWP","INSTALLAPPFROMSTOREDELAYMINUTES","39fa9ec190eee7b6f4dff1100d6343e10918d044c75eac8f9e9a2596173f80c9","60"
"CortanaUWP.json|LOWCOSTDISKLIMITGB","CortanaUWP.json","/settings/v3.0/Cortana/CortanaUWP","LOWCOSTDISKLIMITGB","e29c9c180c6279b0b02abd6a1801c7c04082cf486ec027aa13515e4f3884bb6b","32"
"CortanaUWP.json|MINMAJORVERSION","CortanaUWP.json","/settings/v3.0/Cortana/CortanaUWP","MINMAJORVERSION","5feceb66ffc86f38d952786c6d696c79c2dbc239dd4e91b46729d73a27fb57e9","0"
"CortanaUWP.json|MINMINORVERSION","CortanaUWP.json","/settings/v3.0/Cortana/CortanaUWP","MINMINORVERSION","5feceb66ffc86f38d952786c6d696c79c2dbc239dd4e91b46729d73a27fb57e9","0"
"CortanaUWP.json|SHOULDINSTALLAPPFROMSTORE","CortanaUWP.json","/settings/v3.0/Cortana/CortanaUWP","SHOULDINSTALLAPPFROMSTORE","b5bea41b6c623f7c09f1bf24dcae58ebab3c0cdd90ad966bc43a45b44867e12b","true"
"CortanaUWP.json|SUPPORTEDSPEECHLANGUAGES","CortanaUWP.json","/settings/v3.0/Cortana/CortanaUWP","SUPPORTEDSPEECHLANGUAGES","c528452300440f47b4505e15d80ef5fb68d030675ad944dd54d1b8b6b9d45294","""en-US"""
"CTAC.json|CONTACTFSS","CTAC.json","/settings/v3.0/FlightSettings/FSService","CONTACTFSS","076de6e730df0b4c3860877a0f619c6ac11f8aefd78313ac793a2a703c026869","""false"""
"CTAC.json|COSTEDCONNECTIONINTERVAL","CTAC.json","/settings/v3.0/FlightSettings/FSService","COSTEDCONNECTIONINTERVAL","556624db0a840fc18e02efa885aa4070f911b07754672ac4023c042eb86358b7","""20160"""
"CTAC.json|CTACTARGETINGATTRIBUTES","CTAC.json","/settings/v3.0/FlightSettings/FSService","CTACTARGETINGATTRIBUTES","63b7d4b42f52465ae52298bb78756ab8904d7cc2dd842964c3eab025427e6d0c","""{\n  \""Version\"": 360,\n  \""SchemaVersion\"": 1,\n  \""PartA\"": [\n    \""App\"",\n    \""AppVer\"",\n    \""AttrDataVer\""\n  ],\n  \""Default\"": [\n    \""DeviceFamily\"",\n    \""f:FlightRing\"",\n    \""t:OSVersionFull\""\n  ],\n  \""PartB\"": {\n    \""ACSOVERRIDE\"": [\n      \""OSArchitecture\"",\n      \""c:IsAlwaysOnAlwaysConnectedCapable\""\n    ],\n    \""APPTARGETEDFEATUREDB\"": [\n      \""c:FlightingBranchName\"",\n      \""f:FlightRing\"",\n      \""t:OSVersionFull\"",\n      \""DeviceFamily\""\n    ],\n    \""CASSCLIENT\"": [\n      \""OSVersion\"",\n      \""c:OSEdition\"",\n      \""f:FlightRing\"",\n      \""c:OSUILocale\"",\n      \""f:FlightingBranchName\"",\n      \""r:OEMMode\""\n    ],\n    \""CDM\"": [\n      \""Ch..."
"CTAC.json|FLIGHTINGMSAAPPID","CTAC.json","/settings/v3.0/FlightSettings/FSService","FLIGHTINGMSAAPPID","8976eb19e56f55bbce78187b26735d4b71ae93335c8571adae2636354a48c49d","""Foobar-FlightingMsaAppId"""
"CTAC.json|FLIGHTSETTINGSSERVICEURL","CTAC.json","/settings/v3.0/FlightSettings/FSService","FLIGHTSETTINGSSERVICEURL","976369f4e1cda2bf74be766f8dd794d2a171d4a0a091ae310f6e6e0d0e9bfc0e","""https://insideruser.microsoft.com/api/FlightSettings"""
"CTAC.json|FLIGHTSETTINGSVERSION","CTAC.json","/settings/v3.0/FlightSettings/FSService","FLIGHTSETTINGSVERSION","cc11310c456c3690d5a74c23aa31cc25b4e74cdae146c71e54ad9dbc1d109fde","""2"""
"CTAC.json|HONORUTCRESTRICTIONS","CTAC.json","/settings/v3.0/FlightSettings/FSService","HONORUTCRESTRICTIONS","98089e6d36f78e9766c9ea34d5acb3611f3a92cd81c5eb102095d924ffc7d08b","""0"""
"CTAC.json|ISBUILDUNSUPPORTED","CTAC.json","/settings/v3.0/FlightSettings/FSService","ISBUILDUNSUPPORTED","98089e6d36f78e9766c9ea34d5acb3611f3a92cd81c5eb102095d924ffc7d08b","""0"""
"CTAC.json|MAXCALLSPERDAY","CTAC.json","/settings/v3.0/FlightSettings/FSService","MAXCALLSPERDAY","5ac95f46dcda9e6a85f4d281cd691aea7b00846d8f8612d198d396136e9c5140","""500"""
"CTAC.json|MINTIMEBETWEENCALLSWHENTHROTTLEDINSECONDS","CTAC.json","/settings/v3.0/FlightSettings/FSService","MINTIMEBETWEENCALLSWHENTHROTTLEDINSECONDS","b9a9f15714a2a7af00637c2030926ce17919df2d9dc3b3531d582e7bbad7315c","""300"""
"CTAC.json|SYNCWNSURI","CTAC.json","/settings/v3.0/FlightSettings/FSService","SYNCWNSURI","98089e6d36f78e9766c9ea34d5acb3611f3a92cd81c5eb102095d924ffc7d08b","""0"""
"CTAC.json|TIME","CTAC.json","/settings/v3.0/FlightSettings/FSService","TIME","d10a4bc9e0c1fa4e8f3d7ce2512b8756e47ca5fa451f373c39a1431bb88db49f","""5"""
"CTAC.json|USESETTINGSEXPERIENCE","CTAC.json","/settings/v3.0/FlightSettings/FSService","USESETTINGSEXPERIENCE","98089e6d36f78e9766c9ea34d5acb3611f3a92cd81c5eb102095d924ffc7d08b","""0"""
"CTAC.json|USESSOAPPGROUP","CTAC.json","/settings/v3.0/FlightSettings/FSService","USESSOAPPGROUP","98089e6d36f78e9766c9ea34d5acb3611f3a92cd81c5eb102095d924ffc7d08b","""0"""
"CTAC.json|UTCAPPROVEDPROPERTIES","CTAC.json","/settings/v3.0/FlightSettings/FSService","UTCAPPROVEDPROPERTIES","8d2fdf5166423e4fbd4f75ffea20d674a09fe06d4a6715ebce5edaface6f3b2f","""deviceType;osUILocale;currentTelemetryLevelInt;defaultDynamicRegistryReads;propertyIgnoreList;testFlags;rs2CapabilitiesPresent;rs3CapabilitiesPresent"""
"CTAC.json|WINDOWSUPDATEMSAAPPID","CTAC.json","/settings/v3.0/FlightSettings/FSService","WINDOWSUPDATEMSAAPPID","3b8199d6b133eebc1f0487f0dadbfb544784bbf924ea634cf1e33aba7d881c5e","""Foobar-WindowsUpdateMsaAppId"""
"DBUpdateBL.json|SETTINGS","DBUpdateBL.json","/settings/v3.0/WSD-OSSEC/DB2023RolloutBlockList","SETTINGS","f4a0766ae8befee20e4ef66c21454fee8f6f1fd171adebb420a7dbf1e303a0e3","{""DBBlockListLastUpdatedTime"":""2026-06-06T09:00:00.001Z"",""DBBlockListFreshWindowInHours"":72,""DBBlockListRebootAllowed"":true,""KEKBlockListLastUpdatedTime"":""2026-06-06T09:00:00.001Z"",""KEKBlockListFreshWindowInHours"":72,""KEKBlockListRebootAllowed"":true,""3PUEFIBlockListLastUpdatedTime"":""2026-06-06T09:00:00.001Z"",""3PUEFIBlockListFreshWindowInHours"":72,""3PUEFIBlockListRebootAllowed"":true,""3POROMBlockListLastUpdatedTime"":""2026-06-06T09:00:00.001Z"",""3POROMBlockListFreshWindowInHours"":72,""3POROMBlockListRebootAllowed"":true,""BFSVCBlockListLastUpdatedTime"":""2026-06-06T09:00:00.001Z"",""BFSVCBlockListFreshWindowInHours"":72,""BFSVCBlockListRebootAllowed"":true,""TestKeyRollingBlockListLastUpdatedTime"":""2026-0..."
"DirectXDbVersion.json|HASHSTRING","DirectXDbVersion.json","/settings/v3.0/sigma/DirectXDatabase","HASHSTRING","97c41a8e7e29e0a75500122063bb15d30f5c48f1f90d8cd97cde73f59a80ba4c","""E9A947008E9909E448F614FD7BF6CBEA61EFAB4D"""
"DirectXDbVersion.json|HASHSTRINGV2","DirectXDbVersion.json","/settings/v3.0/sigma/DirectXDatabase","HASHSTRINGV2","fde057f739f5560789ea9d5e87e5a2b05c00b434d9617ab58b18a4e1542d22eb","""064085BD0A900ED64370AFC3ED47A0CA5F7E4965D1C5CE86864A524C741E73114770F358F4A2DDFB62B809DFE3419750B94794A7E9A3B27BCAB539DCB7C594C9"""
"DirectXDbVersion.json|URLSUBPATH","DirectXDbVersion.json","/settings/v3.0/sigma/DirectXDatabase","URLSUBPATH","8467fe74f252db255cab0f52c1655fe2dce2636a44f243031e21a987df60882a","""https://fs.microsoft.com/fs/directxdatabase/1.8.3/DirectXApps.lzma"""
"DirectXDbVersion.json|VERSION","DirectXDbVersion.json","/settings/v3.0/sigma/DirectXDatabase","VERSION","65c06ffff4cfc1e927f3ab09672aa7683247d287fa0dcc755dd8c81166a337b3","""1.8.3"""
"DSTTZSYNC.json|DST_DATA","DSTTZSYNC.json","/settings/v3.0/WSD/DST","DST_DATA","5ed2ad4a2cab1e2e970cd8fd5239d3dafa1d36ba92ee5ab0ed9df19362d572e3","{""0x07E70011"":{""Greenland Standard Time"":{""TZI"":""78000000000000003C0000000000030006000500160000000000000000000100000001000000000000000000"",""FirstEntry"":""2004"",""LastEntry"":""2026"",""DynamicDST"":{""2004"":""B400000000000000C4FFFFFF00000A0006000500170000000000000000000300060005001600000000000000"",""2005"":""B400000000000000C4FFFFFF00000A0006000500170000000000000000000300060005001600000000000000"",""2006"":""B400000000000000C4FFFFFF00000A0006000500170000000000000000000300060005001600000000000000"",""2007"":""B400000000000000C4FFFFFF00000A0006000500170000000000000000000300060004001600000000000000"",""2008"":""B400000000000000C4FFFFFF00000A0006000500170000000000000000000300060005001600000000000000"",""2009"":""B400000000..."
"EcoScoreConfig.json|ECOSCORECONFIGSETTING","EcoScoreConfig.json","/settings/v3.0/Sustainability/EcoScore","ECOSCORECONFIGSETTING","44136fa355b3678a1146ad16f7e8649e94fb4fc21fe77e8310c060f61caaff8a","{}"
"GameInput.json|VERSION","GameInput.json","/settings/v3.0/XBox/GameInput","VERSION","2a3cca1a0dfc20eaf016a0b38781f11927e5aa44358e7f97ba616e5a139ae625","{""DEFAULT"":{""XInputForwarding"":true,""Exe"":{""steam.exe"":{""BackgroundInput"":1},""upc.exe"":{""BackgroundInput"":1,""MouseMode"":1},""msedgewebview2.exe"":{""BackgroundInput"":0},""spotify.exe"":{""AutoMouseMode"":0,""MouseMode"":1},""discord.exe"":{""AutoMouseMode"":0,""MouseMode"":1},""msedge.exe"":{""AutoMouseMode"":0,""MouseMode"":1},""Aloha.exe"":{""MouseMode"":1},""AppleMusic.exe"":{""MouseMode"":1},""AppleTV.exe"":{""MouseMode"":1},""Battle.net.exe"":{""MouseMode"":1},""brave.exe"":{""MouseMode"":1},""ChatGPT.exe"":{""MouseMode"":1},""chrome.exe"":{""MouseMode"":1},""Claude"":{""MouseMode"":1},""Crunchyroll.exe"":{""MouseMode"":1},""Disney.exe"":{""MouseMode"":1},""DSX.exe"":{""MouseMode"":1},""DuckDuckGo.exe"":{""MouseMode"":1},""EAappInstaller.exe"":{""MouseMode""..."
"GS.json|TRIGGERS","GS.json","/settings/v3.0/WindowsApps/GuidedSetup","TRIGGERS","d7aaa2d285212e2fbe5aa191068f800af84d24211ab2cd23d3b1bb3591091f7a","{""version"":1.0,""experiences"":[{""experience"":""GETSTARTED"",""variants"":[{""id"":""newDevice"",""navmesh"":""https://sdx.microsoft.com/frx/navigation/gsnewdevicesv2"",""triggers"":[{""type"":""MaxDaysSinceOobe"",""param"":30}]},{""id"":""oldDevice"",""navmesh"":""https://sdx.microsoft.com/frx/navigation/gsolddevicesv2"",""triggers"":[{""type"":""MinDaysSinceOobe"",""param"":30}]}]}]}"
"MicrosoftStore.json|AUTHTOKENREFRESHERMINAPPVERSION","MicrosoftStore.json","/settings/v3.0/SCC/MicrosoftStore","AUTHTOKENREFRESHERMINAPPVERSION","24b584646c4337c3ff722ca79ac0a867d5163ef0723cbce6e3e9088a16fef631","""22601.0.0.0"""
"MicrosoftStore.json|AUTHTOKENREFRESHERROLLOUTMODE","MicrosoftStore.json","/settings/v3.0/SCC/MicrosoftStore","AUTHTOKENREFRESHERROLLOUTMODE","0fe5d4fca98cb074ce94d1d2379054621431ee7542370250e4e8ebce0e386626","""Everyone100"""
"MicrosoftStore.json|ENABLEASYNCHARBORLICENSING","MicrosoftStore.json","/settings/v3.0/SCC/MicrosoftStore","ENABLEASYNCHARBORLICENSING","18d10c7d2b4b04aaf04254d1ae5d655a5dc0407cbcdd5a8c3986e985370f36ee","""true"""
"MicrosoftStore.json|ENABLEHTTPREQUESTEXPONENTIALBACKOFF","MicrosoftStore.json","/settings/v3.0/SCC/MicrosoftStore","ENABLEHTTPREQUESTEXPONENTIALBACKOFF","18d10c7d2b4b04aaf04254d1ae5d655a5dc0407cbcdd5a8c3986e985370f36ee","""true"""
"MicrosoftStore.json|HARBORFULLDOWNLOADPOLICY","MicrosoftStore.json","/settings/v3.0/SCC/MicrosoftStore","HARBORFULLDOWNLOADPOLICY","9b88c1587ce0657823c1e629644e9a4b5bd65b48d97e281c450fe583afc005ad","{""FallbackToWURules"":[{""HResults"":[""0x80073D01""],""Action"":""Block""},{""Action"":""Allow""}],""Rules"":[{""ProductIds"":[""9MWPM2CQNLHN"",""9PM860492SZD""],""Action"":""Block""},{""IsFree"":false,""Action"":""Block""},{""Action"":""Allow""}]}"
"MicrosoftStore.json|SERVICESTOPPER","MicrosoftStore.json","/settings/v3.0/SCC/MicrosoftStore","SERVICESTOPPER","2a84405e6dbd989a810a6bbd9286b1fc0519e55d169a493def893ae229dafab3","{""Disabled"":true}"
"MicrosoftStore.json|STOREEDGEHOSTNAMEROLLOUTMODE","MicrosoftStore.json","/settings/v3.0/SCC/MicrosoftStore","STOREEDGEHOSTNAMEROLLOUTMODE","391552c099c101b131feaf24c5795a6a15bc8ec82015424e0d2b4274a369a0bf","""1"""
"MicrosoftStore.json|STOREEXPERIENCETELEMETRYADDITIONALDATAENABLED","MicrosoftStore.json","/settings/v3.0/SCC/MicrosoftStore","STOREEXPERIENCETELEMETRYADDITIONALDATAENABLED","18d10c7d2b4b04aaf04254d1ae5d655a5dc0407cbcdd5a8c3986e985370f36ee","""true"""
"MicrosoftStore.json|STOREEXPERIENCETELEMETRYEXCLUSIVEEXECUTION","MicrosoftStore.json","/settings/v3.0/SCC/MicrosoftStore","STOREEXPERIENCETELEMETRYEXCLUSIVEEXECUTION","18d10c7d2b4b04aaf04254d1ae5d655a5dc0407cbcdd5a8c3986e985370f36ee","""true"""
"MicrosoftStore.json|STOREEXPERIENCETELEMETRYMINAPPVERSION","MicrosoftStore.json","/settings/v3.0/SCC/MicrosoftStore","STOREEXPERIENCETELEMETRYMINAPPVERSION","511f4ef1e9f3e4633b4730c3053777ffdfd993b3f33dc25d90ccc0f52ea48722","""22502.1400.0.0"""
"MicrosoftStore.json|TEST","MicrosoftStore.json","/settings/v3.0/SCC/MicrosoftStore","TEST","4d967a30111bf29f0eba01c448b375c1629b2fed01cdfcc3aed91f1b57d5dd5e","""test"""
"MicrosoftStore.json|UNIVERSALCOMPOSERMINAPPVERSION","MicrosoftStore.json","/settings/v3.0/SCC/MicrosoftStore","UNIVERSALCOMPOSERMINAPPVERSION","21768d995634a5eaa7a8426d1800fe62d9ba435b25a74de41879bb0296fa1225","""22605.1401.1.0"""
"NarratorScriptingPayload.json|MICROSOFTWINDOWS.NARRATOREXTENSION-WORD_CW5N1H2TXYEWY","NarratorScriptingPayload.json","/settings/v3.0/WindowsAccessibility/NarratorScripting","MICROSOFTWINDOWS.NARRATOREXTENSION-WORD_CW5N1H2TXYEWY","aeabef3cbef93d87f142b00f1df8894c583b4a68f140668b2b6daf8a2a6e567c","{""BigID"":""9N60TQ3DQ8RB""}"
"NarratorScriptingPayload.json|MICROSOFTWINDOWS.NARRATORSCRIPT.EXCEL_CW5N1H2TXYEWY","NarratorScriptingPayload.json","/settings/v3.0/WindowsAccessibility/NarratorScripting","MICROSOFTWINDOWS.NARRATORSCRIPT.EXCEL_CW5N1H2TXYEWY","f1cc8767fe481be0807aa06adae189ae97785e2bcf5124eef4f53eccc37e861d","{""BigID"":""9P85MTJ9MWZL""}"
"NarratorScriptingPayload.json|MICROSOFTWINDOWS.NARRATORSCRIPT.OUTLOOK_CW5N1H2TXYEWY","NarratorScriptingPayload.json","/settings/v3.0/WindowsAccessibility/NarratorScripting","MICROSOFTWINDOWS.NARRATORSCRIPT.OUTLOOK_CW5N1H2TXYEWY","27267280c928c93cc5634d5d018ea3fec831e4c5922fc7ddab7232f5a4a7d81e","{""BigID"":""9NGM2WS3L5M4""}"
"OpenWithStoreOptions.json|STOREOPTIONS","OpenWithStoreOptions.json","/settings/v3.0/WindowsDefaultSetting/OpenWith","STOREOPTIONS","5798fa8e97bc5640b766cc56c75af2d70822afd4d2a4963a5f1e7af53da55cc0","[{""Regions"":[""GB""],""Extensions"":["".mp4"","".jpg"","".html"","".mov"","".webp"","".ics"","".png"","".mp3"","".htm"","".eml"","".zip"","".jpeg"","".json"","".svg"","".docx"","".jar"","".wav"","".mkv"","".m4a"","".xhtml"","".xlsx"","".avi"","".xml"","".rar"","".wmv"","".md"","".txt"","".msg"","".apk"","".csv"","".avif"","".7z"","".py"","".doc"","".dwg"","".pptx"","".xls"","".psd"","".gif"","".bmp"","".tiff"","".heic"","".ico"","".ppt"","".rtf"","".log"","".js"","".css"","".iso"","".tar""],""AutoInstall"":0},{""Regions"":[""MX""],""Extensions"":["".mp4"","".jpg"","".html"","".mov"","".webp"","".ics"","".png"","".mp3"","".htm"","".eml"","".zip"","".jpeg"","".json"","".svg"","".docx"","".jar"","".wav"","".mkv"","".m4a"","".xhtml"","".xlsx"","".avi"","".xml"","".rar"","".wmv"","".md"","".txt"","".msg"","".apk"","".csv"","".avif"","".7z"","".py"","".doc"","".dwg"","".pptx"",..."
"RecycleAndTradeInConfig.json|SETTINGS","RecycleAndTradeInConfig.json","/settings/v3.0/Sustainability/RecycleAndTradeIn","SETTINGS","173f645fc1513aacbd7a29393c794c933c715e50cd8913aefeb3f87e38b11723","{""recycleUrl"":"""",""tradeinUrl"":"""",""enabled"":true}"
"SCCInstallService.json|DISABLEASYNCLICENSING","SCCInstallService.json","/settings/v3.0/SCC/InstallService","DISABLEASYNCLICENSING","98089e6d36f78e9766c9ea34d5acb3611f3a92cd81c5eb102095d924ffc7d08b","""0"""
"SCCInstallService.json|AUTHTOKENREFRESHERMINAPPVERSION","SCCInstallService.json","/settings/v3.0/SCC/InstallService","AUTHTOKENREFRESHERMINAPPVERSION","c44acde65084daf8b0042cba72c487e65596dcb4eea11a6ccf50d7570d5c2fff","""30000.0.0.0"""
"SCCInstallService.json|AUTHTOKENREFRESHERROLLOUTMODE","SCCInstallService.json","/settings/v3.0/SCC/InstallService","AUTHTOKENREFRESHERROLLOUTMODE","0fe5d4fca98cb074ce94d1d2379054621431ee7542370250e4e8ebce0e386626","""Everyone100"""
"SCCInstallService.json|AUTOUPDATEPAUSEFLAG","SCCInstallService.json","/settings/v3.0/SCC/InstallService","AUTOUPDATEPAUSEFLAG","391552c099c101b131feaf24c5795a6a15bc8ec82015424e0d2b4274a369a0bf","""1"""
"SCCInstallService.json|AUTOUPDATEPAUSEWIN10FLAG","SCCInstallService.json","/settings/v3.0/SCC/InstallService","AUTOUPDATEPAUSEWIN10FLAG","391552c099c101b131feaf24c5795a6a15bc8ec82015424e0d2b4274a369a0bf","""1"""
"SCCInstallService.json|BACKGROUNDUPDATEABORTEXCLUDEDERRORLIST","SCCInstallService.json","/settings/v3.0/SCC/InstallService","BACKGROUNDUPDATEABORTEXCLUDEDERRORLIST","ee5c09c915f8b8f5ff4bd3210588a407a18a19e3e3ae8377e9e11b02124d6cce","""0x80073d02"""
"SCCInstallService.json|BACKGROUNDUPDATECALLERLIST","SCCInstallService.json","/settings/v3.0/SCC/InstallService","BACKGROUNDUPDATECALLERLIST","f6f8a50159f669dd4225de500367dcf31295d36e91fe5af3f67556f30d360f2f","""[\""ScanForUpdates\"", \""ScanForUpdatesForUser\"", \""UsoClient\"", \""MoUpdateOrchestratorDeviceScan\"", \""MoUpdateOrchestratorUserScan\""]"""
"SCCInstallService.json|CHECKPOINTABANDONMENTRULES","SCCInstallService.json","/settings/v3.0/SCC/InstallService","CHECKPOINTABANDONMENTRULES","bdbff3e3e71ecd0ae4992d00bb750c4e055b88dea899a29efae791344a8d2054","[{""callerApplicationIdKeyword"":""WindowsStore"",""systemAttemptCountThreshold"":5,""creationTimestampThresholdInDays"":2},{""callerApplicationIdKeyword"":""MoUsoCoreWorker"",""systemAttemptCountThreshold"":2,""creationTimestampThresholdInDays"":2}]"
"SCCInstallService.json|CONCURRENTDEFAULTINSTALLS","SCCInstallService.json","/settings/v3.0/SCC/InstallService","CONCURRENTDEFAULTINSTALLS","a4aab3f1f08004e907d2357fafe74cab56359bcb32e23f52e7eb1d3a9c0a2ad3","""3"""
"SCCInstallService.json|CONCURRENTMININSTALLS","SCCInstallService.json","/settings/v3.0/SCC/InstallService","CONCURRENTMININSTALLS","a4aab3f1f08004e907d2357fafe74cab56359bcb32e23f52e7eb1d3a9c0a2ad3","""3"""
"SCCInstallService.json|DIRECTDOWNLOADENABLEMENTLIVECHECKTHRESHOLD","SCCInstallService.json","/settings/v3.0/SCC/InstallService","DIRECTDOWNLOADENABLEMENTLIVECHECKTHRESHOLD","6ed712c9861a45d9337c4be2723cf7b8d35431e3fea3fe552ed23799d5efeee7","""600000"""
"SCCInstallService.json|DIRECTDOWNLOADENABLEMENTSETTINGS","SCCInstallService.json","/settings/v3.0/SCC/InstallService","DIRECTDOWNLOADENABLEMENTSETTINGS","bd7901b48986c4066d10d58e0e0442340956fe22348a6ca54e0dd588ec13c431","[{""clientIds"":[],""hresults"":[],""regions"":[],""products"":[],""arches"":[],""installTypes"":[],""errorStages"":[""Install""],""listType"":""Disallowed""},{""clientIds"":[],""hresults"":[""0x00000000"",""0x80004004"",""0x80070032"",""0x8007029C"",""0x8007045B"",""0x80070520"",""0x80073CFB"",""0x80073CFF"",""0x80073D0A"",""0x80073D13"",""0x80073D19"",""0x80073D22"",""0x80240008"",""0x8024001E"",""0x80240066"",""0x803FB003"",""0x803FB015"",""0xC8000710"",""0x80073CF4"",""0x80073D01"",""0x8024500C"",""0x80070070"",""0x80073D21""],""regions"":[],""products"":[],""arches"":[],""installTypes"":[],""errorStages"":[],""listType"":""Disallowed""},{""clientIds"":[],""hresults"":[],""regions"":[],""products"":[""9PLRGHGXR4FM""],""arches"":[],""installTypes"":[""Install""],""errorStages"":[],""listTy..."
"SCCInstallService.json|DIRECTDOWNLOADENABLEMENTSTATE","SCCInstallService.json","/settings/v3.0/SCC/InstallService","DIRECTDOWNLOADENABLEMENTSTATE","762ef63cc681e5280dfa6ebf61628a8a54fb2900f583aee5f3ed8b455187bff0","""Fallback"""
"SCCInstallService.json|DIRECTDOWNLOADHTTPRETRYDELAYINMILLISECONDS","SCCInstallService.json","/settings/v3.0/SCC/InstallService","DIRECTDOWNLOADHTTPRETRYDELAYINMILLISECONDS","98089e6d36f78e9766c9ea34d5acb3611f3a92cd81c5eb102095d924ffc7d08b","""0"""
"SCCInstallService.json|DIRECTDOWNLOADHTTPRETRYENABLED","SCCInstallService.json","/settings/v3.0/SCC/InstallService","DIRECTDOWNLOADHTTPRETRYENABLED","391552c099c101b131feaf24c5795a6a15bc8ec82015424e0d2b4274a369a0bf","""1"""
"SCCInstallService.json|DIRECTDOWNLOADHTTPRETRYMAXATTEMPTS","SCCInstallService.json","/settings/v3.0/SCC/InstallService","DIRECTDOWNLOADHTTPRETRYMAXATTEMPTS","cc11310c456c3690d5a74c23aa31cc25b4e74cdae146c71e54ad9dbc1d109fde","""2"""
"SCCInstallService.json|DIRECTDOWNLOADHTTPRETRYSKIPERRORLIST","SCCInstallService.json","/settings/v3.0/SCC/InstallService","DIRECTDOWNLOADHTTPRETRYSKIPERRORLIST","95e32a05010b66c44129a510a7be58ed07895f2859659cbfb8a93d9d16759789","""0x80190191,0x80190193,0x80190194,0x80190195,0x8019019a,0x801901ad"""
"SCCInstallService.json|DISABLEINTERACTIVERESUMEALLOWDISALLOWLIST","SCCInstallService.json","/settings/v3.0/SCC/InstallService","DISABLEINTERACTIVERESUMEALLOWDISALLOWLIST","391552c099c101b131feaf24c5795a6a15bc8ec82015424e0d2b4274a369a0bf","""1"""
"SCCInstallService.json|DISABLEONESETTINGSREFRESH","SCCInstallService.json","/settings/v3.0/SCC/InstallService","DISABLEONESETTINGSREFRESH","98089e6d36f78e9766c9ea34d5acb3611f3a92cd81c5eb102095d924ffc7d08b","""0"""
"SCCInstallService.json|DISABLEUSOSTOREPROVIDER","SCCInstallService.json","/settings/v3.0/SCC/InstallService","DISABLEUSOSTOREPROVIDER","98089e6d36f78e9766c9ea34d5acb3611f3a92cd81c5eb102095d924ffc7d08b","""0"""
"SCCInstallService.json|DISABLEWUUPDATEID","SCCInstallService.json","/settings/v3.0/SCC/InstallService","DISABLEWUUPDATEID","98089e6d36f78e9766c9ea34d5acb3611f3a92cd81c5eb102095d924ffc7d08b","""0"""
"SCCInstallService.json|DOWNLOADSTUCKTHRESHOLDS","SCCInstallService.json","/settings/v3.0/SCC/InstallService","DOWNLOADSTUCKTHRESHOLDS","a842bc760078861aa07d57064d1d60b0d42ed8fcee6033b388236bd8ae1d6e1f","""[[0, 50, 60000], [50, 100, 120000], [100, 500, 300000], [500, -1, 600000]]\n"""
"SCCInstallService.json|ENABLEFILEHASHVALIDATION","SCCInstallService.json","/settings/v3.0/SCC/InstallService","ENABLEFILEHASHVALIDATION","cc11310c456c3690d5a74c23aa31cc25b4e74cdae146c71e54ad9dbc1d109fde","""2"""
"SCCInstallService.json|ENABLEGETENTITLEMENTIFNOTPRESENT","SCCInstallService.json","/settings/v3.0/SCC/InstallService","ENABLEGETENTITLEMENTIFNOTPRESENT","391552c099c101b131feaf24c5795a6a15bc8ec82015424e0d2b4274a369a0bf","""1"""
"SCCInstallService.json|ENABLEINTERACTIVERESUMEDISALLOWLIST","SCCInstallService.json","/settings/v3.0/SCC/InstallService","ENABLEINTERACTIVERESUMEDISALLOWLIST","391552c099c101b131feaf24c5795a6a15bc8ec82015424e0d2b4274a369a0bf","""1"""
"SCCInstallService.json|ENABLEPOLLDOWNLOADPROGRESS","SCCInstallService.json","/settings/v3.0/SCC/InstallService","ENABLEPOLLDOWNLOADPROGRESS","391552c099c101b131feaf24c5795a6a15bc8ec82015424e0d2b4274a369a0bf","""1"""
"SCCInstallService.json|ENABLEREPORTPROGRESSWHENDOWNLOADSIZEREADY","SCCInstallService.json","/settings/v3.0/SCC/InstallService","ENABLEREPORTPROGRESSWHENDOWNLOADSIZEREADY","98089e6d36f78e9766c9ea34d5acb3611f3a92cd81c5eb102095d924ffc7d08b","""0"""
"SCCInstallService.json|ENABLESFEDGEFALLBACK","SCCInstallService.json","/settings/v3.0/SCC/InstallService","ENABLESFEDGEFALLBACK","98089e6d36f78e9766c9ea34d5acb3611f3a92cd81c5eb102095d924ffc7d08b","""0"""
"SCCInstallService.json|EXCLUDEAPPIDLIST","SCCInstallService.json","/settings/v3.0/SCC/InstallService","EXCLUDEAPPIDLIST","c5d02f0f2628a5ba2c1b45931df08002ee3f1450e5f10da2426b0dad8bfb003a","""Microsoft.SecHealthUI_8wekyb3d8bbwe;Microsoft.Winget.Source_8wekyb3d8bbwe"""
"SCCInstallService.json|FIXINSTALLUNDERSYSTEMCONTEXT","SCCInstallService.json","/settings/v3.0/SCC/InstallService","FIXINSTALLUNDERSYSTEMCONTEXT","98089e6d36f78e9766c9ea34d5acb3611f3a92cd81c5eb102095d924ffc7d08b","""0"""
"SCCInstallService.json|FRAMEWORKPREUPDATEERRORLIST","SCCInstallService.json","/settings/v3.0/SCC/InstallService","FRAMEWORKPREUPDATEERRORLIST","34a8fa68c08ea80e02e9682d71d3cc1b1591578b7ae9950e6c69d644228b4e74","""0x80240008"""
"SCCInstallService.json|IMMEDIATERETRYACQUIRELICENSEDELAYINMILLISECONDS","SCCInstallService.json","/settings/v3.0/SCC/InstallService","IMMEDIATERETRYACQUIRELICENSEDELAYINMILLISECONDS","637116a317aaf00163e5ae8e254bd0fa5625603b98429d84f87e5c8c5240e350","""2000"""
"SCCInstallService.json|IMMEDIATERETRYACQUIRELICENSEERRORLIST","SCCInstallService.json","/settings/v3.0/SCC/InstallService","IMMEDIATERETRYACQUIRELICENSEERRORLIST","9a889b87cc6e786b3d9787db22fc498068661b1574433125e8df69edc8fdbca7","""0x800704cf;0x80072ee2;0x80072ee7;0x80072efe;0x80072f8f;0x80072efd;0x80070426;0x80860006;0xc0ea000a;0xc0020036;0x87e10bcf;0x8007023e;0x803f8001"""
"SCCInstallService.json|IMMEDIATERETRYDOWNLOADDELAYINMILLISECONDS","SCCInstallService.json","/settings/v3.0/SCC/InstallService","IMMEDIATERETRYDOWNLOADDELAYINMILLISECONDS","ea33dc847d962e75874bfed11cf65b69acebbfa3cabec313effeb7c8b4fc90e1","""1000"""
"SCCInstallService.json|IMMEDIATERETRYDOWNLOADERRORLIST","SCCInstallService.json","/settings/v3.0/SCC/InstallService","IMMEDIATERETRYDOWNLOADERRORLIST","fbdc363e486b2bd421cbf5312e41579a7885f71eec43942cdb41803d7ba6f294","""0x80d02017;0x80d02002;0x80240438;0x80240437;0x80d02013;0x80072f78;0x8024001e;0x80073cfe;0x80246017;0x80240439;0x80d02014;0x80d05011;0x80d03801;0x80244018;0x80244022;0x80246008;0x80240008;0x80d0681a;0x80244017;0x8024800c;0x8024402c;0x80248007;0x80246013;0x80d02014;0x8024401f;0x80d06809;0x800706ba;0x800706be;0x80073cf9;0x8007000d;0x80004002;0x80244007"""
"SCCInstallService.json|IMMEDIATERETRYFALLBACKDELAYINMILLISECONDS","SCCInstallService.json","/settings/v3.0/SCC/InstallService","IMMEDIATERETRYFALLBACKDELAYINMILLISECONDS","ea33dc847d962e75874bfed11cf65b69acebbfa3cabec313effeb7c8b4fc90e1","""1000"""
"SCCInstallService.json|IMMEDIATERETRYFALLBACKERRORLIST","SCCInstallService.json","/settings/v3.0/SCC/InstallService","IMMEDIATERETRYFALLBACKERRORLIST","8ab77743092be59960ee6eb0d110f99fecfa29e6e2fab094eaffbca13b7361a4","""0x803d000a;0x803d0014;0x803d0006;0x803d0010;0x80004005"""
"SCCInstallService.json|IMMEDIATERETRYINSTALLDELAYINMILLISECONDS","SCCInstallService.json","/settings/v3.0/SCC/InstallService","IMMEDIATERETRYINSTALLDELAYINMILLISECONDS","ea33dc847d962e75874bfed11cf65b69acebbfa3cabec313effeb7c8b4fc90e1","""1000"""
"SCCInstallService.json|IMMEDIATERETRYINSTALLERRORLIST","SCCInstallService.json","/settings/v3.0/SCC/InstallService","IMMEDIATERETRYINSTALLERRORLIST","70f0395a062a7388d985148297a204195668047ae62d404b5d16a89008c01006","""0x800706be;0x800706ba;0x80073cf9;0x80070002;0x80070005;0x80073cf6;0x80073d25"""
"SCCInstallService.json|IMMEDIATERETRYSCANDELAYINMILLISECONDS","SCCInstallService.json","/settings/v3.0/SCC/InstallService","IMMEDIATERETRYSCANDELAYINMILLISECONDS","ea33dc847d962e75874bfed11cf65b69acebbfa3cabec313effeb7c8b4fc90e1","""1000"""
"SCCInstallService.json|IMMEDIATERETRYSCANERRORLIST","SCCInstallService.json","/settings/v3.0/SCC/InstallService","IMMEDIATERETRYSCANERRORLIST","3c7d3c126bb26a8732f65ab75d4e72037a9a58f799c2444b91dd8f4cc0bcd192","""0x80240438;0x80248014;0x80072f8f;0x80072efe;0x80244022;0x80072ee2;0x80080005;0x800b0109;0x80072efd;0x8007041d;0x80244017;0x80240437;0x8024802a"""
"SCCInstallService.json|INTERACTIVEALLOWLIST","SCCInstallService.json","/settings/v3.0/SCC/InstallService","INTERACTIVEALLOWLIST","817cd705a84c1d5b99c266e233b12863f7fb8c61481dfd8a0b73655682fab61d","""Microsoft.WindowsStore_8wekyb3d8bbwe;StoreInstaller;RestoreDevice;AgentExecutor;IntuneWindowsAgent;AndrowsAssistant;placeholderTileTransformer_Activate"""
"SCCInstallService.json|INTERACTIVEALLOWLISTRESUME","SCCInstallService.json","/settings/v3.0/SCC/InstallService","INTERACTIVEALLOWLISTRESUME","88380652e7696ea828b5c23eedff29e52c1ad74a94f8c1132a2ee7d97a97ccac","""Microsoft.WindowsStore_8wekyb3d8bbwe-Resume;Microsoft.WindowsStore_8wekyb3d8bbwe-ResumeWithFlags"""
"SCCInstallService.json|INTERACTIVEALLOWLISTUPDATE","SCCInstallService.json","/settings/v3.0/SCC/InstallService","INTERACTIVEALLOWLISTUPDATE","e306e9d31323e2168ce3ee5cc249687a42b6dae82be6f15a15d04561d3015d3c","""Microsoft.WindowsStore_8wekyb3d8bbwe;StoreInstaller;SystemSettings;WhatsApp.Root;Microsoft.GamingApp_8wekyb3d8bbwe;Copilot;5319275A.WhatsAppDesktop_cv1g1gvanyjgm;Microsoft.WindowsAlarms_8wekyb3d8bbwe;Microsoft.MicrosoftStickyNotes_8wekyb3d8bbwe;Microsoft.Todos_8wekyb3d8bbwe;Microsoft.MicrosoftSolitaireCollection_8wekyb3d8bbwe"""
"SCCInstallService.json|INTERACTIVEDISALLOWLIST","SCCInstallService.json","/settings/v3.0/SCC/InstallService","INTERACTIVEDISALLOWLIST","3db83c04bf20a077072c5fa52931e1a5f37303b634c953e1b61ea0c6b03ccb72","""GamingServices;gamingservices;Microsoft.DesktopAppInstaller_8wekyb3d8bbwe;DSIC;CrossDevice;Widgets;UsoClient;Undetermined;svchost;microsoft.windowscommunicationsapps_8wekyb3d8bbwe;taskhostw;minecraft;WinGetCli-winget;MoUsoCoreWorker;WidgetBoard;SearchForUpdatesWithPausedAddAsync;Minecraft;setup;explorer;"""
"SCCInstallService.json|INTERACTIVEDISALLOWLISTRESUME","SCCInstallService.json","/settings/v3.0/SCC/InstallService","INTERACTIVEDISALLOWLISTRESUME","4e58531223faa3dc3b4f8811440599a3ae9374b65ef1bc02fefab3c5893501eb","""MoUsoCoreWorker"""
"SCCInstallService.json|INTERACTIVEDISALLOWLISTUPDATE","SCCInstallService.json","/settings/v3.0/SCC/InstallService","INTERACTIVEDISALLOWLISTUPDATE","455b6a8022ce656bca6d9faed3ee580a6e36bac306220bb9655f631f2c451342","""UsoClient;SystemSettings;CrossDeviceService;GamingService;MoUsoCoreWorker;MSPCManagerCore;Copilot;M365Copilot;ScanForUpdatesForUser;ScanForUpdates"""
"SCCInstallService.json|MANDATORYUPDATEALLOWED","SCCInstallService.json","/settings/v3.0/SCC/InstallService","MANDATORYUPDATEALLOWED","98089e6d36f78e9766c9ea34d5acb3611f3a92cd81c5eb102095d924ffc7d08b","""0"""
"SCCInstallService.json|MSIXVCARMSUPPORTENABLED","SCCInstallService.json","/settings/v3.0/SCC/InstallService","MSIXVCARMSUPPORTENABLED","391552c099c101b131feaf24c5795a6a15bc8ec82015424e0d2b4274a369a0bf","""1"""
"SCCInstallService.json|NETWORKISSUESERRORLIST","SCCInstallService.json","/settings/v3.0/SCC/InstallService","NETWORKISSUESERRORLIST","89c161c1403bc8064ce47880ceb71e051772b43305b80d0d5d73870a8eca1b98","""0x800704c6;0x800704cf;0x80072ee2;0x80072ee7;0x80072efd;0x80072efe;0x80072f7d;0x80072f8f;0x80190003;0x80240438;0x80244018;0x8024401c;0x8024401f;0x8024402c;0x80248014;0x80d02002;0x80d02013;0x80d02017"""
"SCCInstallService.json|OFFLINESHEDDINGEXEMPTLIST","SCCInstallService.json","/settings/v3.0/SCC/InstallService","OFFLINESHEDDINGEXEMPTLIST","c98f97b5ed648bb7ca83512af028e81641585c58c0d0dbdbdb1a40e1cea2cad0","""[\""Microsoft.WindowsStore_8wekyb3d8bbwe\"", \""StoreInstaller\"", \""ScanForUpdates\"", \""ScanForUpdatesForUser\"", \""UsoClient\"", \""MoUpdateOrchestratorDeviceScan\"", \""MoUpdateOrchestratorUserScan\""]"""
"SCCInstallService.json|ONLINESCANCOOLDOWNINMINUTES","SCCInstallService.json","/settings/v3.0/SCC/InstallService","ONLINESCANCOOLDOWNINMINUTES","f20e4586c63ba3b2c06a97c4e585acea4a2977c3d8d81dc2d1f2275439ad90a7","""30"""
"SCCInstallService.json|ONLINESCANSALLOWEDININTERVAL","SCCInstallService.json","/settings/v3.0/SCC/InstallService","ONLINESCANSALLOWEDININTERVAL","536549599ec6c3b859cd3970025779a13d061783c73e663fea7f963e98379aa8","""10"""
"SCCInstallService.json|ONLINESCANTIMEINTERVALINMINUTES","SCCInstallService.json","/settings/v3.0/SCC/InstallService","ONLINESCANTIMEINTERVALINMINUTES","a2f0c4303bd8b6ba7ff03d0589da63b16f558f14b13d94e22eb99d6b95710d9c","""1440"""
"SCCInstallService.json|PRESEARCHONLINESCANTHRESHOLDINMINUTES","SCCInstallService.json","/settings/v3.0/SCC/InstallService","PRESEARCHONLINESCANTHRESHOLDINMINUTES","391552c099c101b131feaf24c5795a6a15bc8ec82015424e0d2b4274a369a0bf","""1"""
"SCCInstallService.json|PRESEARCHUPDATEPACKAGEENABLED","SCCInstallService.json","/settings/v3.0/SCC/InstallService","PRESEARCHUPDATEPACKAGEENABLED","391552c099c101b131feaf24c5795a6a15bc8ec82015424e0d2b4274a369a0bf","""1"""
"SCCInstallService.json|PRODUCTCATALOGURL","SCCInstallService.json","/settings/v3.0/SCC/InstallService","PRODUCTCATALOGURL","d409ab495080a2b7ace4609631b4d6697d75eaf7ac5844e3fd2dacaf08edcb2d","""https://fe3cr.delivery.mp.microsoft.com/ClientWebService/client.asmx/secured"""
"SCCInstallService.json|PURCHASERATELIMITATTEMPTCOOLDOWNTIME","SCCInstallService.json","/settings/v3.0/SCC/InstallService","PURCHASERATELIMITATTEMPTCOOLDOWNTIME","a29c711daee5cd5d9027fe8cbf4e2c116b0c09a9db736da0f01fac3f9d2ae73a","""86400000"""
"SCCInstallService.json|PURCHASERATELIMITATTEMPTSALLOWEDPERKEY","SCCInstallService.json","/settings/v3.0/SCC/InstallService","PURCHASERATELIMITATTEMPTSALLOWEDPERKEY","d10a4bc9e0c1fa4e8f3d7ce2512b8756e47ca5fa451f373c39a1431bb88db49f","""5"""
"SCCInstallService.json|PURCHASERATELIMITATTEMPTSALLOWEDTOTAL","SCCInstallService.json","/settings/v3.0/SCC/InstallService","PURCHASERATELIMITATTEMPTSALLOWEDTOTAL","cad9e1bcc89d0640e1379437b9c9a8b021e7411c515b53a15d89f8439dafedf0","""200"""
"SCCInstallService.json|PURCHASERATELIMITENABLED","SCCInstallService.json","/settings/v3.0/SCC/InstallService","PURCHASERATELIMITENABLED","391552c099c101b131feaf24c5795a6a15bc8ec82015424e0d2b4274a369a0bf","""1"""
"SCCInstallService.json|PURCHASERATELIMITSERVERERRORCOOLDOWNTIME","SCCInstallService.json","/settings/v3.0/SCC/InstallService","PURCHASERATELIMITSERVERERRORCOOLDOWNTIME","fcf26a47e261ceee5f27331c0ef8e6be0fcb979e60bf6e3b342547f9584f3de7","""1800000"""
"SCCInstallService.json|PURCHASERATELIMITSUCCESSCOOLDOWNTIME","SCCInstallService.json","/settings/v3.0/SCC/InstallService","PURCHASERATELIMITSUCCESSCOOLDOWNTIME","a29c711daee5cd5d9027fe8cbf4e2c116b0c09a9db736da0f01fac3f9d2ae73a","""86400000"""
"SCCInstallService.json|QUEUESTUCKTHRESHOLDINSECONDS","SCCInstallService.json","/settings/v3.0/SCC/InstallService","QUEUESTUCKTHRESHOLDINSECONDS","471d33a541ec6d90f7c1969fe2c243c0fe144bc6d18ad3b2ff80ce54e8e9563c","""7200"""
"SCCInstallService.json|RESTORECOMPATIBILITYHOSTURL","SCCInstallService.json","/settings/v3.0/SCC/InstallService","RESTORECOMPATIBILITYHOSTURL","3ceea2b87cb71ecb65495bffde8ff1eac84ada94875455d0a647e15fbf3b5100","""https://storeedgefd.dsx.mp.microsoft.com/v9.0/osrestore"""
"SCCInstallService.json|SCHEDULEDRETRYINTERVALINMINS","SCCInstallService.json","/settings/v3.0/SCC/InstallService","SCHEDULEDRETRYINTERVALINMINS","f2d46e44a6c393926dcc0a7e4b75badde76a2d4168279e9ed9dccb40959d2080","""240"""
"SCCInstallService.json|SFEDGEFALLBACKENDPOINTURL","SCCInstallService.json","/settings/v3.0/SCC/InstallService","SFEDGEFALLBACKENDPOINTURL","c5f8384e45d0b96de5848c8095d8b47bf01686cefbade0685835babea530d834","""https://packageretrieval-gthdggdsd6g6bme6.westus2-01.azurewebsites.net/"""
"SCCInstallService.json|SFEDGEFALLBACKSKIPERRORLIST","SCCInstallService.json","/settings/v3.0/SCC/InstallService","SFEDGEFALLBACKSKIPERRORLIST","8d82154caa9d5882eae40c97492858f7bf6e8217c7e447f5338e22c9ec5db707","""0x80070520"""
"SCCInstallService.json|SHOULDTRIGGERWUSCANERRORLIST","SCCInstallService.json","/settings/v3.0/SCC/InstallService","SHOULDTRIGGERWUSCANERRORLIST","431030e7acc643daf127ed1e4f2599cd615c761677a3bf98f80262e4681182c3","""0x80246019"""
"SCCInstallService.json|STORECONFIGURATIONSETSTOREWEBACCOUNTIDFIX","SCCInstallService.json","/settings/v3.0/SCC/InstallService","STORECONFIGURATIONSETSTOREWEBACCOUNTIDFIX","391552c099c101b131feaf24c5795a6a15bc8ec82015424e0d2b4274a369a0bf","""1"""
"SCCInstallService.json|STOREEDGEHOSTNAMEROLLOUTMODE","SCCInstallService.json","/settings/v3.0/SCC/InstallService","STOREEDGEHOSTNAMEROLLOUTMODE","a4aab3f1f08004e907d2357fafe74cab56359bcb32e23f52e7eb1d3a9c0a2ad3","""3"""
"SCCInstallService.json|STOREEXPERIENCETELEMETRYMINAPPVERSION","SCCInstallService.json","/settings/v3.0/SCC/InstallService","STOREEXPERIENCETELEMETRYMINAPPVERSION","511f4ef1e9f3e4633b4730c3053777ffdfd993b3f33dc25d90ccc0f52ea48722","""22502.1400.0.0"""
"SCCInstallService.json|SYSTEMCOMPONENTLIST","SCCInstallService.json","/settings/v3.0/SCC/InstallService","SYSTEMCOMPONENTLIST","19cf960591e0544e9ea28295f29d0b459cf4fb2a6cd045f7552bb2a69f648ba2",""" Microsoft.DesktopAppInstaller_8wekyb3d8bbwe"""
"SCCInstallService.json|TENCENTUNINSTALLFLAG","SCCInstallService.json","/settings/v3.0/SCC/InstallService","TENCENTUNINSTALLFLAG","98089e6d36f78e9766c9ea34d5acb3611f3a92cd81c5eb102095d924ffc7d08b","""0"""
"SCCInstallService.json|UOMAXIMUMBLOCKEDINMINUTES","SCCInstallService.json","/settings/v3.0/SCC/InstallService","UOMAXIMUMBLOCKEDINMINUTES","75c1c16d11686941a8cec06cefdb8581a6862633a895eb60f45fe66d8c4383cb","""2880"""
"SpeechToTextPayload.json|DA-DK","SpeechToTextPayload.json","/settings/v3.0/WindowsAccessibility/SpeechToText","DA-DK","9ec1ad488a802a9c903bd4a40db6632141d3b439e656d8e2652722246b539c58","{""CPU"":""MicrosoftWindows.Speech.da-DK.1_cw5n1h2txyewy"",""CPU_Size"":103,""QCOM"":""MicrosoftWindows.Speech.da-DK.qcom.1_cw5n1h2txyewy"",""QCOM_Size"":103,""LiveCaptions"":true,""VoiceTyping"":false}"
"SpeechToTextPayload.json|DE-DE","SpeechToTextPayload.json","/settings/v3.0/WindowsAccessibility/SpeechToText","DE-DE","5fb3f31b3d869362e76e843089ed85968e548044e328fa511a994ba7fc040867","{""CPU"":""MicrosoftWindows.Speech.de-DE.1_cw5n1h2txyewy"",""CPU_Size"":115,""QCOM"":""MicrosoftWindows.Speech.de-DE.qcom.1_cw5n1h2txyewy"",""QCOM_Size"":115,""LiveCaptions"":true,""VoiceTyping"":true}"
"SpeechToTextPayload.json|EN-AU","SpeechToTextPayload.json","/settings/v3.0/WindowsAccessibility/SpeechToText","EN-AU","5187b47b6e998264e078ce3780d339b52f1f9278092a59ba83189a8725250baa","{""CPU"":""MicrosoftWindows.Speech.en-AU.1_cw5n1h2txyewy"",""CPU_Size"":82,""QCOM"":""MicrosoftWindows.Speech.en-AU.qcom.1_cw5n1h2txyewy"",""QCOM_Size"":82,""LiveCaptions"":true,""VoiceTyping"":true}"
"SpeechToTextPayload.json|EN-CA","SpeechToTextPayload.json","/settings/v3.0/WindowsAccessibility/SpeechToText","EN-CA","3b27541c1a94a7a0a23beeb98bde3b7a7d205ae7ca191e0893fe0d80cdb0efdc","{""CPU"":""MicrosoftWindows.Speech.en-CA.1_cw5n1h2txyewy"",""CPU_Size"":82,""QCOM"":""MicrosoftWindows.Speech.en-CA.qcom.1_cw5n1h2txyewy"",""QCOM_Size"":82,""LiveCaptions"":true,""VoiceTyping"":true}"
"SpeechToTextPayload.json|EN-GB","SpeechToTextPayload.json","/settings/v3.0/WindowsAccessibility/SpeechToText","EN-GB","24da5ed5e80e9a5ff9f74354920139e59181fda4365a073bf97e5697ef59346b","{""CPU"":""MicrosoftWindows.Speech.en-GB.1_cw5n1h2txyewy"",""CPU_Size"":82,""QCOM"":""MicrosoftWindows.Speech.en-GB.qcom.1_cw5n1h2txyewy"",""QCOM_Size"":82,""LiveCaptions"":true,""VoiceTyping"":true}"
"SpeechToTextPayload.json|EN-IE","SpeechToTextPayload.json","/settings/v3.0/WindowsAccessibility/SpeechToText","EN-IE","3e4b153a9d77e6effc6322a120ecea7a86f58bb9919692512452a9dc94bce80b","{""CPU"":""MicrosoftWindows.Speech.en-IE.1_cw5n1h2txyewy"",""CPU_Size"":147,""QCOM"":""MicrosoftWindows.Speech.en-IE.qcom.1_cw5n1h2txyewy"",""QCOM_Size"":147,""LiveCaptions"":true,""VoiceTyping"":false}"
"SpeechToTextPayload.json|EN-IN","SpeechToTextPayload.json","/settings/v3.0/WindowsAccessibility/SpeechToText","EN-IN","444605ed6151d3372bdc152147013c9ac0921bd3f421e0b3d32ec695efc2400a","{""CPU"":""MicrosoftWindows.Speech.en-IN.1_cw5n1h2txyewy"",""CPU_Size"":80,""QCOM"":""MicrosoftWindows.Speech.en-IN.qcom.1_cw5n1h2txyewy"",""QCOM_Size"":80,""LiveCaptions"":true,""VoiceTyping"":true}"
"SpeechToTextPayload.json|EN-NZ","SpeechToTextPayload.json","/settings/v3.0/WindowsAccessibility/SpeechToText","EN-NZ","59f06c91f3fb184ab590909388be9aa1cefa973f41b194c4552aaca1ce39436f","{""CPU"":""MicrosoftWindows.Speech.en-NZ.1_cw5n1h2txyewy"",""CPU_Size"":82,""QCOM"":""MicrosoftWindows.Speech.en-NZ.qcom.1_cw5n1h2txyewy"",""QCOM_Size"":82,""LiveCaptions"":true,""VoiceTyping"":true}"
"SpeechToTextPayload.json|EN-US","SpeechToTextPayload.json","/settings/v3.0/WindowsAccessibility/SpeechToText","EN-US","82d7a21468f520fc57ed3e0d61b8209b551c648dea4c7aef93569e3836523f2f","{""CPU"":""MicrosoftWindows.Speech.en-US.1_cw5n1h2txyewy"",""CPU_Size"":102,""QCOM"":""MicrosoftWindows.Speech.en-US.qcom.1_cw5n1h2txyewy"",""QCOM_Size"":240,""LiveCaptions"":true,""VoiceTyping"":true}"
"SpeechToTextPayload.json|ES-ES","SpeechToTextPayload.json","/settings/v3.0/WindowsAccessibility/SpeechToText","ES-ES","571c3baec2ea5ef05c6b0a28eb3e337eb59abd6f79a94fceff1476459b9d27c3","{""CPU"":""MicrosoftWindows.Speech.es-ES.1_cw5n1h2txyewy"",""CPU_Size"":79,""QCOM"":""MicrosoftWindows.Speech.es-ES.qcom.1_cw5n1h2txyewy"",""QCOM_Size"":79,""LiveCaptions"":true,""VoiceTyping"":true}"
"SpeechToTextPayload.json|ES-MX","SpeechToTextPayload.json","/settings/v3.0/WindowsAccessibility/SpeechToText","ES-MX","0fcc18d361c57d10e6469aa42647edae9f8ceb5ed224c40a626ffb19c876feb8","{""CPU"":""MicrosoftWindows.Speech.es-MX.1_cw5n1h2txyewy"",""CPU_Size"":90,""QCOM"":""MicrosoftWindows.Speech.es-MX.qcom.1_cw5n1h2txyewy"",""QCOM_Size"":90,""LiveCaptions"":true,""VoiceTyping"":true}"
"SpeechToTextPayload.json|FR-CA","SpeechToTextPayload.json","/settings/v3.0/WindowsAccessibility/SpeechToText","FR-CA","dd4131d236dbee346fa9440c219656d6f80b7bfc16a3e36bba4011d215bf838e","{""CPU"":""MicrosoftWindows.Speech.fr-CA.1_cw5n1h2txyewy"",""CPU_Size"":154,""QCOM"":""MicrosoftWindows.Speech.fr-CA.qcom.1_cw5n1h2txyewy"",""QCOM_Size"":154,""LiveCaptions"":true,""VoiceTyping"":false}"
"SpeechToTextPayload.json|FR-FR","SpeechToTextPayload.json","/settings/v3.0/WindowsAccessibility/SpeechToText","FR-FR","d491ed077fcb0ebe1e63b91a9e3f8cb3b16eb82a2c370b73577d8d7b0fbeda4e","{""CPU"":""MicrosoftWindows.Speech.fr-FR.1_cw5n1h2txyewy"",""CPU_Size"":82,""QCOM"":""MicrosoftWindows.Speech.fr-FR.qcom.1_cw5n1h2txyewy"",""QCOM_Size"":82,""LiveCaptions"":true,""VoiceTyping"":true}"
"SpeechToTextPayload.json|IT-IT","SpeechToTextPayload.json","/settings/v3.0/WindowsAccessibility/SpeechToText","IT-IT","f805fe9a0fe2f3d8c3fb3639678e686f3cf61d3c7128900c5dcf651bcc443f2d","{""CPU"":""MicrosoftWindows.Speech.it-IT.1_cw5n1h2txyewy"",""CPU_Size"":85,""QCOM"":""MicrosoftWindows.Speech.it-IT.qcom.1_cw5n1h2txyewy"",""QCOM_Size"":85,""LiveCaptions"":true,""VoiceTyping"":true}"
"SpeechToTextPayload.json|JA-JP","SpeechToTextPayload.json","/settings/v3.0/WindowsAccessibility/SpeechToText","JA-JP","8cc8fb69bc749651997f3637aa2c52ca67cc81582cfee6f846fed81007dd6c11","{""CPU"":""MicrosoftWindows.Speech.ja-JP.1_cw5n1h2txyewy"",""CPU_Size"":75,""QCOM"":""MicrosoftWindows.Speech.ja-JP.qcom.1_cw5n1h2txyewy"",""QCOM_Size"":75,""LiveCaptions"":true,""VoiceTyping"":false}"
"SpeechToTextPayload.json|KO-KR","SpeechToTextPayload.json","/settings/v3.0/WindowsAccessibility/SpeechToText","KO-KR","c48d52a5a525fc5b24b11957406853df06446a6e7dbffbcff89ffbada4a09c39","{""CPU"":""MicrosoftWindows.Speech.ko-KR.1_cw5n1h2txyewy"",""CPU_Size"":96,""QCOM"":""MicrosoftWindows.Speech.ko-KR.qcom.1_cw5n1h2txyewy"",""QCOM_Size"":96,""LiveCaptions"":true,""VoiceTyping"":false}"
"SpeechToTextPayload.json|PT-BR","SpeechToTextPayload.json","/settings/v3.0/WindowsAccessibility/SpeechToText","PT-BR","2d39eec743eeaa8418353d4e3377e8708303350921606e5d319037801e115cd4","{""CPU"":""MicrosoftWindows.Speech.pt-BR.1_cw5n1h2txyewy"",""CPU_Size"":77,""QCOM"":""MicrosoftWindows.Speech.pt-BR.qcom.1_cw5n1h2txyewy"",""QCOM_Size"":77,""LiveCaptions"":true,""VoiceTyping"":true}"
"SpeechToTextPayload.json|PT-PT","SpeechToTextPayload.json","/settings/v3.0/WindowsAccessibility/SpeechToText","PT-PT","6b5773a8eed91c437be16808fe5a0ffbb187e16f44a2eb242166a887616a5147","{""CPU"":""MicrosoftWindows.Speech.pt-PT.1_cw5n1h2txyewy"",""CPU_Size"":86,""QCOM"":""MicrosoftWindows.Speech.pt-PT.qcom.1_cw5n1h2txyewy"",""QCOM_Size"":86,""LiveCaptions"":true,""VoiceTyping"":false}"
"SpeechToTextPayload.json|ZH-CN","SpeechToTextPayload.json","/settings/v3.0/WindowsAccessibility/SpeechToText","ZH-CN","dc9ac8fb203c4def8bdba36f350ba52b0559e4a78dba8de312b04e7339bd3cc6","{""CPU"":""MicrosoftWindows.Speech.zh-CN.1_cw5n1h2txyewy"",""CPU_Size"":90,""QCOM"":""MicrosoftWindows.Speech.zh-CN.qcom.1_cw5n1h2txyewy"",""QCOM_Size"":90,""LiveCaptions"":true,""VoiceTyping"":false}"
"SpeechToTextPayload.json|ZH-HK","SpeechToTextPayload.json","/settings/v3.0/WindowsAccessibility/SpeechToText","ZH-HK","0a68030580a6c0adb9841a1d547351fdad4fb3f82a317bbdbbfeea75d92216b0","{""CPU"":""MicrosoftWindows.Speech.zh-HK.1_cw5n1h2txyewy"",""CPU_Size"":86,""QCOM"":""MicrosoftWindows.Speech.zh-HK.qcom.1_cw5n1h2txyewy"",""QCOM_Size"":86,""LiveCaptions"":true,""VoiceTyping"":false}"
"SpeechToTextPayload.json|ZH-TW","SpeechToTextPayload.json","/settings/v3.0/WindowsAccessibility/SpeechToText","ZH-TW","cf34c4a05ec8e1405f88cf3de8217654e47abe4872ceebab6d780b893b636378","{""CPU"":""MicrosoftWindows.Speech.zh-TW.1_cw5n1h2txyewy"",""CPU_Size"":86,""QCOM"":"" MicrosoftWindows.Speech.zh-TW.qcom.1_cw5n1h2txyewy"",""QCOM_Size"":86,""LiveCaptions"":true,""VoiceTyping"":false}"
"StorageGroveler.json|DEFAULT_SCANCOOLDOWNHOURS","StorageGroveler.json","/settings/v3.0/Storage/StorageGroveler","DEFAULT_SCANCOOLDOWNHOURS","b7a56873cd771f2c446d369b649430b65a756ba278ff97ec81bb6f55b2e73569","25"
"StorageGroveler.json|DEFAULT_SCANENABLED","StorageGroveler.json","/settings/v3.0/Storage/StorageGroveler","DEFAULT_SCANENABLED","b5bea41b6c623f7c09f1bf24dcae58ebab3c0cdd90ad966bc43a45b44867e12b","true"
"StorageGroveler.json|SCANLIST","StorageGroveler.json","/settings/v3.0/Storage/StorageGroveler","SCANLIST","f31557fa0683202548e93180a275616f072706330ea354e71f6ac48cd7557ce4","[{""ScanName"":""WinDir"",""SharedSettings"":{""ScanEnabled"":false}},{""ScanName"":""AppData"",""SharedSettings"":{""ScanEnabled"":false}},{""ScanName"":""ProgramData"",""SharedSettings"":{""ScanEnabled"":false}},{""ScanName"":""FilesMetadata"",""SharedSettings"":{""ScanEnabled"":false}}]"
"StorageGroveler.json|SCANLISTLENGTH","StorageGroveler.json","/settings/v3.0/Storage/StorageGroveler","SCANLISTLENGTH","4b227777d4dd1fc61c6f884f48641d02b4d121d3fd328cb08b5531fcacdabf8a","4"
"SustainabilityConfig.json|GRIDINTENSITY","SustainabilityConfig.json","/settings/v3.0/Sustainability/CarbonAwareOS","GRIDINTENSITY","1b100797f8410e55ecc11e17724b8a7c8899c5e9ef46df4626b02dca001ed17c","{""zone"":""NEXUS_NL"",""expirationDate"":""2026-06-14T00:00:00"",""zoneExpirationDays"":30,""confidence"":1.0,""apiVersion"":1,""timespan"":60,""dailyIntensityList"":[{""date"":""2026-06-07T00:00:00"",""carbonIntensity"":[1.0,0.96086917320349841,0.80623929312054821,0.77928049770083851,0.48994680371472366,0.10287620593273829,0.084753403660625753,0.088450094671355159,0.083491118925254709,0.016139211973672345,0.015327743215219538,0.0,0.0067622396537733338,0.11757280678027229,0.21819493282841945,0.31629248940582461,0.69299431971869074,0.828870255161843,0.83635380037868545,0.84573077269858454,0.84960779010008114,0.85582905058155279,0.76900189342710312,0.87512397439365253]},{""date"":""2026-06-08T00:00:00"",""carbonIntensity..."
"TextToSpeechPayload.json|VOICELIST","TextToSpeechPayload.json","/settings/v3.0/WindowsAccessibility/TextToSpeech","VOICELIST","2a397b9d0439c03104ecd0d77cef991fe3b133424946bb1666ff13ae09d61c3b","{""de"":{""DE"":{""Conrad"":{""voiceshortname"":""Conrad"",""voicefullname"":""Microsoft Conrad (Natural) - German (Germany)"",""size"":""13.4 MB"",""voicetype"":""Male"",""preview"":""true""},""Katja"":{""voiceshortname"":""Katja"",""voicefullname"":""Microsoft Katja (Natural) - German (Germany)"",""size"":""13.4 MB"",""voicetype"":""Female"",""preview"":""true""}}},""en"":{""GB"":{""Ryan"":{""voiceshortname"":""Ryan"",""voicefullname"":""Microsoft Ryan (Natural) - English (United Kingdom)"",""size"":""20.1 MB"",""voicetype"":""Male"",""preview"":""true""},""Sonia"":{""voiceshortname"":""Sonia"",""voicefullname"":""Microsoft Sonia (Natural) - English (United Kingdom)"",""size"":""20.1 MB"",""voicetype"":""Female"",""preview"":""true""}},""IN"":{""Neerja"":{""voiceshortname"":""Neerja"",""voice..."
"UnexpectedCodepathLogging.json|CONFIG","UnexpectedCodepathLogging.json","/settings/v3.0/WSD/UnexpectedCodepathLogging2","CONFIG","d936a922304dfe087e19fcc9afe0eb1601f618e213f39bf5afcdb3cdad39c4e6","{""DATA"":[{""Id"":50121191,""CodePathIndex"":1,""ErrorCode"":3221225485,""SearchFlag"":1,""IsDumpCollect"":false,""SkipEventLogging"":true},{""Id"":2024,""CodePathIndex"":4,""ErrorCode"":5,""SearchFlag"":1,""IsDumpCollect"":true,""SkipEventLogging"":false},{""Id"":123456,""CodePathIndex"":4,""ErrorCode"":5,""SearchFlag"":1,""IsDumpCollect"":true,""SkipEventLogging"":true}]}"
"UsoSettings.json|SUPPORTSTHIRDPARTYEXPEDITE","UsoSettings.json","/settings/v3.0/WSD/Muse","SUPPORTSTHIRDPARTYEXPEDITE","18d10c7d2b4b04aaf04254d1ae5d655a5dc0407cbcdd5a8c3986e985370f36ee","""true"""
"UsoSettings.json|STOREPROVIDER_SCANSLAINMINS","UsoSettings.json","/settings/v3.0/WSD/Muse","STOREPROVIDER_SCANSLAINMINS","75c1c16d11686941a8cec06cefdb8581a6862633a895eb60f45fe66d8c4383cb","""2880"""
"UsoSettings.json|OOBEEXPEDITEALLOWEDUPDATERS","UsoSettings.json","/settings/v3.0/WSD/Muse","OOBEEXPEDITEALLOWEDUPDATERS","4a21da4b23ac192607a6744b004e7c60521e772f010b519371bc712753fb8942","[""EdgeUpdate"",""IA"",""OfficeClickToRun"",""LXP"",""TFLUpdate"",""OutlookUpdate"",""DevHomeUpdate"",""CrossDeviceUpdate""]"
"UsoSettings.json|STOREBIZCRITICALAPPS","UsoSettings.json","/settings/v3.0/WSD/Muse","STOREBIZCRITICALAPPS","99456e944a65e766ca4f6a0e69a3731c1e4c03544bd0e31f2368d30b38ce2a1d","[{""pfn"":""Microsoft.windowsstore_8wekyb3d8bbwe"",""forcerestart"":false,""sendrestartnotification"":false},{""pfn"":""MicrosoftWindows.Client.WebExperience_cw5n1h2txyewy"",""forcerestart"":false,""sendrestartnotification"":true},{""pfn"":""Microsoft.Windows.Photos_8wekyb3d8bbwe"",""forcerestart"":false,""sendrestartnotification"":false},{""pfn"":""Microsoft.ScreenSketch_8wekyb3d8bbwe"",""forcerestart"":false,""sendrestartnotification"":false},{""pfn"":""Microsoft.Paint_8wekyb3d8bbwe"",""forcerestart"":false,""sendrestartnotification"":false},{""pfn"":""Microsoft.WindowsNotepad_8wekyb3d8bbwe"",""forcerestart"":false,""sendrestartnotification"":false},{""pfn"":""Microsoft.ImageGenerationExtension_8wekyb3d8bbwe"",""forcerestart"":false,""sendrest..."
"UsoSettings.json|UNIVERSALORCHESTRATORUPDATERSARRAY","UsoSettings.json","/settings/v3.0/WSD/Muse","UNIVERSALORCHESTRATORUPDATERSARRAY","d03d84d855cdbfae64196afbd471d87076f02e404c3e6f1d80d31c8fe8a5dd37","[{""updaterId"":""IA"",""updaterPriority"":9,""updaterOOBEDurationInMinutes"":7200,""updaterBehindSlaInDays"":2},{""updaterId"":""OfficeClickToRun"",""updaterPriority"":10,""updaterOOBEDurationInMinutes"":15,""updaterBehindSlaInDays"":2}]"
"UsoSettings.json|ISSMARTBUSYCHECKAPPLICABLE","UsoSettings.json","/settings/v3.0/WSD/Muse","ISSMARTBUSYCHECKAPPLICABLE","98089e6d36f78e9766c9ea34d5acb3611f3a92cd81c5eb102095d924ffc7d08b","""0"""
"UsoSettings.json|LEGACYUOPROVIDERACTION_SUSTAINABLEDEFERRALALLOWED","UsoSettings.json","/settings/v3.0/WSD/Muse","LEGACYUOPROVIDERACTION_SUSTAINABLEDEFERRALALLOWED","18d10c7d2b4b04aaf04254d1ae5d655a5dc0407cbcdd5a8c3986e985370f36ee","""true"""
"UusSettings.json|EXCLUSIONS","UusSettings.json","/settings/v3.0/WSD/UUS","EXCLUSIONS","c9d0e86e07473232f7153944296989d131bcc881159c2de8dde37b311bf2d1d1","[""1023.201.1012.0"",""121.511.1.0"",""1023.413.2122.0"",""1022.1108.2012.0""]"
"WaaSAssessmentSettings.json|10.0.26200.1","WaaSAssessmentSettings.json","/settings/v3.0/WSD/WAASASSESSMENT","10.0.26200.1","195d1a2839cc2777b883c3d23c39628e6ae1557f5beb7bb50f3ab494f58bea25","""134037252000000000"""
"WaaSAssessmentSettings.json|10.0.26200.6901","WaaSAssessmentSettings.json","/settings/v3.0/WSD/WAASASSESSMENT","10.0.26200.6901","30bae98f12422af15c849c262e077311a3e0113c155cb683744dcf3523513c8e","""134054676000000000"""
"WaaSAssessmentSettings.json|10.0.26200.7015","WaaSAssessmentSettings.json","/settings/v3.0/WSD/WAASASSESSMENT","10.0.26200.7015","30bae98f12422af15c849c262e077311a3e0113c155cb683744dcf3523513c8e","""134054676000000000"""
"WaaSAssessmentSettings.json|10.0.26200.7019","WaaSAssessmentSettings.json","/settings/v3.0/WSD/WAASASSESSMENT","10.0.26200.7019","30bae98f12422af15c849c262e077311a3e0113c155cb683744dcf3523513c8e","""134054676000000000"""
"WaaSAssessmentSettings.json|10.0.26200.7296","WaaSAssessmentSettings.json","/settings/v3.0/WSD/WAASASSESSMENT","10.0.26200.7296","30bae98f12422af15c849c262e077311a3e0113c155cb683744dcf3523513c8e","""134054676000000000"""
"WaaSAssessmentSettings.json|10.0.26200.7309","WaaSAssessmentSettings.json","/settings/v3.0/WSD/WAASASSESSMENT","10.0.26200.7309","30bae98f12422af15c849c262e077311a3e0113c155cb683744dcf3523513c8e","""134054676000000000"""
"WaaSAssessmentSettings.json|10.0.26200.7623","WaaSAssessmentSettings.json","/settings/v3.0/WSD/WAASASSESSMENT","10.0.26200.7623","3ce0a4645f84159a9aa80f851cea8adf3931394a1114b5dbcd6e4b600b6979b7","""134128008000000000"""
"WaaSAssessmentSettings.json|10.0.26200.7627","WaaSAssessmentSettings.json","/settings/v3.0/WSD/WAASASSESSMENT","10.0.26200.7627","3ce0a4645f84159a9aa80f851cea8adf3931394a1114b5dbcd6e4b600b6979b7","""134128008000000000"""
"WaaSAssessmentSettings.json|10.0.26200.7628","WaaSAssessmentSettings.json","/settings/v3.0/WSD/WAASASSESSMENT","10.0.26200.7628","3ce0a4645f84159a9aa80f851cea8adf3931394a1114b5dbcd6e4b600b6979b7","""134128008000000000"""
"WaaSAssessmentSettings.json|10.0.26200.7634","WaaSAssessmentSettings.json","/settings/v3.0/WSD/WAASASSESSMENT","10.0.26200.7634","66e2cf82a2f6b682466ea32ab2f1b35b57e0939777a1b01cc49e25f985c8bcc4","""134137662000000000"""
"WaaSAssessmentSettings.json|10.0.26200.7701","WaaSAssessmentSettings.json","/settings/v3.0/WSD/WAASASSESSMENT","10.0.26200.7701","66e2cf82a2f6b682466ea32ab2f1b35b57e0939777a1b01cc49e25f985c8bcc4","""134137662000000000"""
"WaaSAssessmentSettings.json|10.0.26200.7705","WaaSAssessmentSettings.json","/settings/v3.0/WSD/WAASASSESSMENT","10.0.26200.7705","66e2cf82a2f6b682466ea32ab2f1b35b57e0939777a1b01cc49e25f985c8bcc4","""134137662000000000"""
"WaaSAssessmentSettings.json|10.0.26200.7781","WaaSAssessmentSettings.json","/settings/v3.0/WSD/WAASASSESSMENT","10.0.26200.7781","80174d84d68487b05fadb549173139ae052f5ac72a4f54ac0123705d17cb07fe","""134152200000000000"""
"WaaSAssessmentSettings.json|10.0.26200.7840","WaaSAssessmentSettings.json","/settings/v3.0/WSD/WAASASSESSMENT","10.0.26200.7840","80174d84d68487b05fadb549173139ae052f5ac72a4f54ac0123705d17cb07fe","""134152200000000000"""
"WaaSAssessmentSettings.json|10.0.26200.7899","WaaSAssessmentSettings.json","/settings/v3.0/WSD/WAASASSESSMENT","10.0.26200.7899","80174d84d68487b05fadb549173139ae052f5ac72a4f54ac0123705d17cb07fe","""134152200000000000"""
"WaaSAssessmentSettings.json|10.0.26200.7918","WaaSAssessmentSettings.json","/settings/v3.0/WSD/WAASASSESSMENT","10.0.26200.7918","80174d84d68487b05fadb549173139ae052f5ac72a4f54ac0123705d17cb07fe","""134152200000000000"""
"WaaSAssessmentSettings.json|10.0.26200.7921","WaaSAssessmentSettings.json","/settings/v3.0/WSD/WAASASSESSMENT","10.0.26200.7921","80174d84d68487b05fadb549173139ae052f5ac72a4f54ac0123705d17cb07fe","""134152200000000000"""
"WaaSAssessmentSettings.json|10.0.26200.7922","WaaSAssessmentSettings.json","/settings/v3.0/WSD/WAASASSESSMENT","10.0.26200.7922","80174d84d68487b05fadb549173139ae052f5ac72a4f54ac0123705d17cb07fe","""134152200000000000"""
"WaaSAssessmentSettings.json|10.0.26200.7979","WaaSAssessmentSettings.json","/settings/v3.0/WSD/WAASASSESSMENT","10.0.26200.7979","c0720b63fc6ce5c5987a0c9d9c9e28e60c4875b5f2d05c1d786f42efb3b740ad","""134176356000000000"""
"WaaSAssessmentSettings.json|10.0.26200.7982","WaaSAssessmentSettings.json","/settings/v3.0/WSD/WAASASSESSMENT","10.0.26200.7982","4a3649ac35d7491b30ba39cfd74d9bfb56e8561a79dfcff2152ef6430ee00acd","""134179020000000000"""
"WaaSAssessmentSettings.json|10.0.26200.7984","WaaSAssessmentSettings.json","/settings/v3.0/WSD/WAASASSESSMENT","10.0.26200.7984","646afaf837d3870568759477069982c2228a8303d8482214efa38d5f94115218","""134181684000000000"""
"WaaSAssessmentSettings.json|10.0.26200.7985","WaaSAssessmentSettings.json","/settings/v3.0/WSD/WAASASSESSMENT","10.0.26200.7985","b3514b715840c99c71399615b2290ad670210103d895773269484384d8ebaa5c","""134187732000000000"""
"WaaSAssessmentSettings.json|10.0.26200.8037","WaaSAssessmentSettings.json","/settings/v3.0/WSD/WAASASSESSMENT","10.0.26200.8037","c0720b63fc6ce5c5987a0c9d9c9e28e60c4875b5f2d05c1d786f42efb3b740ad","""134176356000000000"""
"WaaSAssessmentSettings.json|10.0.26200.8039","WaaSAssessmentSettings.json","/settings/v3.0/WSD/WAASASSESSMENT","10.0.26200.8039","646afaf837d3870568759477069982c2228a8303d8482214efa38d5f94115218","""134181684000000000"""
"WaaSAssessmentSettings.json|10.0.26200.8106","WaaSAssessmentSettings.json","/settings/v3.0/WSD/WAASASSESSMENT","10.0.26200.8106","c0720b63fc6ce5c5987a0c9d9c9e28e60c4875b5f2d05c1d786f42efb3b740ad","""134176356000000000"""
"WaaSAssessmentSettings.json|10.0.26200.8116","WaaSAssessmentSettings.json","/settings/v3.0/WSD/WAASASSESSMENT","10.0.26200.8116","b3514b715840c99c71399615b2290ad670210103d895773269484384d8ebaa5c","""134187732000000000"""
"WaaSAssessmentSettings.json|10.0.26200.8117","WaaSAssessmentSettings.json","/settings/v3.0/WSD/WAASASSESSMENT","10.0.26200.8117","b3514b715840c99c71399615b2290ad670210103d895773269484384d8ebaa5c","""134187732000000000"""
"WaaSAssessmentSettings.json|10.0.26200.8246","WaaSAssessmentSettings.json","/settings/v3.0/WSD/WAASASSESSMENT","10.0.26200.8246","a8c71f6b5bdce0aa57ef26c28ffd2fd65b08c4f1aea656d6b25d776c4824219d","""134206596000000000"""
"WaaSAssessmentSettings.json|10.0.26200.8313","WaaSAssessmentSettings.json","/settings/v3.0/WSD/WAASASSESSMENT","10.0.26200.8313","a8c71f6b5bdce0aa57ef26c28ffd2fd65b08c4f1aea656d6b25d776c4824219d","""134206596000000000"""
"WaaSAssessmentSettings.json|10.0.26200.8328","WaaSAssessmentSettings.json","/settings/v3.0/WSD/WAASASSESSMENT","10.0.26200.8328","a8c71f6b5bdce0aa57ef26c28ffd2fd65b08c4f1aea656d6b25d776c4824219d","""134206596000000000"""
"WaaSAssessmentSettings.json|10.0.26200.8390","WaaSAssessmentSettings.json","/settings/v3.0/WSD/WAASASSESSMENT","10.0.26200.8390","603e5764e94f5b60dfeda8a98866bb5417f357cf19f2f12fd9ed83768b091b9c","""134230788000000000"""
"WaaSAssessmentSettings.json|10.0.26200.8457","WaaSAssessmentSettings.json","/settings/v3.0/WSD/WAASASSESSMENT","10.0.26200.8457","603e5764e94f5b60dfeda8a98866bb5417f357cf19f2f12fd9ed83768b091b9c","""134230788000000000"""
"WaaSAssessmentSettings.json|10.0.26200.8514","WaaSAssessmentSettings.json","/settings/v3.0/WSD/WAASASSESSMENT","10.0.26200.8514","603e5764e94f5b60dfeda8a98866bb5417f357cf19f2f12fd9ed83768b091b9c","""134230788000000000"""
"WaaSAssessmentSettings.json|10.0.26200.8521","WaaSAssessmentSettings.json","/settings/v3.0/WSD/WAASASSESSMENT","10.0.26200.8521","603e5764e94f5b60dfeda8a98866bb5417f357cf19f2f12fd9ed83768b091b9c","""134230788000000000"""
"WaaSAssessmentSettings.json|10.0.26200.8524","WaaSAssessmentSettings.json","/settings/v3.0/WSD/WAASASSESSMENT","10.0.26200.8524","603e5764e94f5b60dfeda8a98866bb5417f357cf19f2f12fd9ed83768b091b9c","""134230788000000000"""
"WaaSAssessmentSettings.json|10.0.26200.RTM","WaaSAssessmentSettings.json","/settings/v3.0/WSD/WAASASSESSMENT","10.0.26200.RTM","4cc3f4aca1c1ee72dd5bef5fe18ee011a9f38bf2a98c9a70fb3da9a91e0ed3b2","""10.0.26200.1"""
"WaaSAssessmentSettings.json|10.0.26200.SB","WaaSAssessmentSettings.json","/settings/v3.0/WSD/WAASASSESSMENT","10.0.26200.SB","115a6536bac4af5f3d338a03cb69486455002b531b2519d218207cb2fd8676f0","""10.0.26200.7623"""
"WaaSAssessmentSettings.json|CURRENT","WaaSAssessmentSettings.json","/settings/v3.0/WSD/WAASASSESSMENT","CURRENT","3e2f3533fc4e7ad7fb070b3d5b95e9ea8b72b77f2470eaa4d7b223cf8894ea43","""10.0.28000.2179"""
"WaaSAssessmentSettings.json|DISABLEASSESSMENT","WaaSAssessmentSettings.json","/settings/v3.0/WSD/WAASASSESSMENT","DISABLEASSESSMENT","98089e6d36f78e9766c9ea34d5acb3611f3a92cd81c5eb102095d924ffc7d08b","""0"""
"WaaSAssessmentSettings.json|DOSSIERTIMESTAMP","WaaSAssessmentSettings.json","/settings/v3.0/WSD/WAASASSESSMENT","DOSSIERTIMESTAMP","8fabee29cfcac954b04cae14b35b16325f5aba2149725ea6667d805c5981a3ae","""134243415071273040"""
"WaaSAssessmentSettings.json|IMPACTFEATUREPOLICYHIGH","WaaSAssessmentSettings.json","/settings/v3.0/WSD/WAASASSESSMENT","IMPACTFEATUREPOLICYHIGH","a76c84eb73a7eedc5a5b8889f914f1facd2ab014a8b7ebd72dc8c121cc654b60","""120"""
"WaaSAssessmentSettings.json|IMPACTFEATUREPOLICYLOW","WaaSAssessmentSettings.json","/settings/v3.0/WSD/WAASASSESSMENT","IMPACTFEATUREPOLICYLOW","68fec0473e988a1ef1c13c4f9b9a15cc67de203de8be796ce82ae4fd7b158e64","""60"""
"WaaSAssessmentSettings.json|IMPACTFEATUREPOLICYMEDIUM","WaaSAssessmentSettings.json","/settings/v3.0/WSD/WAASASSESSMENT","IMPACTFEATUREPOLICYMEDIUM","c05204d076c56077c0cd2d1debe7ed7147d7f36e28e64ff2f22e21db5cf7aab6","""90"""
"WaaSAssessmentSettings.json|IMPACTQUALITYPOLICYHIGH","WaaSAssessmentSettings.json","/settings/v3.0/WSD/WAASASSESSMENT","IMPACTQUALITYPOLICYHIGH","68fec0473e988a1ef1c13c4f9b9a15cc67de203de8be796ce82ae4fd7b158e64","""60"""
"WaaSAssessmentSettings.json|IMPACTQUALITYPOLICYLOW","WaaSAssessmentSettings.json","/settings/v3.0/WSD/WAASASSESSMENT","IMPACTQUALITYPOLICYLOW","4bf17f4cd842cc1812f81a696010ee962c1c6f4db784a26b47cfde3144db8ae4","""35"""
"WaaSAssessmentSettings.json|IMPACTQUALITYPOLICYMEDIUM","WaaSAssessmentSettings.json","/settings/v3.0/WSD/WAASASSESSMENT","IMPACTQUALITYPOLICYMEDIUM","2eecac45827ede372449b7bd78a82139db639d810ebce98caef91e5d1a2fe422","""45"""
"WaaSAssessmentSettings.json|LATESTBUILDS","WaaSAssessmentSettings.json","/settings/v3.0/WSD/WAASASSESSMENT","LATESTBUILDS","9eaca9a0e3db3bc60bb6e15c8f323fd98877ced2dbf46f40487a946c81d40b04","""10.0.26200.8390,10.0.26200.8457,10.0.28000.1"""
"WaaSAssessmentSettings.json|LATESTSECURITYBUILDS","WaaSAssessmentSettings.json","/settings/v3.0/WSD/WAASASSESSMENT","LATESTSECURITYBUILDS","9eaca9a0e3db3bc60bb6e15c8f323fd98877ced2dbf46f40487a946c81d40b04","""10.0.26200.8390,10.0.26200.8457,10.0.28000.1"""
"WaaSAssessmentSettings.json|RESTRICTION","WaaSAssessmentSettings.json","/settings/v3.0/WSD/WAASASSESSMENT","RESTRICTION","98089e6d36f78e9766c9ea34d5acb3611f3a92cd81c5eb102095d924ffc7d08b","""0"""
"WaaSAssessmentSettings.json|UNSUPPORTEDBUILDS","WaaSAssessmentSettings.json","/settings/v3.0/WSD/WAASASSESSMENT","UNSUPPORTEDBUILDS","03091d605ba0cafdfa2d21835ec1ab8bf17e7b4b8060cfa08a2d3b7488b71371","""0.0.0"""
"WaaSAssessmentSettings.json|UPTODATE","WaaSAssessmentSettings.json","/settings/v3.0/WSD/WAASASSESSMENT","UPTODATE","c6162b2431c34643317de4c0b9f2f6a3553d653d4cc531f5efcfb95a55e32f04","""10.0.26200.8457"""
"WaaSAssessmentSettings.json|0.0.0","WaaSAssessmentSettings.json","/settings/v3.0/WSD/WAASASSESSMENT","0.0.0","6a77f2e88fb9f01428642a91d0728a98de2e3f05d49167fe9567b2dec93cc315","""131412672000000000"""
"WaaSAssessmentSettings.json|0.0.0.0","WaaSAssessmentSettings.json","/settings/v3.0/WSD/WAASASSESSMENT","0.0.0.0","6a77f2e88fb9f01428642a91d0728a98de2e3f05d49167fe9567b2dec93cc315","""131412672000000000"""
"WaaSAssessmentSettings.json|0.0.0.RTM","WaaSAssessmentSettings.json","/settings/v3.0/WSD/WAASASSESSMENT","0.0.0.RTM","e0a6a6ab2be86a1dad637df83e7965ac3392559fa1bf3f779def64669ddf3c53","""0.0.0.0"""
"WaaSAssessmentSettings.json|0.0.0.SB","WaaSAssessmentSettings.json","/settings/v3.0/WSD/WAASASSESSMENT","0.0.0.SB","e0a6a6ab2be86a1dad637df83e7965ac3392559fa1bf3f779def64669ddf3c53","""0.0.0.0"""
"WaaSAssessmentSettings.json|10.0.0.EOS","WaaSAssessmentSettings.json","/settings/v3.0/WSD/WAASASSESSMENT","10.0.0.EOS","a62172c18bf4d331b97e513c579d35fbd4d252d1ff6b0c6380334fbfb3df6d16","""157469472000000000"""
"WaaSAssessmentSettings.json|ZZZ:SPECIALSET","WaaSAssessmentSettings.json","/settings/v3.0/WSD/WAASASSESSMENT","ZZZ:SPECIALSET","391552c099c101b131feaf24c5795a6a15bc8ec82015424e0d2b4274a369a0bf","""1"""
"WhesvcExtendedSettings.json|LEAK_PROCESS_SETTINGS","WhesvcExtendedSettings.json","/settings/v3.0/FunExp/WhesvcExtendedSettings","LEAK_PROCESS_SETTINGS","3769564e6618b285978d2d80adf018c16bad74d8c2494ad1a343f711a4a6e868","{""explorer.exe"":{""min_mem"":1717567488}}"
"WhesvcModuleSettings.json|BUILTIN:||SCENARIO|INPUT_DELAYS","WhesvcModuleSettings.json","/settings/v3.0/FunExp/WhesvcModuleSettings","BUILTIN:||SCENARIO|INPUT_DELAYS","5d4b8a9d47eca0e7fa0c51da3824cd3dd8be60faee52c81f51d799dae2f461c7","{""trace_info"":{""trace_timeout_seconds"":3600,""time_window_in_hours"":72,""session_instance_name"":""Windiag""},""trace_profile_info"":{""profile_type"":""data/gtp"",""id"":""GTP+CPI+BAM+Defender.Verbose.Memory"",""merge_id"":""TraceMerge_Default""},""cluster_info"":{""num_delay_threshold"":20,""time_window_in_sec"":30}}"
"WhesvcModuleSettings.json|BUILTIN:||SCENARIO|NOISY_FAN","WhesvcModuleSettings.json","/settings/v3.0/FunExp/WhesvcModuleSettings","BUILTIN:||SCENARIO|NOISY_FAN","59e2e18b6bf8284c7cee03452dd568bc322d370528aeaa2be19d1c033e1b8730","{""polling_frequency_ms"":900000,""dist_to_polling_ms"":30000}"
"WhesvcModuleSettings.json|BUILTIN:||SCENARIO|RTSMON","WhesvcModuleSettings.json","/settings/v3.0/FunExp/WhesvcModuleSettings","BUILTIN:||SCENARIO|RTSMON","20fd79049d595a7129250df6ea776c2176bca7692dd0cea9ce9f63028c227ea4","{""disabled_modules"":{""builtin://scenario/svc_start_stop"":true}}"
"WhesvcModuleSettings.json|BUILTIN:||SCENARIO|SVC_START_STOP","WhesvcModuleSettings.json","/settings/v3.0/FunExp/WhesvcModuleSettings","BUILTIN:||SCENARIO|SVC_START_STOP","5a6405bce13ef0b53637f157caa2e7bed90fe490146b890550860e838e7f955f","{""service_pending_timeout_sec"":60,""default_trace_timeout_sec"":80}"
